// Validating benchmarks:
// ***** BenchmarkRunner: Start   *****
// ***** Found 17 benchmark(s) in total *****
// ***** Building 1 exe(s) in Parallel: Start   *****
// start dotnet  restore /p:UseSharedCompilation=false /p:BuildInParallel=false /m:1 /p:Deterministic=true /p:Optimize=true /p:IntermediateOutputPath="E:\dev\Herald.OSS\benchmarking\comparisons\net10\herald\bin\Release\net10.0\39a2256e-60fa-4d30-974a-7a369d9cdb55\obj\Release\net10.0/" /p:OutDir="E:\dev\Herald.OSS\benchmarking\comparisons\net10\herald\bin\Release\net10.0\39a2256e-60fa-4d30-974a-7a369d9cdb55\bin\Release\net10.0/" /p:OutputPath="E:\dev\Herald.OSS\benchmarking\comparisons\net10\herald\bin\Release\net10.0\39a2256e-60fa-4d30-974a-7a369d9cdb55\bin\Release\net10.0/" in E:\dev\Herald.OSS\benchmarking\comparisons\net10\herald\bin\Release\net10.0\39a2256e-60fa-4d30-974a-7a369d9cdb55
// command took 1.5 sec and exited with 0
// start dotnet  build -c Release --no-restore /p:UseSharedCompilation=false /p:BuildInParallel=false /m:1 /p:Deterministic=true /p:Optimize=true /p:IntermediateOutputPath="E:\dev\Herald.OSS\benchmarking\comparisons\net10\herald\bin\Release\net10.0\39a2256e-60fa-4d30-974a-7a369d9cdb55\obj\Release\net10.0/" /p:OutDir="E:\dev\Herald.OSS\benchmarking\comparisons\net10\herald\bin\Release\net10.0\39a2256e-60fa-4d30-974a-7a369d9cdb55\bin\Release\net10.0/" /p:OutputPath="E:\dev\Herald.OSS\benchmarking\comparisons\net10\herald\bin\Release\net10.0\39a2256e-60fa-4d30-974a-7a369d9cdb55\bin\Release\net10.0/" --output "E:\dev\Herald.OSS\benchmarking\comparisons\net10\herald\bin\Release\net10.0\39a2256e-60fa-4d30-974a-7a369d9cdb55\bin\Release\net10.0/" in E:\dev\Herald.OSS\benchmarking\comparisons\net10\herald\bin\Release\net10.0\39a2256e-60fa-4d30-974a-7a369d9cdb55
// command took 12.62 sec and exited with 0
// ***** Done, took 00:00:33 (33.36 sec)   *****
// Found 3 benchmarks:
//   RealSinkBenchmarks.Herald_FourProps_NullSink: DefaultJob
//   RealSinkBenchmarks.Herald_FourProps_MemorySink: DefaultJob
//   RealSinkBenchmarks.Herald_FourProps_FileSink: DefaultJob

Setup power plan (GUID: 8c5e7fda-e8bf-4a96-9a85-a6e23a8c635c FriendlyName: High performance)
// **************************
// Benchmark: RealSinkBenchmarks.Herald_FourProps_NullSink: DefaultJob
// *** Execute ***
// Launch: 1 / 1
// Execute: dotnet 39a2256e-60fa-4d30-974a-7a369d9cdb55.dll --anonymousPipes 50504 50500 --benchmarkName MMP.Herald.OSS.Benchmarks.Comparisons.HeraldRow.RealSinkBenchmarks.Herald_FourProps_NullSink --job Default --benchmarkId 0 in E:\dev\Herald.OSS\benchmarking\comparisons\net10\herald\bin\Release\net10.0\39a2256e-60fa-4d30-974a-7a369d9cdb55\bin\Release\net10.0
// BeforeAnythingElse

// Benchmark Process Environment Information:
// BenchmarkDotNet v0.14.0
// Runtime=.NET 10.0.8 (10.0.826.23019), X64 RyuJIT AVX2
// GC=Concurrent Server
// HardwareIntrinsics=AVX2,AES,BMI1,BMI2,FMA,LZCNT,PCLMUL,POPCNT,AvxVnni,SERIALIZE VectorSize=256
// Job: DefaultJob

OverheadJitting  1: 1 op, 210300.00 ns, 210.3000 us/op
WorkloadJitting  1: 1 op, 2143700.00 ns, 2.1437 ms/op

OverheadJitting  2: 16 op, 163300.00 ns, 10.2063 us/op
WorkloadJitting  2: 16 op, 211300.00 ns, 13.2063 us/op

WorkloadPilot    1: 16 op, 7700.00 ns, 481.2500 ns/op
WorkloadPilot    2: 32 op, 11000.00 ns, 343.7500 ns/op
WorkloadPilot    3: 64 op, 13000.00 ns, 203.1250 ns/op
WorkloadPilot    4: 128 op, 21900.00 ns, 171.0938 ns/op
WorkloadPilot    5: 256 op, 39400.00 ns, 153.9063 ns/op
WorkloadPilot    6: 512 op, 68700.00 ns, 134.1797 ns/op
WorkloadPilot    7: 1024 op, 128300.00 ns, 125.2930 ns/op
WorkloadPilot    8: 2048 op, 247700.00 ns, 120.9473 ns/op
WorkloadPilot    9: 4096 op, 488600.00 ns, 119.2871 ns/op
WorkloadPilot   10: 8192 op, 1018600.00 ns, 124.3408 ns/op
WorkloadPilot   11: 16384 op, 2056800.00 ns, 125.5371 ns/op
WorkloadPilot   12: 32768 op, 4444100.00 ns, 135.6232 ns/op
WorkloadPilot   13: 65536 op, 7813200.00 ns, 119.2200 ns/op
WorkloadPilot   14: 131072 op, 15533100.00 ns, 118.5081 ns/op
WorkloadPilot   15: 262144 op, 31036900.00 ns, 118.3964 ns/op
WorkloadPilot   16: 524288 op, 60863600.00 ns, 116.0881 ns/op
WorkloadPilot   17: 1048576 op, 94032100.00 ns, 89.6760 ns/op
WorkloadPilot   18: 2097152 op, 67805000.00 ns, 32.3319 ns/op
WorkloadPilot   19: 4194304 op, 139984200.00 ns, 33.3748 ns/op
WorkloadPilot   20: 8388608 op, 275215900.00 ns, 32.8083 ns/op
WorkloadPilot   21: 16777216 op, 609619900.00 ns, 36.3362 ns/op

OverheadWarmup   1: 16777216 op, 32274500.00 ns, 1.9237 ns/op
OverheadWarmup   2: 16777216 op, 32554800.00 ns, 1.9404 ns/op
OverheadWarmup   3: 16777216 op, 32467100.00 ns, 1.9352 ns/op
OverheadWarmup   4: 16777216 op, 32420100.00 ns, 1.9324 ns/op
OverheadWarmup   5: 16777216 op, 32337300.00 ns, 1.9275 ns/op
OverheadWarmup   6: 16777216 op, 33322600.00 ns, 1.9862 ns/op
OverheadWarmup   7: 16777216 op, 32776100.00 ns, 1.9536 ns/op

OverheadActual   1: 16777216 op, 32537100.00 ns, 1.9394 ns/op
OverheadActual   2: 16777216 op, 32042700.00 ns, 1.9099 ns/op
OverheadActual   3: 16777216 op, 32049600.00 ns, 1.9103 ns/op
OverheadActual   4: 16777216 op, 32158000.00 ns, 1.9168 ns/op
OverheadActual   5: 16777216 op, 32277200.00 ns, 1.9239 ns/op
OverheadActual   6: 16777216 op, 32187200.00 ns, 1.9185 ns/op
OverheadActual   7: 16777216 op, 32511200.00 ns, 1.9378 ns/op
OverheadActual   8: 16777216 op, 32849100.00 ns, 1.9580 ns/op
OverheadActual   9: 16777216 op, 30057900.00 ns, 1.7916 ns/op
OverheadActual  10: 16777216 op, 25279600.00 ns, 1.5068 ns/op
OverheadActual  11: 16777216 op, 25120700.00 ns, 1.4973 ns/op
OverheadActual  12: 16777216 op, 25214200.00 ns, 1.5029 ns/op
OverheadActual  13: 16777216 op, 25288300.00 ns, 1.5073 ns/op
OverheadActual  14: 16777216 op, 25168600.00 ns, 1.5002 ns/op
OverheadActual  15: 16777216 op, 27076000.00 ns, 1.6139 ns/op
OverheadActual  16: 16777216 op, 25156400.00 ns, 1.4994 ns/op
OverheadActual  17: 16777216 op, 25450100.00 ns, 1.5169 ns/op
OverheadActual  18: 16777216 op, 25451000.00 ns, 1.5170 ns/op
OverheadActual  19: 16777216 op, 25501300.00 ns, 1.5200 ns/op
OverheadActual  20: 16777216 op, 25157000.00 ns, 1.4995 ns/op

WorkloadWarmup   1: 16777216 op, 547726600.00 ns, 32.6470 ns/op
WorkloadWarmup   2: 16777216 op, 550495400.00 ns, 32.8121 ns/op
WorkloadWarmup   3: 16777216 op, 565934800.00 ns, 33.7323 ns/op
WorkloadWarmup   4: 16777216 op, 553010300.00 ns, 32.9620 ns/op
WorkloadWarmup   5: 16777216 op, 578190400.00 ns, 34.4628 ns/op
WorkloadWarmup   6: 16777216 op, 625903300.00 ns, 37.3067 ns/op
WorkloadWarmup   7: 16777216 op, 564250000.00 ns, 33.6319 ns/op

// BeforeActualRun
WorkloadActual   1: 16777216 op, 571898800.00 ns, 34.0878 ns/op
WorkloadActual   2: 16777216 op, 562180400.00 ns, 33.5086 ns/op
WorkloadActual   3: 16777216 op, 549950500.00 ns, 32.7796 ns/op
WorkloadActual   4: 16777216 op, 576579200.00 ns, 34.3668 ns/op
WorkloadActual   5: 16777216 op, 574429800.00 ns, 34.2387 ns/op
WorkloadActual   6: 16777216 op, 554150500.00 ns, 33.0299 ns/op
WorkloadActual   7: 16777216 op, 557498900.00 ns, 33.2295 ns/op
WorkloadActual   8: 16777216 op, 572651400.00 ns, 34.1327 ns/op
WorkloadActual   9: 16777216 op, 566686900.00 ns, 33.7772 ns/op
WorkloadActual  10: 16777216 op, 571118300.00 ns, 34.0413 ns/op
WorkloadActual  11: 16777216 op, 573651900.00 ns, 34.1923 ns/op
WorkloadActual  12: 16777216 op, 556708500.00 ns, 33.1824 ns/op
WorkloadActual  13: 16777216 op, 562697800.00 ns, 33.5394 ns/op
WorkloadActual  14: 16777216 op, 556020200.00 ns, 33.1414 ns/op
WorkloadActual  15: 16777216 op, 547356200.00 ns, 32.6250 ns/op

// AfterActualRun
WorkloadResult   1: 16777216 op, 545610150.00 ns, 32.5209 ns/op
WorkloadResult   2: 16777216 op, 535891750.00 ns, 31.9416 ns/op
WorkloadResult   3: 16777216 op, 523661850.00 ns, 31.2127 ns/op
WorkloadResult   4: 16777216 op, 550290550.00 ns, 32.7999 ns/op
WorkloadResult   5: 16777216 op, 548141150.00 ns, 32.6718 ns/op
WorkloadResult   6: 16777216 op, 527861850.00 ns, 31.4630 ns/op
WorkloadResult   7: 16777216 op, 531210250.00 ns, 31.6626 ns/op
WorkloadResult   8: 16777216 op, 546362750.00 ns, 32.5658 ns/op
WorkloadResult   9: 16777216 op, 540398250.00 ns, 32.2102 ns/op
WorkloadResult  10: 16777216 op, 544829650.00 ns, 32.4744 ns/op
WorkloadResult  11: 16777216 op, 547363250.00 ns, 32.6254 ns/op
WorkloadResult  12: 16777216 op, 530419850.00 ns, 31.6155 ns/op
WorkloadResult  13: 16777216 op, 536409150.00 ns, 31.9725 ns/op
WorkloadResult  14: 16777216 op, 529731550.00 ns, 31.5745 ns/op
WorkloadResult  15: 16777216 op, 521067550.00 ns, 31.0580 ns/op
// GC:  0 0 0 1696 16777216
// Threading:  0 0 16777216

// AfterAll
// Benchmark Process 75840 has exited with code 0.

Mean = 32.025 ns, StdErr = 0.148 ns (0.46%), N = 15, StdDev = 0.572 ns
Min = 31.058 ns, Q1 = 31.595 ns, Median = 31.972 ns, Q3 = 32.543 ns, Max = 32.800 ns
IQR = 0.948 ns, LowerFence = 30.172 ns, UpperFence = 33.966 ns
ConfidenceInterval = [31.413 ns; 32.636 ns] (CI 99.9%), Margin = 0.611 ns (1.91% of Mean)
Skewness = -0.18, Kurtosis = 1.47, MValue = 2

// ** Remained 16 (94.1%) benchmark(s) to run. Estimated finish 2026-05-18 5:51 (0h 4m from now) **
Setup power plan (GUID: 8c5e7fda-e8bf-4a96-9a85-a6e23a8c635c FriendlyName: High performance)
// **************************
// Benchmark: RealSinkBenchmarks.Herald_FourProps_MemorySink: DefaultJob
// *** Execute ***
// Launch: 1 / 1
// Execute: dotnet 39a2256e-60fa-4d30-974a-7a369d9cdb55.dll --anonymousPipes 13092 54112 --benchmarkName MMP.Herald.OSS.Benchmarks.Comparisons.HeraldRow.RealSinkBenchmarks.Herald_FourProps_MemorySink --job Default --benchmarkId 1 in E:\dev\Herald.OSS\benchmarking\comparisons\net10\herald\bin\Release\net10.0\39a2256e-60fa-4d30-974a-7a369d9cdb55\bin\Release\net10.0
// BeforeAnythingElse

// Benchmark Process Environment Information:
// BenchmarkDotNet v0.14.0
// Runtime=.NET 10.0.8 (10.0.826.23019), X64 RyuJIT AVX2
// GC=Concurrent Server
// HardwareIntrinsics=AVX2,AES,BMI1,BMI2,FMA,LZCNT,PCLMUL,POPCNT,AvxVnni,SERIALIZE VectorSize=256
// Job: DefaultJob

OverheadJitting  1: 1 op, 203700.00 ns, 203.7000 us/op
WorkloadJitting  1: 1 op, 2027400.00 ns, 2.0274 ms/op

OverheadJitting  2: 16 op, 177000.00 ns, 11.0625 us/op
WorkloadJitting  2: 16 op, 226200.00 ns, 14.1375 us/op

WorkloadPilot    1: 16 op, 13100.00 ns, 818.7500 ns/op
WorkloadPilot    2: 32 op, 11700.00 ns, 365.6250 ns/op
WorkloadPilot    3: 64 op, 12700.00 ns, 198.4375 ns/op
WorkloadPilot    4: 128 op, 28300.00 ns, 221.0938 ns/op
WorkloadPilot    5: 256 op, 31100.00 ns, 121.4844 ns/op
WorkloadPilot    6: 512 op, 88200.00 ns, 172.2656 ns/op
WorkloadPilot    7: 1024 op, 196200.00 ns, 191.6016 ns/op
WorkloadPilot    8: 2048 op, 244700.00 ns, 119.4824 ns/op
WorkloadPilot    9: 4096 op, 447100.00 ns, 109.1553 ns/op
WorkloadPilot   10: 8192 op, 1788900.00 ns, 218.3716 ns/op
WorkloadPilot   11: 16384 op, 1860400.00 ns, 113.5498 ns/op
WorkloadPilot   12: 32768 op, 3650500.00 ns, 111.4044 ns/op
WorkloadPilot   13: 65536 op, 7219700.00 ns, 110.1639 ns/op
WorkloadPilot   14: 131072 op, 14275100.00 ns, 108.9104 ns/op
WorkloadPilot   15: 262144 op, 27375700.00 ns, 104.4300 ns/op
WorkloadPilot   16: 524288 op, 51169700.00 ns, 97.5985 ns/op
WorkloadPilot   17: 1048576 op, 33711000.00 ns, 32.1493 ns/op
WorkloadPilot   18: 2097152 op, 68391500.00 ns, 32.6116 ns/op
WorkloadPilot   19: 4194304 op, 135710200.00 ns, 32.3558 ns/op
WorkloadPilot   20: 8388608 op, 270405300.00 ns, 32.2348 ns/op
WorkloadPilot   21: 16777216 op, 547326800.00 ns, 32.6232 ns/op

OverheadWarmup   1: 16777216 op, 32105600.00 ns, 1.9136 ns/op
OverheadWarmup   2: 16777216 op, 32937600.00 ns, 1.9632 ns/op
OverheadWarmup   3: 16777216 op, 33422600.00 ns, 1.9921 ns/op
OverheadWarmup   4: 16777216 op, 32687800.00 ns, 1.9483 ns/op
OverheadWarmup   5: 16777216 op, 32083700.00 ns, 1.9123 ns/op
OverheadWarmup   6: 16777216 op, 32081200.00 ns, 1.9122 ns/op
OverheadWarmup   7: 16777216 op, 32074500.00 ns, 1.9118 ns/op
OverheadWarmup   8: 16777216 op, 32154400.00 ns, 1.9166 ns/op
OverheadWarmup   9: 16777216 op, 32203700.00 ns, 1.9195 ns/op
OverheadWarmup  10: 16777216 op, 28297900.00 ns, 1.6867 ns/op

OverheadActual   1: 16777216 op, 25183900.00 ns, 1.5011 ns/op
OverheadActual   2: 16777216 op, 25947700.00 ns, 1.5466 ns/op
OverheadActual   3: 16777216 op, 25691600.00 ns, 1.5313 ns/op
OverheadActual   4: 16777216 op, 25226900.00 ns, 1.5036 ns/op
OverheadActual   5: 16777216 op, 25961000.00 ns, 1.5474 ns/op
OverheadActual   6: 16777216 op, 25191000.00 ns, 1.5015 ns/op
OverheadActual   7: 16777216 op, 25335100.00 ns, 1.5101 ns/op
OverheadActual   8: 16777216 op, 25225100.00 ns, 1.5035 ns/op
OverheadActual   9: 16777216 op, 25226100.00 ns, 1.5036 ns/op
OverheadActual  10: 16777216 op, 25190200.00 ns, 1.5015 ns/op
OverheadActual  11: 16777216 op, 25208000.00 ns, 1.5025 ns/op
OverheadActual  12: 16777216 op, 25277500.00 ns, 1.5067 ns/op
OverheadActual  13: 16777216 op, 25819800.00 ns, 1.5390 ns/op
OverheadActual  14: 16777216 op, 25880100.00 ns, 1.5426 ns/op
OverheadActual  15: 16777216 op, 25173600.00 ns, 1.5005 ns/op

WorkloadWarmup   1: 16777216 op, 540863900.00 ns, 32.2380 ns/op
WorkloadWarmup   2: 16777216 op, 545302500.00 ns, 32.5026 ns/op
WorkloadWarmup   3: 16777216 op, 544409300.00 ns, 32.4493 ns/op
WorkloadWarmup   4: 16777216 op, 539920800.00 ns, 32.1818 ns/op
WorkloadWarmup   5: 16777216 op, 539268300.00 ns, 32.1429 ns/op
WorkloadWarmup   6: 16777216 op, 537276200.00 ns, 32.0242 ns/op
WorkloadWarmup   7: 16777216 op, 539281600.00 ns, 32.1437 ns/op
WorkloadWarmup   8: 16777216 op, 581691200.00 ns, 34.6715 ns/op
WorkloadWarmup   9: 16777216 op, 537629300.00 ns, 32.0452 ns/op

// BeforeActualRun
WorkloadActual   1: 16777216 op, 534564700.00 ns, 31.8625 ns/op
WorkloadActual   2: 16777216 op, 553771300.00 ns, 33.0073 ns/op
WorkloadActual   3: 16777216 op, 549030300.00 ns, 32.7248 ns/op
WorkloadActual   4: 16777216 op, 586948700.00 ns, 34.9849 ns/op
WorkloadActual   5: 16777216 op, 602724200.00 ns, 35.9252 ns/op
WorkloadActual   6: 16777216 op, 576867800.00 ns, 34.3840 ns/op
WorkloadActual   7: 16777216 op, 633737800.00 ns, 37.7737 ns/op
WorkloadActual   8: 16777216 op, 676133100.00 ns, 40.3007 ns/op
WorkloadActual   9: 16777216 op, 607314000.00 ns, 36.1987 ns/op
WorkloadActual  10: 16777216 op, 574653200.00 ns, 34.2520 ns/op
WorkloadActual  11: 16777216 op, 601157300.00 ns, 35.8318 ns/op
WorkloadActual  12: 16777216 op, 592947200.00 ns, 35.3424 ns/op
WorkloadActual  13: 16777216 op, 578806700.00 ns, 34.4996 ns/op
WorkloadActual  14: 16777216 op, 632232100.00 ns, 37.6840 ns/op
WorkloadActual  15: 16777216 op, 614142800.00 ns, 36.6058 ns/op
WorkloadActual  16: 16777216 op, 696798500.00 ns, 41.5324 ns/op
WorkloadActual  17: 16777216 op, 720572800.00 ns, 42.9495 ns/op
WorkloadActual  18: 16777216 op, 678159300.00 ns, 40.4214 ns/op
WorkloadActual  19: 16777216 op, 658974300.00 ns, 39.2779 ns/op
WorkloadActual  20: 16777216 op, 587835900.00 ns, 35.0378 ns/op
WorkloadActual  21: 16777216 op, 557664100.00 ns, 33.2394 ns/op
WorkloadActual  22: 16777216 op, 558697200.00 ns, 33.3009 ns/op
WorkloadActual  23: 16777216 op, 569387800.00 ns, 33.9382 ns/op
WorkloadActual  24: 16777216 op, 555859300.00 ns, 33.1318 ns/op
WorkloadActual  25: 16777216 op, 554526700.00 ns, 33.0524 ns/op
WorkloadActual  26: 16777216 op, 542687300.00 ns, 32.3467 ns/op
WorkloadActual  27: 16777216 op, 551179700.00 ns, 32.8529 ns/op
WorkloadActual  28: 16777216 op, 568136700.00 ns, 33.8636 ns/op
WorkloadActual  29: 16777216 op, 564200800.00 ns, 33.6290 ns/op
WorkloadActual  30: 16777216 op, 590900800.00 ns, 35.2204 ns/op
WorkloadActual  31: 16777216 op, 581903700.00 ns, 34.6842 ns/op
WorkloadActual  32: 16777216 op, 582557100.00 ns, 34.7231 ns/op
WorkloadActual  33: 16777216 op, 677549800.00 ns, 40.3851 ns/op
WorkloadActual  34: 16777216 op, 642571800.00 ns, 38.3003 ns/op
WorkloadActual  35: 16777216 op, 647914400.00 ns, 38.6187 ns/op
WorkloadActual  36: 16777216 op, 581538900.00 ns, 34.6624 ns/op
WorkloadActual  37: 16777216 op, 573140500.00 ns, 34.1618 ns/op
WorkloadActual  38: 16777216 op, 606956300.00 ns, 36.1774 ns/op
WorkloadActual  39: 16777216 op, 566830000.00 ns, 33.7857 ns/op
WorkloadActual  40: 16777216 op, 581403500.00 ns, 34.6543 ns/op
WorkloadActual  41: 16777216 op, 607618400.00 ns, 36.2169 ns/op
WorkloadActual  42: 16777216 op, 553751300.00 ns, 33.0061 ns/op
WorkloadActual  43: 16777216 op, 587283000.00 ns, 35.0048 ns/op
WorkloadActual  44: 16777216 op, 542776200.00 ns, 32.3520 ns/op
WorkloadActual  45: 16777216 op, 557512600.00 ns, 33.2303 ns/op
WorkloadActual  46: 16777216 op, 560141000.00 ns, 33.3870 ns/op
WorkloadActual  47: 16777216 op, 577052000.00 ns, 34.3950 ns/op
WorkloadActual  48: 16777216 op, 551521200.00 ns, 32.8732 ns/op
WorkloadActual  49: 16777216 op, 564663300.00 ns, 33.6566 ns/op
WorkloadActual  50: 16777216 op, 545203900.00 ns, 32.4967 ns/op
WorkloadActual  51: 16777216 op, 561472400.00 ns, 33.4664 ns/op
WorkloadActual  52: 16777216 op, 541928900.00 ns, 32.3015 ns/op
WorkloadActual  53: 16777216 op, 553450400.00 ns, 32.9882 ns/op
WorkloadActual  54: 16777216 op, 615562200.00 ns, 36.6904 ns/op
WorkloadActual  55: 16777216 op, 587283400.00 ns, 35.0048 ns/op
WorkloadActual  56: 16777216 op, 575163400.00 ns, 34.2824 ns/op
WorkloadActual  57: 16777216 op, 564218800.00 ns, 33.6301 ns/op
WorkloadActual  58: 16777216 op, 543714000.00 ns, 32.4079 ns/op
WorkloadActual  59: 16777216 op, 555132300.00 ns, 33.0885 ns/op
WorkloadActual  60: 16777216 op, 543055500.00 ns, 32.3686 ns/op
WorkloadActual  61: 16777216 op, 556215900.00 ns, 33.1531 ns/op
WorkloadActual  62: 16777216 op, 549470100.00 ns, 32.7510 ns/op
WorkloadActual  63: 16777216 op, 553692100.00 ns, 33.0026 ns/op
WorkloadActual  64: 16777216 op, 556422500.00 ns, 33.1654 ns/op
WorkloadActual  65: 16777216 op, 543207200.00 ns, 32.3777 ns/op
WorkloadActual  66: 16777216 op, 540715200.00 ns, 32.2291 ns/op
WorkloadActual  67: 16777216 op, 554070700.00 ns, 33.0252 ns/op
WorkloadActual  68: 16777216 op, 618843100.00 ns, 36.8859 ns/op
WorkloadActual  69: 16777216 op, 548972600.00 ns, 32.7213 ns/op
WorkloadActual  70: 16777216 op, 568353200.00 ns, 33.8765 ns/op
WorkloadActual  71: 16777216 op, 543307800.00 ns, 32.3837 ns/op
WorkloadActual  72: 16777216 op, 568731900.00 ns, 33.8991 ns/op
WorkloadActual  73: 16777216 op, 567737200.00 ns, 33.8398 ns/op

// AfterActualRun
WorkloadResult   1: 16777216 op, 509337800.00 ns, 30.3589 ns/op
WorkloadResult   2: 16777216 op, 528544400.00 ns, 31.5037 ns/op
WorkloadResult   3: 16777216 op, 523803400.00 ns, 31.2211 ns/op
WorkloadResult   4: 16777216 op, 561721800.00 ns, 33.4812 ns/op
WorkloadResult   5: 16777216 op, 577497300.00 ns, 34.4215 ns/op
WorkloadResult   6: 16777216 op, 551640900.00 ns, 32.8804 ns/op
WorkloadResult   7: 16777216 op, 608510900.00 ns, 36.2701 ns/op
WorkloadResult   8: 16777216 op, 582087100.00 ns, 34.6951 ns/op
WorkloadResult   9: 16777216 op, 549426300.00 ns, 32.7484 ns/op
WorkloadResult  10: 16777216 op, 575930400.00 ns, 34.3281 ns/op
WorkloadResult  11: 16777216 op, 567720300.00 ns, 33.8388 ns/op
WorkloadResult  12: 16777216 op, 553579800.00 ns, 32.9959 ns/op
WorkloadResult  13: 16777216 op, 607005200.00 ns, 36.1803 ns/op
WorkloadResult  14: 16777216 op, 588915900.00 ns, 35.1021 ns/op
WorkloadResult  15: 16777216 op, 562609000.00 ns, 33.5341 ns/op
WorkloadResult  16: 16777216 op, 532437200.00 ns, 31.7357 ns/op
WorkloadResult  17: 16777216 op, 533470300.00 ns, 31.7973 ns/op
WorkloadResult  18: 16777216 op, 544160900.00 ns, 32.4345 ns/op
WorkloadResult  19: 16777216 op, 530632400.00 ns, 31.6282 ns/op
WorkloadResult  20: 16777216 op, 529299800.00 ns, 31.5487 ns/op
WorkloadResult  21: 16777216 op, 517460400.00 ns, 30.8430 ns/op
WorkloadResult  22: 16777216 op, 525952800.00 ns, 31.3492 ns/op
WorkloadResult  23: 16777216 op, 542909800.00 ns, 32.3599 ns/op
WorkloadResult  24: 16777216 op, 538973900.00 ns, 32.1253 ns/op
WorkloadResult  25: 16777216 op, 565673900.00 ns, 33.7168 ns/op
WorkloadResult  26: 16777216 op, 556676800.00 ns, 33.1805 ns/op
WorkloadResult  27: 16777216 op, 557330200.00 ns, 33.2195 ns/op
WorkloadResult  28: 16777216 op, 617344900.00 ns, 36.7966 ns/op
WorkloadResult  29: 16777216 op, 622687500.00 ns, 37.1151 ns/op
WorkloadResult  30: 16777216 op, 556312000.00 ns, 33.1588 ns/op
WorkloadResult  31: 16777216 op, 547913600.00 ns, 32.6582 ns/op
WorkloadResult  32: 16777216 op, 581729400.00 ns, 34.6738 ns/op
WorkloadResult  33: 16777216 op, 541603100.00 ns, 32.2821 ns/op
WorkloadResult  34: 16777216 op, 556176600.00 ns, 33.1507 ns/op
WorkloadResult  35: 16777216 op, 582391500.00 ns, 34.7132 ns/op
WorkloadResult  36: 16777216 op, 528524400.00 ns, 31.5025 ns/op
WorkloadResult  37: 16777216 op, 562056100.00 ns, 33.5012 ns/op
WorkloadResult  38: 16777216 op, 517549300.00 ns, 30.8483 ns/op
WorkloadResult  39: 16777216 op, 532285700.00 ns, 31.7267 ns/op
WorkloadResult  40: 16777216 op, 534914100.00 ns, 31.8834 ns/op
WorkloadResult  41: 16777216 op, 551825100.00 ns, 32.8913 ns/op
WorkloadResult  42: 16777216 op, 526294300.00 ns, 31.3696 ns/op
WorkloadResult  43: 16777216 op, 539436400.00 ns, 32.1529 ns/op
WorkloadResult  44: 16777216 op, 519977000.00 ns, 30.9930 ns/op
WorkloadResult  45: 16777216 op, 536245500.00 ns, 31.9627 ns/op
WorkloadResult  46: 16777216 op, 516702000.00 ns, 30.7978 ns/op
WorkloadResult  47: 16777216 op, 528223500.00 ns, 31.4846 ns/op
WorkloadResult  48: 16777216 op, 590335300.00 ns, 35.1867 ns/op
WorkloadResult  49: 16777216 op, 562056500.00 ns, 33.5012 ns/op
WorkloadResult  50: 16777216 op, 549936500.00 ns, 32.7788 ns/op
WorkloadResult  51: 16777216 op, 538991900.00 ns, 32.1264 ns/op
WorkloadResult  52: 16777216 op, 518487100.00 ns, 30.9042 ns/op
WorkloadResult  53: 16777216 op, 529905400.00 ns, 31.5848 ns/op
WorkloadResult  54: 16777216 op, 517828600.00 ns, 30.8650 ns/op
WorkloadResult  55: 16777216 op, 530989000.00 ns, 31.6494 ns/op
WorkloadResult  56: 16777216 op, 524243200.00 ns, 31.2473 ns/op
WorkloadResult  57: 16777216 op, 528465200.00 ns, 31.4990 ns/op
WorkloadResult  58: 16777216 op, 531195600.00 ns, 31.6617 ns/op
WorkloadResult  59: 16777216 op, 517980300.00 ns, 30.8740 ns/op
WorkloadResult  60: 16777216 op, 515488300.00 ns, 30.7255 ns/op
WorkloadResult  61: 16777216 op, 528843800.00 ns, 31.5215 ns/op
WorkloadResult  62: 16777216 op, 593616200.00 ns, 35.3823 ns/op
WorkloadResult  63: 16777216 op, 523745700.00 ns, 31.2177 ns/op
WorkloadResult  64: 16777216 op, 543126300.00 ns, 32.3729 ns/op
WorkloadResult  65: 16777216 op, 518080900.00 ns, 30.8800 ns/op
WorkloadResult  66: 16777216 op, 543505000.00 ns, 32.3954 ns/op
WorkloadResult  67: 16777216 op, 542510300.00 ns, 32.3361 ns/op
// GC:  0 0 0 400 16777216
// Threading:  0 0 16777216

// AfterAll
// Benchmark Process 18720 has exited with code 0.

Mean = 32.625 ns, StdErr = 0.195 ns (0.60%), N = 67, StdDev = 1.596 ns
Min = 30.359 ns, Q1 = 31.501 ns, Median = 32.282 ns, Q3 = 33.491 ns, Max = 37.115 ns
IQR = 1.990 ns, LowerFence = 28.515 ns, UpperFence = 36.477 ns
ConfidenceInterval = [31.953 ns; 33.297 ns] (CI 99.9%), Margin = 0.672 ns (2.06% of Mean)
Skewness = 0.97, Kurtosis = 3.24, MValue = 2

// ** Remained 15 (88.2%) benchmark(s) to run. Estimated finish 2026-05-18 5:56 (0h 8m from now) **
Setup power plan (GUID: 8c5e7fda-e8bf-4a96-9a85-a6e23a8c635c FriendlyName: High performance)
// **************************
// Benchmark: RealSinkBenchmarks.Herald_FourProps_FileSink: DefaultJob
// *** Execute ***
// Launch: 1 / 1
// Execute: dotnet 39a2256e-60fa-4d30-974a-7a369d9cdb55.dll --anonymousPipes 50520 5112 --benchmarkName MMP.Herald.OSS.Benchmarks.Comparisons.HeraldRow.RealSinkBenchmarks.Herald_FourProps_FileSink --job Default --benchmarkId 2 in E:\dev\Herald.OSS\benchmarking\comparisons\net10\herald\bin\Release\net10.0\39a2256e-60fa-4d30-974a-7a369d9cdb55\bin\Release\net10.0
// BeforeAnythingElse

// Benchmark Process Environment Information:
// BenchmarkDotNet v0.14.0
// Runtime=.NET 10.0.8 (10.0.826.23019), X64 RyuJIT AVX2
// GC=Concurrent Server
// HardwareIntrinsics=AVX2,AES,BMI1,BMI2,FMA,LZCNT,PCLMUL,POPCNT,AvxVnni,SERIALIZE VectorSize=256
// Job: DefaultJob

OverheadJitting  1: 1 op, 186700.00 ns, 186.7000 us/op
WorkloadJitting  1: 1 op, 2281700.00 ns, 2.2817 ms/op

OverheadJitting  2: 16 op, 178800.00 ns, 11.1750 us/op
WorkloadJitting  2: 16 op, 177000.00 ns, 11.0625 us/op

WorkloadPilot    1: 16 op, 6400.00 ns, 400.0000 ns/op
WorkloadPilot    2: 32 op, 9200.00 ns, 287.5000 ns/op
WorkloadPilot    3: 64 op, 14000.00 ns, 218.7500 ns/op
WorkloadPilot    4: 128 op, 22000.00 ns, 171.8750 ns/op
WorkloadPilot    5: 256 op, 41800.00 ns, 163.2813 ns/op
WorkloadPilot    6: 512 op, 70600.00 ns, 137.8906 ns/op
WorkloadPilot    7: 1024 op, 133600.00 ns, 130.4688 ns/op
WorkloadPilot    8: 2048 op, 266000.00 ns, 129.8828 ns/op
WorkloadPilot    9: 4096 op, 490800.00 ns, 119.8242 ns/op
WorkloadPilot   10: 8192 op, 1025100.00 ns, 125.1343 ns/op
WorkloadPilot   11: 16384 op, 2068100.00 ns, 126.2268 ns/op
WorkloadPilot   12: 32768 op, 4066200.00 ns, 124.0906 ns/op
WorkloadPilot   13: 65536 op, 7986600.00 ns, 121.8658 ns/op
WorkloadPilot   14: 131072 op, 15544500.00 ns, 118.5951 ns/op
WorkloadPilot   15: 262144 op, 30447900.00 ns, 116.1495 ns/op
WorkloadPilot   16: 524288 op, 47833000.00 ns, 91.2342 ns/op
WorkloadPilot   17: 1048576 op, 33894100.00 ns, 32.3239 ns/op
WorkloadPilot   18: 2097152 op, 67678600.00 ns, 32.2717 ns/op
WorkloadPilot   19: 4194304 op, 135968300.00 ns, 32.4174 ns/op
WorkloadPilot   20: 8388608 op, 271343300.00 ns, 32.3466 ns/op
WorkloadPilot   21: 16777216 op, 542612300.00 ns, 32.3422 ns/op

OverheadWarmup   1: 16777216 op, 31999300.00 ns, 1.9073 ns/op
OverheadWarmup   2: 16777216 op, 32004000.00 ns, 1.9076 ns/op
OverheadWarmup   3: 16777216 op, 32151700.00 ns, 1.9164 ns/op
OverheadWarmup   4: 16777216 op, 32065400.00 ns, 1.9112 ns/op
OverheadWarmup   5: 16777216 op, 32191200.00 ns, 1.9187 ns/op
OverheadWarmup   6: 16777216 op, 31997000.00 ns, 1.9072 ns/op

OverheadActual   1: 16777216 op, 32066900.00 ns, 1.9113 ns/op
OverheadActual   2: 16777216 op, 32004900.00 ns, 1.9076 ns/op
OverheadActual   3: 16777216 op, 32021800.00 ns, 1.9086 ns/op
OverheadActual   4: 16777216 op, 32004300.00 ns, 1.9076 ns/op
OverheadActual   5: 16777216 op, 32083100.00 ns, 1.9123 ns/op
OverheadActual   6: 16777216 op, 32061600.00 ns, 1.9110 ns/op
OverheadActual   7: 16777216 op, 32062900.00 ns, 1.9111 ns/op
OverheadActual   8: 16777216 op, 32026500.00 ns, 1.9089 ns/op
OverheadActual   9: 16777216 op, 32077400.00 ns, 1.9120 ns/op
OverheadActual  10: 16777216 op, 29059700.00 ns, 1.7321 ns/op
OverheadActual  11: 16777216 op, 25198300.00 ns, 1.5019 ns/op
OverheadActual  12: 16777216 op, 25140600.00 ns, 1.4985 ns/op
OverheadActual  13: 16777216 op, 25113000.00 ns, 1.4969 ns/op
OverheadActual  14: 16777216 op, 26535300.00 ns, 1.5816 ns/op
OverheadActual  15: 16777216 op, 25130000.00 ns, 1.4979 ns/op
OverheadActual  16: 16777216 op, 25109700.00 ns, 1.4967 ns/op
OverheadActual  17: 16777216 op, 25211700.00 ns, 1.5027 ns/op
OverheadActual  18: 16777216 op, 25153400.00 ns, 1.4993 ns/op
OverheadActual  19: 16777216 op, 25152000.00 ns, 1.4992 ns/op
OverheadActual  20: 16777216 op, 25165400.00 ns, 1.5000 ns/op

WorkloadWarmup   1: 16777216 op, 543347700.00 ns, 32.3860 ns/op
WorkloadWarmup   2: 16777216 op, 542981100.00 ns, 32.3642 ns/op
WorkloadWarmup   3: 16777216 op, 571961900.00 ns, 34.0916 ns/op
WorkloadWarmup   4: 16777216 op, 559400600.00 ns, 33.3429 ns/op
WorkloadWarmup   5: 16777216 op, 582622300.00 ns, 34.7270 ns/op
WorkloadWarmup   6: 16777216 op, 560551500.00 ns, 33.4115 ns/op

// BeforeActualRun
WorkloadActual   1: 16777216 op, 554106000.00 ns, 33.0273 ns/op
WorkloadActual   2: 16777216 op, 553295200.00 ns, 32.9790 ns/op
WorkloadActual   3: 16777216 op, 569678600.00 ns, 33.9555 ns/op
WorkloadActual   4: 16777216 op, 565793900.00 ns, 33.7239 ns/op
WorkloadActual   5: 16777216 op, 553986000.00 ns, 33.0201 ns/op
WorkloadActual   6: 16777216 op, 645759300.00 ns, 38.4903 ns/op
WorkloadActual   7: 16777216 op, 556233600.00 ns, 33.1541 ns/op
WorkloadActual   8: 16777216 op, 547876100.00 ns, 32.6560 ns/op
WorkloadActual   9: 16777216 op, 558392900.00 ns, 33.2828 ns/op
WorkloadActual  10: 16777216 op, 574581700.00 ns, 34.2477 ns/op
WorkloadActual  11: 16777216 op, 550309200.00 ns, 32.8010 ns/op
WorkloadActual  12: 16777216 op, 561343100.00 ns, 33.4587 ns/op
WorkloadActual  13: 16777216 op, 547926700.00 ns, 32.6590 ns/op
WorkloadActual  14: 16777216 op, 557108600.00 ns, 33.2063 ns/op
WorkloadActual  15: 16777216 op, 549145900.00 ns, 32.7316 ns/op

// AfterActualRun
WorkloadResult   1: 16777216 op, 526308500.00 ns, 31.3704 ns/op
WorkloadResult   2: 16777216 op, 525497700.00 ns, 31.3221 ns/op
WorkloadResult   3: 16777216 op, 541881100.00 ns, 32.2986 ns/op
WorkloadResult   4: 16777216 op, 537996400.00 ns, 32.0671 ns/op
WorkloadResult   5: 16777216 op, 526188500.00 ns, 31.3633 ns/op
WorkloadResult   6: 16777216 op, 528436100.00 ns, 31.4972 ns/op
WorkloadResult   7: 16777216 op, 520078600.00 ns, 30.9991 ns/op
WorkloadResult   8: 16777216 op, 530595400.00 ns, 31.6260 ns/op
WorkloadResult   9: 16777216 op, 546784200.00 ns, 32.5909 ns/op
WorkloadResult  10: 16777216 op, 522511700.00 ns, 31.1441 ns/op
WorkloadResult  11: 16777216 op, 533545600.00 ns, 31.8018 ns/op
WorkloadResult  12: 16777216 op, 520129200.00 ns, 31.0021 ns/op
WorkloadResult  13: 16777216 op, 529311100.00 ns, 31.5494 ns/op
WorkloadResult  14: 16777216 op, 521348400.00 ns, 31.0748 ns/op
// GC:  0 0 0 736 16777216
// Threading:  0 0 16777216

// AfterAll
// Benchmark Process 15816 has exited with code 0.

Mean = 31.550 ns, StdErr = 0.130 ns (0.41%), N = 14, StdDev = 0.488 ns
Min = 30.999 ns, Q1 = 31.189 ns, Median = 31.434 ns, Q3 = 31.758 ns, Max = 32.591 ns
IQR = 0.569 ns, LowerFence = 30.335 ns, UpperFence = 32.612 ns
ConfidenceInterval = [31.000 ns; 32.101 ns] (CI 99.9%), Margin = 0.551 ns (1.74% of Mean)
Skewness = 0.72, Kurtosis = 2.3, MValue = 2

// ** Remained 14 (82.4%) benchmark(s) to run. Estimated finish 2026-05-18 5:54 (0h 6m from now) **
Successfully reverted power plan (GUID: 8c5e7fda-e8bf-4a96-9a85-a6e23a8c635c FriendlyName: High performance)
// ***** BenchmarkRunner: Finish  *****

// * Export *
  docs\benchmarks\runs\run-2026-05-18-phase2-v1.1\results\MMP.Herald.OSS.Benchmarks.Comparisons.HeraldRow.RealSinkBenchmarks-report.csv
  docs\benchmarks\runs\run-2026-05-18-phase2-v1.1\results\MMP.Herald.OSS.Benchmarks.Comparisons.HeraldRow.RealSinkBenchmarks-report-github.md
  docs\benchmarks\runs\run-2026-05-18-phase2-v1.1\results\MMP.Herald.OSS.Benchmarks.Comparisons.HeraldRow.RealSinkBenchmarks-report.html

// * Detailed results *
RealSinkBenchmarks.Herald_FourProps_NullSink: DefaultJob
Runtime = .NET 10.0.8 (10.0.826.23019), X64 RyuJIT AVX2; GC = Concurrent Server
Mean = 32.025 ns, StdErr = 0.148 ns (0.46%), N = 15, StdDev = 0.572 ns
Min = 31.058 ns, Q1 = 31.595 ns, Median = 31.972 ns, Q3 = 32.543 ns, Max = 32.800 ns
IQR = 0.948 ns, LowerFence = 30.172 ns, UpperFence = 33.966 ns
ConfidenceInterval = [31.413 ns; 32.636 ns] (CI 99.9%), Margin = 0.611 ns (1.91% of Mean)
Skewness = -0.18, Kurtosis = 1.47, MValue = 2
-------------------- Histogram --------------------
[30.754 ns ; 31.401 ns) | @@
[31.401 ns ; 32.830 ns) | @@@@@@@@@@@@@
---------------------------------------------------

RealSinkBenchmarks.Herald_FourProps_MemorySink: DefaultJob
Runtime = .NET 10.0.8 (10.0.826.23019), X64 RyuJIT AVX2; GC = Concurrent Server
Mean = 32.625 ns, StdErr = 0.195 ns (0.60%), N = 67, StdDev = 1.596 ns
Min = 30.359 ns, Q1 = 31.501 ns, Median = 32.282 ns, Q3 = 33.491 ns, Max = 37.115 ns
IQR = 1.990 ns, LowerFence = 28.515 ns, UpperFence = 36.477 ns
ConfidenceInterval = [31.953 ns; 33.297 ns] (CI 99.9%), Margin = 0.672 ns (2.06% of Mean)
Skewness = 0.97, Kurtosis = 3.24, MValue = 2
-------------------- Histogram --------------------
[29.843 ns ; 30.782 ns) | @@
[30.782 ns ; 32.235 ns) | @@@@@@@@@@@@@@@@@@@@@@@@@@@@@@@
[32.235 ns ; 33.267 ns) | @@@@@@@@@@@@@@@@
[33.267 ns ; 34.467 ns) | @@@@@@@@
[34.467 ns ; 35.544 ns) | @@@@@@
[35.544 ns ; 37.163 ns) | @@@@
---------------------------------------------------

RealSinkBenchmarks.Herald_FourProps_FileSink: DefaultJob
Runtime = .NET 10.0.8 (10.0.826.23019), X64 RyuJIT AVX2; GC = Concurrent Server
Mean = 31.550 ns, StdErr = 0.130 ns (0.41%), N = 14, StdDev = 0.488 ns
Min = 30.999 ns, Q1 = 31.189 ns, Median = 31.434 ns, Q3 = 31.758 ns, Max = 32.591 ns
IQR = 0.569 ns, LowerFence = 30.335 ns, UpperFence = 32.612 ns
ConfidenceInterval = [31.000 ns; 32.101 ns] (CI 99.9%), Margin = 0.551 ns (1.74% of Mean)
Skewness = 0.72, Kurtosis = 2.3, MValue = 2
-------------------- Histogram --------------------
[30.936 ns ; 32.769 ns) | @@@@@@@@@@@@@@
---------------------------------------------------

// * Summary *

BenchmarkDotNet v0.14.0, Windows 11 (10.0.26200.8457)
12th Gen Intel Core i9-12900K, 1 CPU, 24 logical and 16 physical cores
.NET SDK 10.0.204
  [Host]     : .NET 10.0.8 (10.0.826.23019), X64 RyuJIT AVX2
  DefaultJob : .NET 10.0.8 (10.0.826.23019), X64 RyuJIT AVX2


| Method                      | Mean     | Error    | StdDev   | Ratio | RatioSD | Allocated | Alloc Ratio |
|---------------------------- |---------:|---------:|---------:|------:|--------:|----------:|------------:|
| Herald_FourProps_NullSink   | 32.02 ns | 0.611 ns | 0.572 ns |  1.00 |    0.02 |         - |          NA |
| Herald_FourProps_MemorySink | 32.62 ns | 0.672 ns | 1.596 ns |  1.02 |    0.05 |         - |          NA |
| Herald_FourProps_FileSink   | 31.55 ns | 0.551 ns | 0.488 ns |  0.99 |    0.02 |         - |          NA |

// * Hints *
Outliers
  RealSinkBenchmarks.Herald_FourProps_MemorySink: Default -> 6 outliers were removed (39.28 ns..42.95 ns)
  RealSinkBenchmarks.Herald_FourProps_FileSink: Default   -> 1 outlier  was  removed (38.49 ns)

// * Legends *
  Mean        : Arithmetic mean of all measurements
  Error       : Half of 99.9% confidence interval
  StdDev      : Standard deviation of all measurements
  Ratio       : Mean of the ratio distribution ([Current]/[Baseline])
  RatioSD     : Standard deviation of the ratio distribution ([Current]/[Baseline])
  Allocated   : Allocated memory per single operation (managed only, inclusive, 1KB = 1024B)
  Alloc Ratio : Allocated memory ratio distribution ([Current]/[Baseline])
  1 ns        : 1 Nanosecond (0.000000001 sec)

// * Diagnostic Output - MemoryDiagnoser *


// ***** BenchmarkRunner: End *****
Run time: 00:01:21 (81.52 sec), executed benchmarks: 3

// Found 6 benchmarks:
//   RedactionBenchmarks.Herald_Baseline_NoRedaction: DefaultJob
//   RedactionBenchmarks.Herald_WithFastRedaction: DefaultJob
//   RedactionBenchmarks.Herald_WithCompiledRedaction: DefaultJob
//   RedactionBenchmarks.Herald_Baseline_NoRedaction_SixteenProps: DefaultJob
//   RedactionBenchmarks.Herald_WithFastRedaction_SixteenProps_TwoRulesFire: DefaultJob
//   RedactionBenchmarks.Herald_WithCompiledRedaction_SixteenProps_TwoRulesFire: DefaultJob

Setup power plan (GUID: 8c5e7fda-e8bf-4a96-9a85-a6e23a8c635c FriendlyName: High performance)
// **************************
// Benchmark: RedactionBenchmarks.Herald_Baseline_NoRedaction: DefaultJob
// *** Execute ***
// Launch: 1 / 1
// Execute: dotnet 39a2256e-60fa-4d30-974a-7a369d9cdb55.dll --anonymousPipes 13272 13056 --benchmarkName MMP.Herald.OSS.Benchmarks.Comparisons.HeraldRow.RedactionBenchmarks.Herald_Baseline_NoRedaction --job Default --benchmarkId 3 in E:\dev\Herald.OSS\benchmarking\comparisons\net10\herald\bin\Release\net10.0\39a2256e-60fa-4d30-974a-7a369d9cdb55\bin\Release\net10.0
// BeforeAnythingElse

// Benchmark Process Environment Information:
// BenchmarkDotNet v0.14.0
// Runtime=.NET 10.0.8 (10.0.826.23019), X64 RyuJIT AVX2
// GC=Concurrent Server
// HardwareIntrinsics=AVX2,AES,BMI1,BMI2,FMA,LZCNT,PCLMUL,POPCNT,AvxVnni,SERIALIZE VectorSize=256
// Job: DefaultJob

OverheadJitting  1: 1 op, 195300.00 ns, 195.3000 us/op
WorkloadJitting  1: 1 op, 2398300.00 ns, 2.3983 ms/op

OverheadJitting  2: 16 op, 228200.00 ns, 14.2625 us/op
WorkloadJitting  2: 16 op, 199700.00 ns, 12.4813 us/op

WorkloadPilot    1: 16 op, 11200.00 ns, 700.0000 ns/op
WorkloadPilot    2: 32 op, 10600.00 ns, 331.2500 ns/op
WorkloadPilot    3: 64 op, 11700.00 ns, 182.8125 ns/op
WorkloadPilot    4: 128 op, 29300.00 ns, 228.9063 ns/op
WorkloadPilot    5: 256 op, 48500.00 ns, 189.4531 ns/op
WorkloadPilot    6: 512 op, 87500.00 ns, 170.8984 ns/op
WorkloadPilot    7: 1024 op, 96500.00 ns, 94.2383 ns/op
WorkloadPilot    8: 2048 op, 187700.00 ns, 91.6504 ns/op
WorkloadPilot    9: 4096 op, 355100.00 ns, 86.6943 ns/op
WorkloadPilot   10: 8192 op, 863300.00 ns, 105.3833 ns/op
WorkloadPilot   11: 16384 op, 2025400.00 ns, 123.6206 ns/op
WorkloadPilot   12: 32768 op, 4108800.00 ns, 125.3906 ns/op
WorkloadPilot   13: 65536 op, 7422100.00 ns, 113.2523 ns/op
WorkloadPilot   14: 131072 op, 15663600.00 ns, 119.5038 ns/op
WorkloadPilot   15: 262144 op, 26729900.00 ns, 101.9665 ns/op
WorkloadPilot   16: 524288 op, 49642100.00 ns, 94.6848 ns/op
WorkloadPilot   17: 1048576 op, 95874200.00 ns, 91.4328 ns/op
WorkloadPilot   18: 2097152 op, 61647600.00 ns, 29.3959 ns/op
WorkloadPilot   19: 4194304 op, 129583500.00 ns, 30.8951 ns/op
WorkloadPilot   20: 8388608 op, 249504700.00 ns, 29.7433 ns/op
WorkloadPilot   21: 16777216 op, 494032100.00 ns, 29.4466 ns/op
WorkloadPilot   22: 33554432 op, 983952500.00 ns, 29.3241 ns/op

OverheadWarmup   1: 33554432 op, 72006200.00 ns, 2.1460 ns/op
OverheadWarmup   2: 33554432 op, 73029200.00 ns, 2.1764 ns/op
OverheadWarmup   3: 33554432 op, 69797500.00 ns, 2.0801 ns/op
OverheadWarmup   4: 33554432 op, 51112100.00 ns, 1.5233 ns/op
OverheadWarmup   5: 33554432 op, 50450500.00 ns, 1.5035 ns/op
OverheadWarmup   6: 33554432 op, 50185300.00 ns, 1.4956 ns/op
OverheadWarmup   7: 33554432 op, 50357600.00 ns, 1.5008 ns/op
OverheadWarmup   8: 33554432 op, 50945800.00 ns, 1.5183 ns/op
OverheadWarmup   9: 33554432 op, 50295300.00 ns, 1.4989 ns/op

OverheadActual   1: 33554432 op, 50399800.00 ns, 1.5020 ns/op
OverheadActual   2: 33554432 op, 53058100.00 ns, 1.5813 ns/op
OverheadActual   3: 33554432 op, 50667400.00 ns, 1.5100 ns/op
OverheadActual   4: 33554432 op, 53393800.00 ns, 1.5913 ns/op
OverheadActual   5: 33554432 op, 51718700.00 ns, 1.5413 ns/op
OverheadActual   6: 33554432 op, 51622200.00 ns, 1.5385 ns/op
OverheadActual   7: 33554432 op, 51357800.00 ns, 1.5306 ns/op
OverheadActual   8: 33554432 op, 53004500.00 ns, 1.5797 ns/op
OverheadActual   9: 33554432 op, 56131100.00 ns, 1.6728 ns/op
OverheadActual  10: 33554432 op, 51303000.00 ns, 1.5289 ns/op
OverheadActual  11: 33554432 op, 56328900.00 ns, 1.6787 ns/op
OverheadActual  12: 33554432 op, 67492100.00 ns, 2.0114 ns/op
OverheadActual  13: 33554432 op, 54471800.00 ns, 1.6234 ns/op
OverheadActual  14: 33554432 op, 56070900.00 ns, 1.6710 ns/op
OverheadActual  15: 33554432 op, 56738400.00 ns, 1.6909 ns/op

WorkloadWarmup   1: 33554432 op, 1170854800.00 ns, 34.8942 ns/op
WorkloadWarmup   2: 33554432 op, 1084252900.00 ns, 32.3133 ns/op
WorkloadWarmup   3: 33554432 op, 1006579900.00 ns, 29.9984 ns/op
WorkloadWarmup   4: 33554432 op, 1061493800.00 ns, 31.6350 ns/op
WorkloadWarmup   5: 33554432 op, 973674300.00 ns, 29.0178 ns/op
WorkloadWarmup   6: 33554432 op, 1063813800.00 ns, 31.7041 ns/op
WorkloadWarmup   7: 33554432 op, 999040900.00 ns, 29.7737 ns/op

// BeforeActualRun
WorkloadActual   1: 33554432 op, 990730100.00 ns, 29.5261 ns/op
WorkloadActual   2: 33554432 op, 998002900.00 ns, 29.7428 ns/op
WorkloadActual   3: 33554432 op, 994629900.00 ns, 29.6423 ns/op
WorkloadActual   4: 33554432 op, 987168600.00 ns, 29.4199 ns/op
WorkloadActual   5: 33554432 op, 1054759200.00 ns, 31.4343 ns/op
WorkloadActual   6: 33554432 op, 1001374000.00 ns, 29.8433 ns/op
WorkloadActual   7: 33554432 op, 1024202000.00 ns, 30.5236 ns/op
WorkloadActual   8: 33554432 op, 968889500.00 ns, 28.8752 ns/op
WorkloadActual   9: 33554432 op, 970031000.00 ns, 28.9092 ns/op
WorkloadActual  10: 33554432 op, 976324800.00 ns, 29.0967 ns/op
WorkloadActual  11: 33554432 op, 970227000.00 ns, 28.9150 ns/op
WorkloadActual  12: 33554432 op, 974213500.00 ns, 29.0338 ns/op
WorkloadActual  13: 33554432 op, 961580600.00 ns, 28.6573 ns/op
WorkloadActual  14: 33554432 op, 1019029200.00 ns, 30.3694 ns/op
WorkloadActual  15: 33554432 op, 975141500.00 ns, 29.0615 ns/op
WorkloadActual  16: 33554432 op, 989110100.00 ns, 29.4778 ns/op
WorkloadActual  17: 33554432 op, 1004093300.00 ns, 29.9243 ns/op

// AfterActualRun
WorkloadResult   1: 33554432 op, 937672000.00 ns, 27.9448 ns/op
WorkloadResult   2: 33554432 op, 944944800.00 ns, 28.1615 ns/op
WorkloadResult   3: 33554432 op, 941571800.00 ns, 28.0610 ns/op
WorkloadResult   4: 33554432 op, 934110500.00 ns, 27.8387 ns/op
WorkloadResult   5: 33554432 op, 948315900.00 ns, 28.2620 ns/op
WorkloadResult   6: 33554432 op, 971143900.00 ns, 28.9423 ns/op
WorkloadResult   7: 33554432 op, 915831400.00 ns, 27.2939 ns/op
WorkloadResult   8: 33554432 op, 916972900.00 ns, 27.3279 ns/op
WorkloadResult   9: 33554432 op, 923266700.00 ns, 27.5155 ns/op
WorkloadResult  10: 33554432 op, 917168900.00 ns, 27.3338 ns/op
WorkloadResult  11: 33554432 op, 921155400.00 ns, 27.4526 ns/op
WorkloadResult  12: 33554432 op, 908522500.00 ns, 27.0761 ns/op
WorkloadResult  13: 33554432 op, 965971100.00 ns, 28.7882 ns/op
WorkloadResult  14: 33554432 op, 922083400.00 ns, 27.4802 ns/op
WorkloadResult  15: 33554432 op, 936052000.00 ns, 27.8965 ns/op
WorkloadResult  16: 33554432 op, 951035200.00 ns, 28.3431 ns/op
// GC:  0 0 0 96 33554432
// Threading:  0 0 33554432

// AfterAll
// Benchmark Process 84744 has exited with code 0.

Mean = 27.857 ns, StdErr = 0.137 ns (0.49%), N = 16, StdDev = 0.547 ns
Min = 27.076 ns, Q1 = 27.423 ns, Median = 27.868 ns, Q3 = 28.187 ns, Max = 28.942 ns
IQR = 0.764 ns, LowerFence = 26.277 ns, UpperFence = 29.332 ns
ConfidenceInterval = [27.300 ns; 28.415 ns] (CI 99.9%), Margin = 0.557 ns (2.00% of Mean)
Skewness = 0.46, Kurtosis = 2.03, MValue = 2

// ** Remained 13 (76.5%) benchmark(s) to run. Estimated finish 2026-05-18 5:54 (0h 6m from now) **
Setup power plan (GUID: 8c5e7fda-e8bf-4a96-9a85-a6e23a8c635c FriendlyName: High performance)
// **************************
// Benchmark: RedactionBenchmarks.Herald_WithFastRedaction: DefaultJob
// *** Execute ***
// Launch: 1 / 1
// Execute: dotnet 39a2256e-60fa-4d30-974a-7a369d9cdb55.dll --anonymousPipes 28892 5024 --benchmarkName MMP.Herald.OSS.Benchmarks.Comparisons.HeraldRow.RedactionBenchmarks.Herald_WithFastRedaction --job Default --benchmarkId 4 in E:\dev\Herald.OSS\benchmarking\comparisons\net10\herald\bin\Release\net10.0\39a2256e-60fa-4d30-974a-7a369d9cdb55\bin\Release\net10.0
// BeforeAnythingElse

// Benchmark Process Environment Information:
// BenchmarkDotNet v0.14.0
// Runtime=.NET 10.0.8 (10.0.826.23019), X64 RyuJIT AVX2
// GC=Concurrent Server
// HardwareIntrinsics=AVX2,AES,BMI1,BMI2,FMA,LZCNT,PCLMUL,POPCNT,AvxVnni,SERIALIZE VectorSize=256
// Job: DefaultJob

OverheadJitting  1: 1 op, 193200.00 ns, 193.2000 us/op
WorkloadJitting  1: 1 op, 4209900.00 ns, 4.2099 ms/op

OverheadJitting  2: 16 op, 170600.00 ns, 10.6625 us/op
WorkloadJitting  2: 16 op, 195200.00 ns, 12.2000 us/op

WorkloadPilot    1: 16 op, 25900.00 ns, 1.6188 us/op
WorkloadPilot    2: 32 op, 31700.00 ns, 990.6250 ns/op
WorkloadPilot    3: 64 op, 33800.00 ns, 528.1250 ns/op
WorkloadPilot    4: 128 op, 67800.00 ns, 529.6875 ns/op
WorkloadPilot    5: 256 op, 96500.00 ns, 376.9531 ns/op
WorkloadPilot    6: 512 op, 150800.00 ns, 294.5313 ns/op
WorkloadPilot    7: 1024 op, 344300.00 ns, 336.2305 ns/op
WorkloadPilot    8: 2048 op, 607000.00 ns, 296.3867 ns/op
WorkloadPilot    9: 4096 op, 1197800.00 ns, 292.4316 ns/op
WorkloadPilot   10: 8192 op, 3108200.00 ns, 379.4189 ns/op
WorkloadPilot   11: 16384 op, 5445600.00 ns, 332.3730 ns/op
WorkloadPilot   12: 32768 op, 9717200.00 ns, 296.5454 ns/op
WorkloadPilot   13: 65536 op, 18340900.00 ns, 279.8599 ns/op
WorkloadPilot   14: 131072 op, 35641000.00 ns, 271.9193 ns/op
WorkloadPilot   15: 262144 op, 71741500.00 ns, 273.6721 ns/op
WorkloadPilot   16: 524288 op, 138526700.00 ns, 264.2187 ns/op
WorkloadPilot   17: 1048576 op, 114763900.00 ns, 109.4474 ns/op
WorkloadPilot   18: 2097152 op, 156420800.00 ns, 74.5872 ns/op
WorkloadPilot   19: 4194304 op, 296875400.00 ns, 70.7806 ns/op
WorkloadPilot   20: 8388608 op, 603160300.00 ns, 71.9023 ns/op

OverheadWarmup   1: 8388608 op, 17734300.00 ns, 2.1141 ns/op
OverheadWarmup   2: 8388608 op, 17791800.00 ns, 2.1209 ns/op
OverheadWarmup   3: 8388608 op, 17819700.00 ns, 2.1243 ns/op
OverheadWarmup   4: 8388608 op, 17731000.00 ns, 2.1137 ns/op
OverheadWarmup   5: 8388608 op, 17727200.00 ns, 2.1132 ns/op
OverheadWarmup   6: 8388608 op, 17683200.00 ns, 2.1080 ns/op
OverheadWarmup   7: 8388608 op, 17756000.00 ns, 2.1167 ns/op
OverheadWarmup   8: 8388608 op, 17756700.00 ns, 2.1168 ns/op
OverheadWarmup   9: 8388608 op, 17851700.00 ns, 2.1281 ns/op
OverheadWarmup  10: 8388608 op, 12646400.00 ns, 1.5076 ns/op

OverheadActual   1: 8388608 op, 12469800.00 ns, 1.4865 ns/op
OverheadActual   2: 8388608 op, 12487600.00 ns, 1.4886 ns/op
OverheadActual   3: 8388608 op, 12838100.00 ns, 1.5304 ns/op
OverheadActual   4: 8388608 op, 12534900.00 ns, 1.4943 ns/op
OverheadActual   5: 8388608 op, 12659500.00 ns, 1.5091 ns/op
OverheadActual   6: 8388608 op, 12614200.00 ns, 1.5037 ns/op
OverheadActual   7: 8388608 op, 12484100.00 ns, 1.4882 ns/op
OverheadActual   8: 8388608 op, 12581500.00 ns, 1.4998 ns/op
OverheadActual   9: 8388608 op, 12568500.00 ns, 1.4983 ns/op
OverheadActual  10: 8388608 op, 12742400.00 ns, 1.5190 ns/op
OverheadActual  11: 8388608 op, 12531100.00 ns, 1.4938 ns/op
OverheadActual  12: 8388608 op, 12498600.00 ns, 1.4899 ns/op
OverheadActual  13: 8388608 op, 12588500.00 ns, 1.5007 ns/op
OverheadActual  14: 8388608 op, 12469400.00 ns, 1.4865 ns/op
OverheadActual  15: 8388608 op, 12534000.00 ns, 1.4942 ns/op

WorkloadWarmup   1: 8388608 op, 602326300.00 ns, 71.8029 ns/op
WorkloadWarmup   2: 8388608 op, 608098500.00 ns, 72.4910 ns/op
WorkloadWarmup   3: 8388608 op, 626380000.00 ns, 74.6703 ns/op
WorkloadWarmup   4: 8388608 op, 675905000.00 ns, 80.5742 ns/op
WorkloadWarmup   5: 8388608 op, 659735100.00 ns, 78.6466 ns/op
WorkloadWarmup   6: 8388608 op, 642070000.00 ns, 76.5407 ns/op
WorkloadWarmup   7: 8388608 op, 683864500.00 ns, 81.5230 ns/op
WorkloadWarmup   8: 8388608 op, 669182300.00 ns, 79.7727 ns/op

// BeforeActualRun
WorkloadActual   1: 8388608 op, 652409400.00 ns, 77.7733 ns/op
WorkloadActual   2: 8388608 op, 651158000.00 ns, 77.6241 ns/op
WorkloadActual   3: 8388608 op, 669615100.00 ns, 79.8243 ns/op
WorkloadActual   4: 8388608 op, 674517500.00 ns, 80.4088 ns/op
WorkloadActual   5: 8388608 op, 658859200.00 ns, 78.5421 ns/op
WorkloadActual   6: 8388608 op, 651723300.00 ns, 77.6915 ns/op
WorkloadActual   7: 8388608 op, 628120500.00 ns, 74.8778 ns/op
WorkloadActual   8: 8388608 op, 612567800.00 ns, 73.0238 ns/op
WorkloadActual   9: 8388608 op, 632256500.00 ns, 75.3708 ns/op
WorkloadActual  10: 8388608 op, 638822900.00 ns, 76.1536 ns/op
WorkloadActual  11: 8388608 op, 642705100.00 ns, 76.6164 ns/op
WorkloadActual  12: 8388608 op, 622795300.00 ns, 74.2430 ns/op
WorkloadActual  13: 8388608 op, 617421500.00 ns, 73.6024 ns/op
WorkloadActual  14: 8388608 op, 628878800.00 ns, 74.9682 ns/op
WorkloadActual  15: 8388608 op, 685359000.00 ns, 81.7012 ns/op
WorkloadActual  16: 8388608 op, 637339800.00 ns, 75.9768 ns/op
WorkloadActual  17: 8388608 op, 620876100.00 ns, 74.0142 ns/op
WorkloadActual  18: 8388608 op, 619043500.00 ns, 73.7957 ns/op
WorkloadActual  19: 8388608 op, 650753900.00 ns, 77.5759 ns/op
WorkloadActual  20: 8388608 op, 646300400.00 ns, 77.0450 ns/op
WorkloadActual  21: 8388608 op, 672194200.00 ns, 80.1318 ns/op
WorkloadActual  22: 8388608 op, 681060800.00 ns, 81.1888 ns/op
WorkloadActual  23: 8388608 op, 654782300.00 ns, 78.0561 ns/op
WorkloadActual  24: 8388608 op, 697855000.00 ns, 83.1908 ns/op
WorkloadActual  25: 8388608 op, 650154800.00 ns, 77.5045 ns/op
WorkloadActual  26: 8388608 op, 636770300.00 ns, 75.9089 ns/op
WorkloadActual  27: 8388608 op, 642434000.00 ns, 76.5841 ns/op
WorkloadActual  28: 8388608 op, 633102700.00 ns, 75.4717 ns/op
WorkloadActual  29: 8388608 op, 606979900.00 ns, 72.3576 ns/op
WorkloadActual  30: 8388608 op, 667952400.00 ns, 79.6261 ns/op
WorkloadActual  31: 8388608 op, 627933200.00 ns, 74.8555 ns/op
WorkloadActual  32: 8388608 op, 698697700.00 ns, 83.2913 ns/op
WorkloadActual  33: 8388608 op, 656704000.00 ns, 78.2852 ns/op
WorkloadActual  34: 8388608 op, 675491000.00 ns, 80.5248 ns/op
WorkloadActual  35: 8388608 op, 708617500.00 ns, 84.4738 ns/op
WorkloadActual  36: 8388608 op, 611128300.00 ns, 72.8522 ns/op
WorkloadActual  37: 8388608 op, 665274800.00 ns, 79.3069 ns/op
WorkloadActual  38: 8388608 op, 660618100.00 ns, 78.7518 ns/op
WorkloadActual  39: 8388608 op, 748112800.00 ns, 89.1820 ns/op
WorkloadActual  40: 8388608 op, 662124600.00 ns, 78.9314 ns/op
WorkloadActual  41: 8388608 op, 654655900.00 ns, 78.0411 ns/op
WorkloadActual  42: 8388608 op, 644517100.00 ns, 76.8324 ns/op
WorkloadActual  43: 8388608 op, 628713000.00 ns, 74.9484 ns/op
WorkloadActual  44: 8388608 op, 653791100.00 ns, 77.9380 ns/op
WorkloadActual  45: 8388608 op, 647511400.00 ns, 77.1894 ns/op

// AfterActualRun
WorkloadResult   1: 8388608 op, 639874500.00 ns, 76.2790 ns/op
WorkloadResult   2: 8388608 op, 638623100.00 ns, 76.1298 ns/op
WorkloadResult   3: 8388608 op, 657080200.00 ns, 78.3301 ns/op
WorkloadResult   4: 8388608 op, 661982600.00 ns, 78.9145 ns/op
WorkloadResult   5: 8388608 op, 646324300.00 ns, 77.0479 ns/op
WorkloadResult   6: 8388608 op, 639188400.00 ns, 76.1972 ns/op
WorkloadResult   7: 8388608 op, 615585600.00 ns, 73.3835 ns/op
WorkloadResult   8: 8388608 op, 600032900.00 ns, 71.5295 ns/op
WorkloadResult   9: 8388608 op, 619721600.00 ns, 73.8766 ns/op
WorkloadResult  10: 8388608 op, 626288000.00 ns, 74.6593 ns/op
WorkloadResult  11: 8388608 op, 630170200.00 ns, 75.1221 ns/op
WorkloadResult  12: 8388608 op, 610260400.00 ns, 72.7487 ns/op
WorkloadResult  13: 8388608 op, 604886600.00 ns, 72.1081 ns/op
WorkloadResult  14: 8388608 op, 616343900.00 ns, 73.4739 ns/op
WorkloadResult  15: 8388608 op, 672824100.00 ns, 80.2069 ns/op
WorkloadResult  16: 8388608 op, 624804900.00 ns, 74.4825 ns/op
WorkloadResult  17: 8388608 op, 608341200.00 ns, 72.5199 ns/op
WorkloadResult  18: 8388608 op, 606508600.00 ns, 72.3015 ns/op
WorkloadResult  19: 8388608 op, 638219000.00 ns, 76.0816 ns/op
WorkloadResult  20: 8388608 op, 633765500.00 ns, 75.5507 ns/op
WorkloadResult  21: 8388608 op, 659659300.00 ns, 78.6375 ns/op
WorkloadResult  22: 8388608 op, 668525900.00 ns, 79.6945 ns/op
WorkloadResult  23: 8388608 op, 642247400.00 ns, 76.5619 ns/op
WorkloadResult  24: 8388608 op, 685320100.00 ns, 81.6965 ns/op
WorkloadResult  25: 8388608 op, 637619900.00 ns, 76.0102 ns/op
WorkloadResult  26: 8388608 op, 624235400.00 ns, 74.4147 ns/op
WorkloadResult  27: 8388608 op, 629899100.00 ns, 75.0898 ns/op
WorkloadResult  28: 8388608 op, 620567800.00 ns, 73.9774 ns/op
WorkloadResult  29: 8388608 op, 594445000.00 ns, 70.8634 ns/op
WorkloadResult  30: 8388608 op, 655417500.00 ns, 78.1319 ns/op
WorkloadResult  31: 8388608 op, 615398300.00 ns, 73.3612 ns/op
WorkloadResult  32: 8388608 op, 686162800.00 ns, 81.7970 ns/op
WorkloadResult  33: 8388608 op, 644169100.00 ns, 76.7909 ns/op
WorkloadResult  34: 8388608 op, 662956100.00 ns, 79.0305 ns/op
WorkloadResult  35: 8388608 op, 696082600.00 ns, 82.9795 ns/op
WorkloadResult  36: 8388608 op, 598593400.00 ns, 71.3579 ns/op
WorkloadResult  37: 8388608 op, 652739900.00 ns, 77.8127 ns/op
WorkloadResult  38: 8388608 op, 648083200.00 ns, 77.2575 ns/op
WorkloadResult  39: 8388608 op, 649589700.00 ns, 77.4371 ns/op
WorkloadResult  40: 8388608 op, 642121000.00 ns, 76.5468 ns/op
WorkloadResult  41: 8388608 op, 631982200.00 ns, 75.3381 ns/op
WorkloadResult  42: 8388608 op, 616178100.00 ns, 73.4542 ns/op
WorkloadResult  43: 8388608 op, 641256200.00 ns, 76.4437 ns/op
WorkloadResult  44: 8388608 op, 634976500.00 ns, 75.6951 ns/op
// GC:  9 1 1 0 8388608
// Threading:  0 0 8388608

// AfterAll
// Benchmark Process 34508 has exited with code 0.

Mean = 75.939 ns, StdErr = 0.432 ns (0.57%), N = 44, StdDev = 2.868 ns
Min = 70.863 ns, Q1 = 73.776 ns, Median = 76.046 ns, Q3 = 77.531 ns, Max = 82.980 ns
IQR = 3.755 ns, LowerFence = 68.143 ns, UpperFence = 83.164 ns
ConfidenceInterval = [74.412 ns; 77.466 ns] (CI 99.9%), Margin = 1.527 ns (2.01% of Mean)
Skewness = 0.39, Kurtosis = 2.65, MValue = 2

// ** Remained 12 (70.6%) benchmark(s) to run. Estimated finish 2026-05-18 5:55 (0h 5m from now) **
Setup power plan (GUID: 8c5e7fda-e8bf-4a96-9a85-a6e23a8c635c FriendlyName: High performance)
// **************************
// Benchmark: RedactionBenchmarks.Herald_WithCompiledRedaction: DefaultJob
// *** Execute ***
// Launch: 1 / 1
// Execute: dotnet 39a2256e-60fa-4d30-974a-7a369d9cdb55.dll --anonymousPipes 28900 13056 --benchmarkName MMP.Herald.OSS.Benchmarks.Comparisons.HeraldRow.RedactionBenchmarks.Herald_WithCompiledRedaction --job Default --benchmarkId 5 in E:\dev\Herald.OSS\benchmarking\comparisons\net10\herald\bin\Release\net10.0\39a2256e-60fa-4d30-974a-7a369d9cdb55\bin\Release\net10.0
// BeforeAnythingElse

// Benchmark Process Environment Information:
// BenchmarkDotNet v0.14.0
// Runtime=.NET 10.0.8 (10.0.826.23019), X64 RyuJIT AVX2
// GC=Concurrent Server
// HardwareIntrinsics=AVX2,AES,BMI1,BMI2,FMA,LZCNT,PCLMUL,POPCNT,AvxVnni,SERIALIZE VectorSize=256
// Job: DefaultJob

OverheadJitting  1: 1 op, 193700.00 ns, 193.7000 us/op
WorkloadJitting  1: 1 op, 11326900.00 ns, 11.3269 ms/op

OverheadJitting  2: 16 op, 207100.00 ns, 12.9438 us/op
WorkloadJitting  2: 16 op, 349900.00 ns, 21.8688 us/op

WorkloadPilot    1: 16 op, 102000.00 ns, 6.3750 us/op
WorkloadPilot    2: 32 op, 142200.00 ns, 4.4438 us/op
WorkloadPilot    3: 64 op, 246800.00 ns, 3.8563 us/op
WorkloadPilot    4: 128 op, 477300.00 ns, 3.7289 us/op
WorkloadPilot    5: 256 op, 916900.00 ns, 3.5816 us/op
WorkloadPilot    6: 512 op, 1778400.00 ns, 3.4734 us/op
WorkloadPilot    7: 1024 op, 3389600.00 ns, 3.3102 us/op
WorkloadPilot    8: 2048 op, 6827800.00 ns, 3.3339 us/op
WorkloadPilot    9: 4096 op, 14329300.00 ns, 3.4984 us/op
WorkloadPilot   10: 8192 op, 29307300.00 ns, 3.5776 us/op
WorkloadPilot   11: 16384 op, 54965000.00 ns, 3.3548 us/op
WorkloadPilot   12: 32768 op, 117871100.00 ns, 3.5971 us/op
WorkloadPilot   13: 65536 op, 149605000.00 ns, 2.2828 us/op
WorkloadPilot   14: 131072 op, 114059100.00 ns, 870.2019 ns/op
WorkloadPilot   15: 262144 op, 198424700.00 ns, 756.9302 ns/op
WorkloadPilot   16: 524288 op, 390577300.00 ns, 744.9671 ns/op
WorkloadPilot   17: 1048576 op, 804086300.00 ns, 766.8365 ns/op

OverheadWarmup   1: 1048576 op, 2271700.00 ns, 2.1665 ns/op
OverheadWarmup   2: 1048576 op, 2747700.00 ns, 2.6204 ns/op
OverheadWarmup   3: 1048576 op, 2452000.00 ns, 2.3384 ns/op
OverheadWarmup   4: 1048576 op, 2289500.00 ns, 2.1834 ns/op
OverheadWarmup   5: 1048576 op, 2224500.00 ns, 2.1214 ns/op
OverheadWarmup   6: 1048576 op, 2270200.00 ns, 2.1650 ns/op
OverheadWarmup   7: 1048576 op, 2284200.00 ns, 2.1784 ns/op
OverheadWarmup   8: 1048576 op, 2229300.00 ns, 2.1260 ns/op

OverheadActual   1: 1048576 op, 2228700.00 ns, 2.1255 ns/op
OverheadActual   2: 1048576 op, 2288200.00 ns, 2.1822 ns/op
OverheadActual   3: 1048576 op, 2254000.00 ns, 2.1496 ns/op
OverheadActual   4: 1048576 op, 2338800.00 ns, 2.2305 ns/op
OverheadActual   5: 1048576 op, 2296800.00 ns, 2.1904 ns/op
OverheadActual   6: 1048576 op, 2243400.00 ns, 2.1395 ns/op
OverheadActual   7: 1048576 op, 2234300.00 ns, 2.1308 ns/op
OverheadActual   8: 1048576 op, 2340500.00 ns, 2.2321 ns/op
OverheadActual   9: 1048576 op, 2230300.00 ns, 2.1270 ns/op
OverheadActual  10: 1048576 op, 2227000.00 ns, 2.1238 ns/op
OverheadActual  11: 1048576 op, 2927300.00 ns, 2.7917 ns/op
OverheadActual  12: 1048576 op, 2226400.00 ns, 2.1233 ns/op
OverheadActual  13: 1048576 op, 2232700.00 ns, 2.1293 ns/op
OverheadActual  14: 1048576 op, 2237700.00 ns, 2.1340 ns/op
OverheadActual  15: 1048576 op, 2400400.00 ns, 2.2892 ns/op

WorkloadWarmup   1: 1048576 op, 825160300.00 ns, 786.9342 ns/op
WorkloadWarmup   2: 1048576 op, 937829000.00 ns, 894.3834 ns/op
WorkloadWarmup   3: 1048576 op, 906637800.00 ns, 864.6372 ns/op
WorkloadWarmup   4: 1048576 op, 939083900.00 ns, 895.5802 ns/op
WorkloadWarmup   5: 1048576 op, 956592500.00 ns, 912.2777 ns/op
WorkloadWarmup   6: 1048576 op, 954225100.00 ns, 910.0200 ns/op

// BeforeActualRun
WorkloadActual   1: 1048576 op, 935095500.00 ns, 891.7766 ns/op
WorkloadActual   2: 1048576 op, 1089993500.00 ns, 1.0395 us/op
WorkloadActual   3: 1048576 op, 1124727400.00 ns, 1.0726 us/op
WorkloadActual   4: 1048576 op, 1150806800.00 ns, 1.0975 us/op
WorkloadActual   5: 1048576 op, 1041112000.00 ns, 992.8818 ns/op
WorkloadActual   6: 1048576 op, 1010023500.00 ns, 963.2335 ns/op
WorkloadActual   7: 1048576 op, 1078816100.00 ns, 1.0288 us/op
WorkloadActual   8: 1048576 op, 1000410500.00 ns, 954.0658 ns/op
WorkloadActual   9: 1048576 op, 1072220500.00 ns, 1.0225 us/op
WorkloadActual  10: 1048576 op, 1042755600.00 ns, 994.4492 ns/op
WorkloadActual  11: 1048576 op, 1020371000.00 ns, 973.1016 ns/op
WorkloadActual  12: 1048576 op, 1005121500.00 ns, 958.5586 ns/op
WorkloadActual  13: 1048576 op, 1068471000.00 ns, 1.0190 us/op
WorkloadActual  14: 1048576 op, 956141100.00 ns, 911.8472 ns/op
WorkloadActual  15: 1048576 op, 1097620700.00 ns, 1.0468 us/op
WorkloadActual  16: 1048576 op, 1001505000.00 ns, 955.1096 ns/op
WorkloadActual  17: 1048576 op, 995612800.00 ns, 949.4904 ns/op
WorkloadActual  18: 1048576 op, 1044195400.00 ns, 995.8223 ns/op
WorkloadActual  19: 1048576 op, 1001320500.00 ns, 954.9336 ns/op
WorkloadActual  20: 1048576 op, 1069694500.00 ns, 1.0201 us/op
WorkloadActual  21: 1048576 op, 1043569600.00 ns, 995.2255 ns/op
WorkloadActual  22: 1048576 op, 1059237500.00 ns, 1.0102 us/op
WorkloadActual  23: 1048576 op, 1004519300.00 ns, 957.9843 ns/op
WorkloadActual  24: 1048576 op, 981768800.00 ns, 936.2877 ns/op
WorkloadActual  25: 1048576 op, 934930900.00 ns, 891.6196 ns/op
WorkloadActual  26: 1048576 op, 964869000.00 ns, 920.1708 ns/op
WorkloadActual  27: 1048576 op, 981931900.00 ns, 936.4432 ns/op
WorkloadActual  28: 1048576 op, 995008200.00 ns, 948.9138 ns/op
WorkloadActual  29: 1048576 op, 1051527900.00 ns, 1.0028 us/op
WorkloadActual  30: 1048576 op, 934968100.00 ns, 891.6551 ns/op
WorkloadActual  31: 1048576 op, 1038789500.00 ns, 990.6669 ns/op
WorkloadActual  32: 1048576 op, 906834000.00 ns, 864.8243 ns/op
WorkloadActual  33: 1048576 op, 882070500.00 ns, 841.2080 ns/op
WorkloadActual  34: 1048576 op, 834690500.00 ns, 796.0229 ns/op
WorkloadActual  35: 1048576 op, 882744300.00 ns, 841.8506 ns/op
WorkloadActual  36: 1048576 op, 891719100.00 ns, 850.4096 ns/op
WorkloadActual  37: 1048576 op, 863583800.00 ns, 823.5777 ns/op
WorkloadActual  38: 1048576 op, 881944100.00 ns, 841.0874 ns/op
WorkloadActual  39: 1048576 op, 872196200.00 ns, 831.7911 ns/op
WorkloadActual  40: 1048576 op, 902076100.00 ns, 860.2868 ns/op
WorkloadActual  41: 1048576 op, 899681400.00 ns, 858.0030 ns/op
WorkloadActual  42: 1048576 op, 873168200.00 ns, 832.7181 ns/op
WorkloadActual  43: 1048576 op, 900261000.00 ns, 858.5558 ns/op
WorkloadActual  44: 1048576 op, 864405000.00 ns, 824.3608 ns/op
WorkloadActual  45: 1048576 op, 926570800.00 ns, 883.6468 ns/op
WorkloadActual  46: 1048576 op, 884290000.00 ns, 843.3247 ns/op
WorkloadActual  47: 1048576 op, 867528700.00 ns, 827.3398 ns/op
WorkloadActual  48: 1048576 op, 837326900.00 ns, 798.5372 ns/op
WorkloadActual  49: 1048576 op, 840784800.00 ns, 801.8349 ns/op
WorkloadActual  50: 1048576 op, 918655900.00 ns, 876.0985 ns/op
WorkloadActual  51: 1048576 op, 845540000.00 ns, 806.3698 ns/op
WorkloadActual  52: 1048576 op, 868126500.00 ns, 827.9099 ns/op
WorkloadActual  53: 1048576 op, 854929300.00 ns, 815.3241 ns/op
WorkloadActual  54: 1048576 op, 883659800.00 ns, 842.7237 ns/op
WorkloadActual  55: 1048576 op, 954065100.00 ns, 909.8674 ns/op
WorkloadActual  56: 1048576 op, 1031398600.00 ns, 983.6184 ns/op
WorkloadActual  57: 1048576 op, 978466800.00 ns, 933.1387 ns/op
WorkloadActual  58: 1048576 op, 1010199500.00 ns, 963.4013 ns/op
WorkloadActual  59: 1048576 op, 992522700.00 ns, 946.5434 ns/op
WorkloadActual  60: 1048576 op, 890102100.00 ns, 848.8675 ns/op
WorkloadActual  61: 1048576 op, 929807700.00 ns, 886.7337 ns/op
WorkloadActual  62: 1048576 op, 922030100.00 ns, 879.3164 ns/op
WorkloadActual  63: 1048576 op, 1037269600.00 ns, 989.2174 ns/op
WorkloadActual  64: 1048576 op, 1107003600.00 ns, 1.0557 us/op
WorkloadActual  65: 1048576 op, 997459400.00 ns, 951.2514 ns/op
WorkloadActual  66: 1048576 op, 949544000.00 ns, 905.5557 ns/op
WorkloadActual  67: 1048576 op, 940390600.00 ns, 896.8264 ns/op
WorkloadActual  68: 1048576 op, 982779300.00 ns, 937.2514 ns/op
WorkloadActual  69: 1048576 op, 966355200.00 ns, 921.5881 ns/op
WorkloadActual  70: 1048576 op, 953052000.00 ns, 908.9012 ns/op
WorkloadActual  71: 1048576 op, 920237700.00 ns, 877.6071 ns/op
WorkloadActual  72: 1048576 op, 922066900.00 ns, 879.3515 ns/op
WorkloadActual  73: 1048576 op, 935731900.00 ns, 892.3835 ns/op
WorkloadActual  74: 1048576 op, 866156000.00 ns, 826.0307 ns/op
WorkloadActual  75: 1048576 op, 838036300.00 ns, 799.2137 ns/op
WorkloadActual  76: 1048576 op, 838402300.00 ns, 799.5627 ns/op
WorkloadActual  77: 1048576 op, 828921100.00 ns, 790.5208 ns/op
WorkloadActual  78: 1048576 op, 813683700.00 ns, 775.9892 ns/op
WorkloadActual  79: 1048576 op, 815082200.00 ns, 777.3230 ns/op
WorkloadActual  80: 1048576 op, 905115400.00 ns, 863.1853 ns/op
WorkloadActual  81: 1048576 op, 926649600.00 ns, 883.7219 ns/op
WorkloadActual  82: 1048576 op, 892578200.00 ns, 851.2289 ns/op
WorkloadActual  83: 1048576 op, 978386800.00 ns, 933.0624 ns/op
WorkloadActual  84: 1048576 op, 915973700.00 ns, 873.5406 ns/op
WorkloadActual  85: 1048576 op, 925801000.00 ns, 882.9126 ns/op
WorkloadActual  86: 1048576 op, 839220700.00 ns, 800.3432 ns/op
WorkloadActual  87: 1048576 op, 872754500.00 ns, 832.3236 ns/op
WorkloadActual  88: 1048576 op, 822664600.00 ns, 784.5541 ns/op
WorkloadActual  89: 1048576 op, 848831900.00 ns, 809.5092 ns/op
WorkloadActual  90: 1048576 op, 842611200.00 ns, 803.5767 ns/op
WorkloadActual  91: 1048576 op, 854180400.00 ns, 814.6099 ns/op
WorkloadActual  92: 1048576 op, 818081400.00 ns, 780.1832 ns/op
WorkloadActual  93: 1048576 op, 897501100.00 ns, 855.9237 ns/op
WorkloadActual  94: 1048576 op, 899114700.00 ns, 857.4626 ns/op
WorkloadActual  95: 1048576 op, 883690900.00 ns, 842.7533 ns/op
WorkloadActual  96: 1048576 op, 909344400.00 ns, 867.2184 ns/op
WorkloadActual  97: 1048576 op, 882617100.00 ns, 841.7293 ns/op
WorkloadActual  98: 1048576 op, 879461300.00 ns, 838.7197 ns/op
WorkloadActual  99: 1048576 op, 852253800.00 ns, 812.7726 ns/op
WorkloadActual  100: 1048576 op, 869268900.00 ns, 828.9994 ns/op

// AfterActualRun
WorkloadResult   1: 1048576 op, 932852100.00 ns, 889.6371 ns/op
WorkloadResult   2: 1048576 op, 1087750100.00 ns, 1.0374 us/op
WorkloadResult   3: 1048576 op, 1122484000.00 ns, 1.0705 us/op
WorkloadResult   4: 1048576 op, 1148563400.00 ns, 1.0954 us/op
WorkloadResult   5: 1048576 op, 1038868600.00 ns, 990.7423 ns/op
WorkloadResult   6: 1048576 op, 1007780100.00 ns, 961.0940 ns/op
WorkloadResult   7: 1048576 op, 1076572700.00 ns, 1.0267 us/op
WorkloadResult   8: 1048576 op, 998167100.00 ns, 951.9263 ns/op
WorkloadResult   9: 1048576 op, 1069977100.00 ns, 1.0204 us/op
WorkloadResult  10: 1048576 op, 1040512200.00 ns, 992.3098 ns/op
WorkloadResult  11: 1048576 op, 1018127600.00 ns, 970.9621 ns/op
WorkloadResult  12: 1048576 op, 1002878100.00 ns, 956.4191 ns/op
WorkloadResult  13: 1048576 op, 1066227600.00 ns, 1.0168 us/op
WorkloadResult  14: 1048576 op, 953897700.00 ns, 909.7077 ns/op
WorkloadResult  15: 1048576 op, 1095377300.00 ns, 1.0446 us/op
WorkloadResult  16: 1048576 op, 999261600.00 ns, 952.9701 ns/op
WorkloadResult  17: 1048576 op, 993369400.00 ns, 947.3509 ns/op
WorkloadResult  18: 1048576 op, 1041952000.00 ns, 993.6829 ns/op
WorkloadResult  19: 1048576 op, 999077100.00 ns, 952.7942 ns/op
WorkloadResult  20: 1048576 op, 1067451100.00 ns, 1.0180 us/op
WorkloadResult  21: 1048576 op, 1041326200.00 ns, 993.0861 ns/op
WorkloadResult  22: 1048576 op, 1056994100.00 ns, 1.0080 us/op
WorkloadResult  23: 1048576 op, 1002275900.00 ns, 955.8448 ns/op
WorkloadResult  24: 1048576 op, 979525400.00 ns, 934.1482 ns/op
WorkloadResult  25: 1048576 op, 932687500.00 ns, 889.4801 ns/op
WorkloadResult  26: 1048576 op, 962625600.00 ns, 918.0313 ns/op
WorkloadResult  27: 1048576 op, 979688500.00 ns, 934.3038 ns/op
WorkloadResult  28: 1048576 op, 992764800.00 ns, 946.7743 ns/op
WorkloadResult  29: 1048576 op, 1049284500.00 ns, 1.0007 us/op
WorkloadResult  30: 1048576 op, 932724700.00 ns, 889.5156 ns/op
WorkloadResult  31: 1048576 op, 1036546100.00 ns, 988.5274 ns/op
WorkloadResult  32: 1048576 op, 904590600.00 ns, 862.6848 ns/op
WorkloadResult  33: 1048576 op, 879827100.00 ns, 839.0685 ns/op
WorkloadResult  34: 1048576 op, 832447100.00 ns, 793.8834 ns/op
WorkloadResult  35: 1048576 op, 880500900.00 ns, 839.7111 ns/op
WorkloadResult  36: 1048576 op, 889475700.00 ns, 848.2701 ns/op
WorkloadResult  37: 1048576 op, 861340400.00 ns, 821.4382 ns/op
WorkloadResult  38: 1048576 op, 879700700.00 ns, 838.9480 ns/op
WorkloadResult  39: 1048576 op, 869952800.00 ns, 829.6516 ns/op
WorkloadResult  40: 1048576 op, 899832700.00 ns, 858.1473 ns/op
WorkloadResult  41: 1048576 op, 897438000.00 ns, 855.8636 ns/op
WorkloadResult  42: 1048576 op, 870924800.00 ns, 830.5786 ns/op
WorkloadResult  43: 1048576 op, 898017600.00 ns, 856.4163 ns/op
WorkloadResult  44: 1048576 op, 862161600.00 ns, 822.2214 ns/op
WorkloadResult  45: 1048576 op, 924327400.00 ns, 881.5073 ns/op
WorkloadResult  46: 1048576 op, 882046600.00 ns, 841.1852 ns/op
WorkloadResult  47: 1048576 op, 865285300.00 ns, 825.2004 ns/op
WorkloadResult  48: 1048576 op, 835083500.00 ns, 796.3977 ns/op
WorkloadResult  49: 1048576 op, 838541400.00 ns, 799.6954 ns/op
WorkloadResult  50: 1048576 op, 916412500.00 ns, 873.9591 ns/op
WorkloadResult  51: 1048576 op, 843296600.00 ns, 804.2303 ns/op
WorkloadResult  52: 1048576 op, 865883100.00 ns, 825.7705 ns/op
WorkloadResult  53: 1048576 op, 852685900.00 ns, 813.1846 ns/op
WorkloadResult  54: 1048576 op, 881416400.00 ns, 840.5842 ns/op
WorkloadResult  55: 1048576 op, 951821700.00 ns, 907.7279 ns/op
WorkloadResult  56: 1048576 op, 1029155200.00 ns, 981.4789 ns/op
WorkloadResult  57: 1048576 op, 976223400.00 ns, 930.9992 ns/op
WorkloadResult  58: 1048576 op, 1007956100.00 ns, 961.2618 ns/op
WorkloadResult  59: 1048576 op, 990279300.00 ns, 944.4039 ns/op
WorkloadResult  60: 1048576 op, 887858700.00 ns, 846.7280 ns/op
WorkloadResult  61: 1048576 op, 927564300.00 ns, 884.5942 ns/op
WorkloadResult  62: 1048576 op, 919786700.00 ns, 877.1770 ns/op
WorkloadResult  63: 1048576 op, 1035026200.00 ns, 987.0779 ns/op
WorkloadResult  64: 1048576 op, 1104760200.00 ns, 1.0536 us/op
WorkloadResult  65: 1048576 op, 995216000.00 ns, 949.1119 ns/op
WorkloadResult  66: 1048576 op, 947300600.00 ns, 903.4163 ns/op
WorkloadResult  67: 1048576 op, 938147200.00 ns, 894.6869 ns/op
WorkloadResult  68: 1048576 op, 980535900.00 ns, 935.1119 ns/op
WorkloadResult  69: 1048576 op, 964111800.00 ns, 919.4487 ns/op
WorkloadResult  70: 1048576 op, 950808600.00 ns, 906.7617 ns/op
WorkloadResult  71: 1048576 op, 917994300.00 ns, 875.4676 ns/op
WorkloadResult  72: 1048576 op, 919823500.00 ns, 877.2120 ns/op
WorkloadResult  73: 1048576 op, 933488500.00 ns, 890.2440 ns/op
WorkloadResult  74: 1048576 op, 863912600.00 ns, 823.8913 ns/op
WorkloadResult  75: 1048576 op, 835792900.00 ns, 797.0742 ns/op
WorkloadResult  76: 1048576 op, 836158900.00 ns, 797.4233 ns/op
WorkloadResult  77: 1048576 op, 826677700.00 ns, 788.3813 ns/op
WorkloadResult  78: 1048576 op, 811440300.00 ns, 773.8498 ns/op
WorkloadResult  79: 1048576 op, 812838800.00 ns, 775.1835 ns/op
WorkloadResult  80: 1048576 op, 902872000.00 ns, 861.0458 ns/op
WorkloadResult  81: 1048576 op, 924406200.00 ns, 881.5825 ns/op
WorkloadResult  82: 1048576 op, 890334800.00 ns, 849.0894 ns/op
WorkloadResult  83: 1048576 op, 976143400.00 ns, 930.9229 ns/op
WorkloadResult  84: 1048576 op, 913730300.00 ns, 871.4011 ns/op
WorkloadResult  85: 1048576 op, 923557600.00 ns, 880.7732 ns/op
WorkloadResult  86: 1048576 op, 836977300.00 ns, 798.2038 ns/op
WorkloadResult  87: 1048576 op, 870511100.00 ns, 830.1841 ns/op
WorkloadResult  88: 1048576 op, 820421200.00 ns, 782.4146 ns/op
WorkloadResult  89: 1048576 op, 846588500.00 ns, 807.3697 ns/op
WorkloadResult  90: 1048576 op, 840367800.00 ns, 801.4372 ns/op
WorkloadResult  91: 1048576 op, 851937000.00 ns, 812.4704 ns/op
WorkloadResult  92: 1048576 op, 815838000.00 ns, 778.0437 ns/op
WorkloadResult  93: 1048576 op, 895257700.00 ns, 853.7843 ns/op
WorkloadResult  94: 1048576 op, 896871300.00 ns, 855.3231 ns/op
WorkloadResult  95: 1048576 op, 881447500.00 ns, 840.6138 ns/op
WorkloadResult  96: 1048576 op, 907101000.00 ns, 865.0789 ns/op
WorkloadResult  97: 1048576 op, 880373700.00 ns, 839.5898 ns/op
WorkloadResult  98: 1048576 op, 877217900.00 ns, 836.5802 ns/op
WorkloadResult  99: 1048576 op, 850010400.00 ns, 810.6331 ns/op
WorkloadResult  100: 1048576 op, 867025500.00 ns, 826.8600 ns/op
// GC:  25 0 0 1434452992 1048576
// Threading:  0 0 1048576

// AfterAll
// Benchmark Process 70972 has exited with code 0.

Mean = 893.521 ns, StdErr = 7.765 ns (0.87%), N = 100, StdDev = 77.654 ns
Min = 773.850 ns, Q1 = 830.480 ns, Median = 878.993 ns, Q3 = 952.143 ns, Max = 1,095.355 ns
IQR = 121.663 ns, LowerFence = 647.985 ns, UpperFence = 1,134.638 ns
ConfidenceInterval = [867.184 ns; 919.857 ns] (CI 99.9%), Margin = 26.336 ns (2.95% of Mean)
Skewness = 0.5, Kurtosis = 2.3, MValue = 2

// ** Remained 11 (64.7%) benchmark(s) to run. Estimated finish 2026-05-18 5:58 (0h 7m from now) **
Setup power plan (GUID: 8c5e7fda-e8bf-4a96-9a85-a6e23a8c635c FriendlyName: High performance)
// **************************
// Benchmark: RedactionBenchmarks.Herald_Baseline_NoRedaction_SixteenProps: DefaultJob
// *** Execute ***
// Launch: 1 / 1
// Execute: dotnet 39a2256e-60fa-4d30-974a-7a369d9cdb55.dll --anonymousPipes 47092 50516 --benchmarkName MMP.Herald.OSS.Benchmarks.Comparisons.HeraldRow.RedactionBenchmarks.Herald_Baseline_NoRedaction_SixteenProps --job Default --benchmarkId 6 in E:\dev\Herald.OSS\benchmarking\comparisons\net10\herald\bin\Release\net10.0\39a2256e-60fa-4d30-974a-7a369d9cdb55\bin\Release\net10.0
// BeforeAnythingElse

// Benchmark Process Environment Information:
// BenchmarkDotNet v0.14.0
// Runtime=.NET 10.0.8 (10.0.826.23019), X64 RyuJIT AVX2
// GC=Concurrent Server
// HardwareIntrinsics=AVX2,AES,BMI1,BMI2,FMA,LZCNT,PCLMUL,POPCNT,AvxVnni,SERIALIZE VectorSize=256
// Job: DefaultJob

OverheadJitting  1: 1 op, 182800.00 ns, 182.8000 us/op
WorkloadJitting  1: 1 op, 2596600.00 ns, 2.5966 ms/op

OverheadJitting  2: 16 op, 216800.00 ns, 13.5500 us/op
WorkloadJitting  2: 16 op, 207400.00 ns, 12.9625 us/op

WorkloadPilot    1: 16 op, 7900.00 ns, 493.7500 ns/op
WorkloadPilot    2: 32 op, 16800.00 ns, 525.0000 ns/op
WorkloadPilot    3: 64 op, 22800.00 ns, 356.2500 ns/op
WorkloadPilot    4: 128 op, 41900.00 ns, 327.3438 ns/op
WorkloadPilot    5: 256 op, 78700.00 ns, 307.4219 ns/op
WorkloadPilot    6: 512 op, 144600.00 ns, 282.4219 ns/op
WorkloadPilot    7: 1024 op, 288600.00 ns, 281.8359 ns/op
WorkloadPilot    8: 2048 op, 591300.00 ns, 288.7207 ns/op
WorkloadPilot    9: 4096 op, 1725800.00 ns, 421.3379 ns/op
WorkloadPilot   10: 8192 op, 2254900.00 ns, 275.2563 ns/op
WorkloadPilot   11: 16384 op, 4456200.00 ns, 271.9849 ns/op
WorkloadPilot   12: 32768 op, 9064400.00 ns, 276.6235 ns/op
WorkloadPilot   13: 65536 op, 17808600.00 ns, 271.7377 ns/op
WorkloadPilot   14: 131072 op, 34743200.00 ns, 265.0696 ns/op
WorkloadPilot   15: 262144 op, 69876800.00 ns, 266.5588 ns/op
WorkloadPilot   16: 524288 op, 87762700.00 ns, 167.3941 ns/op
WorkloadPilot   17: 1048576 op, 83947200.00 ns, 80.0583 ns/op
WorkloadPilot   18: 2097152 op, 169150200.00 ns, 80.6571 ns/op
WorkloadPilot   19: 4194304 op, 341057600.00 ns, 81.3145 ns/op
WorkloadPilot   20: 8388608 op, 687951000.00 ns, 82.0101 ns/op

OverheadWarmup   1: 8388608 op, 17730100.00 ns, 2.1136 ns/op
OverheadWarmup   2: 8388608 op, 17982600.00 ns, 2.1437 ns/op
OverheadWarmup   3: 8388608 op, 17988800.00 ns, 2.1444 ns/op
OverheadWarmup   4: 8388608 op, 17775900.00 ns, 2.1191 ns/op
OverheadWarmup   5: 8388608 op, 17756200.00 ns, 2.1167 ns/op
OverheadWarmup   6: 8388608 op, 17975600.00 ns, 2.1429 ns/op
OverheadWarmup   7: 8388608 op, 17916600.00 ns, 2.1358 ns/op

OverheadActual   1: 8388608 op, 18013800.00 ns, 2.1474 ns/op
OverheadActual   2: 8388608 op, 17859800.00 ns, 2.1291 ns/op
OverheadActual   3: 8388608 op, 18119500.00 ns, 2.1600 ns/op
OverheadActual   4: 8388608 op, 17977200.00 ns, 2.1430 ns/op
OverheadActual   5: 8388608 op, 17641400.00 ns, 2.1030 ns/op
OverheadActual   6: 8388608 op, 17686900.00 ns, 2.1084 ns/op
OverheadActual   7: 8388608 op, 18260400.00 ns, 2.1768 ns/op
OverheadActual   8: 8388608 op, 17968300.00 ns, 2.1420 ns/op
OverheadActual   9: 8388608 op, 17918400.00 ns, 2.1360 ns/op
OverheadActual  10: 8388608 op, 17926600.00 ns, 2.1370 ns/op
OverheadActual  11: 8388608 op, 17808600.00 ns, 2.1230 ns/op
OverheadActual  12: 8388608 op, 18004500.00 ns, 2.1463 ns/op
OverheadActual  13: 8388608 op, 17666200.00 ns, 2.1060 ns/op
OverheadActual  14: 8388608 op, 17946400.00 ns, 2.1394 ns/op
OverheadActual  15: 8388608 op, 16002300.00 ns, 1.9076 ns/op

WorkloadWarmup   1: 8388608 op, 681765200.00 ns, 81.2727 ns/op
WorkloadWarmup   2: 8388608 op, 687586900.00 ns, 81.9667 ns/op
WorkloadWarmup   3: 8388608 op, 694725900.00 ns, 82.8178 ns/op
WorkloadWarmup   4: 8388608 op, 674681400.00 ns, 80.4283 ns/op
WorkloadWarmup   5: 8388608 op, 699924300.00 ns, 83.4375 ns/op
WorkloadWarmup   6: 8388608 op, 718914700.00 ns, 85.7013 ns/op
WorkloadWarmup   7: 8388608 op, 740285100.00 ns, 88.2489 ns/op
WorkloadWarmup   8: 8388608 op, 703290400.00 ns, 83.8387 ns/op

// BeforeActualRun
WorkloadActual   1: 8388608 op, 670695700.00 ns, 79.9532 ns/op
WorkloadActual   2: 8388608 op, 683930100.00 ns, 81.5308 ns/op
WorkloadActual   3: 8388608 op, 677706200.00 ns, 80.7889 ns/op
WorkloadActual   4: 8388608 op, 681731000.00 ns, 81.2687 ns/op
WorkloadActual   5: 8388608 op, 702508500.00 ns, 83.7455 ns/op
WorkloadActual   6: 8388608 op, 694142100.00 ns, 82.7482 ns/op
WorkloadActual   7: 8388608 op, 745414400.00 ns, 88.8603 ns/op
WorkloadActual   8: 8388608 op, 718832700.00 ns, 85.6915 ns/op
WorkloadActual   9: 8388608 op, 718702400.00 ns, 85.6760 ns/op
WorkloadActual  10: 8388608 op, 774742700.00 ns, 92.3565 ns/op
WorkloadActual  11: 8388608 op, 764560000.00 ns, 91.1427 ns/op
WorkloadActual  12: 8388608 op, 703035900.00 ns, 83.8084 ns/op
WorkloadActual  13: 8388608 op, 785781900.00 ns, 93.6725 ns/op
WorkloadActual  14: 8388608 op, 733878800.00 ns, 87.4852 ns/op
WorkloadActual  15: 8388608 op, 788370200.00 ns, 93.9811 ns/op
WorkloadActual  16: 8388608 op, 723882100.00 ns, 86.2935 ns/op
WorkloadActual  17: 8388608 op, 719668800.00 ns, 85.7912 ns/op
WorkloadActual  18: 8388608 op, 736036500.00 ns, 87.7424 ns/op
WorkloadActual  19: 8388608 op, 715964800.00 ns, 85.3497 ns/op
WorkloadActual  20: 8388608 op, 722531200.00 ns, 86.1324 ns/op
WorkloadActual  21: 8388608 op, 732737800.00 ns, 87.3492 ns/op
WorkloadActual  22: 8388608 op, 714796300.00 ns, 85.2104 ns/op
WorkloadActual  23: 8388608 op, 704551300.00 ns, 83.9891 ns/op
WorkloadActual  24: 8388608 op, 768750900.00 ns, 91.6422 ns/op
WorkloadActual  25: 8388608 op, 740449500.00 ns, 88.2685 ns/op
WorkloadActual  26: 8388608 op, 680044600.00 ns, 81.0676 ns/op
WorkloadActual  27: 8388608 op, 740759700.00 ns, 88.3054 ns/op
WorkloadActual  28: 8388608 op, 754216100.00 ns, 89.9096 ns/op
WorkloadActual  29: 8388608 op, 789232400.00 ns, 94.0838 ns/op
WorkloadActual  30: 8388608 op, 783594900.00 ns, 93.4118 ns/op
WorkloadActual  31: 8388608 op, 693919700.00 ns, 82.7217 ns/op
WorkloadActual  32: 8388608 op, 758972000.00 ns, 90.4765 ns/op
WorkloadActual  33: 8388608 op, 749632400.00 ns, 89.3631 ns/op
WorkloadActual  34: 8388608 op, 790497100.00 ns, 94.2346 ns/op
WorkloadActual  35: 8388608 op, 726540500.00 ns, 86.6104 ns/op
WorkloadActual  36: 8388608 op, 681459100.00 ns, 81.2363 ns/op
WorkloadActual  37: 8388608 op, 705964000.00 ns, 84.1575 ns/op
WorkloadActual  38: 8388608 op, 688239100.00 ns, 82.0445 ns/op
WorkloadActual  39: 8388608 op, 678346000.00 ns, 80.8651 ns/op
WorkloadActual  40: 8388608 op, 680333800.00 ns, 81.1021 ns/op
WorkloadActual  41: 8388608 op, 732029700.00 ns, 87.2647 ns/op
WorkloadActual  42: 8388608 op, 683637000.00 ns, 81.4959 ns/op
WorkloadActual  43: 8388608 op, 679498700.00 ns, 81.0026 ns/op
WorkloadActual  44: 8388608 op, 684519800.00 ns, 81.6011 ns/op
WorkloadActual  45: 8388608 op, 689848400.00 ns, 82.2363 ns/op
WorkloadActual  46: 8388608 op, 704314300.00 ns, 83.9608 ns/op
WorkloadActual  47: 8388608 op, 670339600.00 ns, 79.9107 ns/op
WorkloadActual  48: 8388608 op, 671571100.00 ns, 80.0575 ns/op
WorkloadActual  49: 8388608 op, 653217500.00 ns, 77.8696 ns/op
WorkloadActual  50: 8388608 op, 691214500.00 ns, 82.3992 ns/op
WorkloadActual  51: 8388608 op, 674424300.00 ns, 80.3976 ns/op
WorkloadActual  52: 8388608 op, 724617900.00 ns, 86.3812 ns/op
WorkloadActual  53: 8388608 op, 679161600.00 ns, 80.9624 ns/op
WorkloadActual  54: 8388608 op, 684142300.00 ns, 81.5561 ns/op
WorkloadActual  55: 8388608 op, 711328700.00 ns, 84.7970 ns/op
WorkloadActual  56: 8388608 op, 683764400.00 ns, 81.5111 ns/op
WorkloadActual  57: 8388608 op, 688572100.00 ns, 82.0842 ns/op
WorkloadActual  58: 8388608 op, 686197000.00 ns, 81.8011 ns/op
WorkloadActual  59: 8388608 op, 677880000.00 ns, 80.8096 ns/op
WorkloadActual  60: 8388608 op, 705398100.00 ns, 84.0900 ns/op
WorkloadActual  61: 8388608 op, 722381200.00 ns, 86.1145 ns/op
WorkloadActual  62: 8388608 op, 698274700.00 ns, 83.2408 ns/op
WorkloadActual  63: 8388608 op, 704176700.00 ns, 83.9444 ns/op
WorkloadActual  64: 8388608 op, 689511000.00 ns, 82.1961 ns/op
WorkloadActual  65: 8388608 op, 686171500.00 ns, 81.7980 ns/op
WorkloadActual  66: 8388608 op, 691051500.00 ns, 82.3798 ns/op
WorkloadActual  67: 8388608 op, 674009600.00 ns, 80.3482 ns/op
WorkloadActual  68: 8388608 op, 699142500.00 ns, 83.3443 ns/op
WorkloadActual  69: 8388608 op, 671351800.00 ns, 80.0314 ns/op
WorkloadActual  70: 8388608 op, 680477300.00 ns, 81.1192 ns/op

// AfterActualRun
WorkloadResult   1: 8388608 op, 652769100.00 ns, 77.8161 ns/op
WorkloadResult   2: 8388608 op, 666003500.00 ns, 79.3938 ns/op
WorkloadResult   3: 8388608 op, 659779600.00 ns, 78.6519 ns/op
WorkloadResult   4: 8388608 op, 663804400.00 ns, 79.1317 ns/op
WorkloadResult   5: 8388608 op, 684581900.00 ns, 81.6085 ns/op
WorkloadResult   6: 8388608 op, 676215500.00 ns, 80.6112 ns/op
WorkloadResult   7: 8388608 op, 727487800.00 ns, 86.7233 ns/op
WorkloadResult   8: 8388608 op, 700906100.00 ns, 83.5545 ns/op
WorkloadResult   9: 8388608 op, 700775800.00 ns, 83.5390 ns/op
WorkloadResult  10: 8388608 op, 756816100.00 ns, 90.2195 ns/op
WorkloadResult  11: 8388608 op, 746633400.00 ns, 89.0056 ns/op
WorkloadResult  12: 8388608 op, 685109300.00 ns, 81.6714 ns/op
WorkloadResult  13: 8388608 op, 767855300.00 ns, 91.5355 ns/op
WorkloadResult  14: 8388608 op, 715952200.00 ns, 85.3482 ns/op
WorkloadResult  15: 8388608 op, 770443600.00 ns, 91.8440 ns/op
WorkloadResult  16: 8388608 op, 705955500.00 ns, 84.1565 ns/op
WorkloadResult  17: 8388608 op, 701742200.00 ns, 83.6542 ns/op
WorkloadResult  18: 8388608 op, 718109900.00 ns, 85.6054 ns/op
WorkloadResult  19: 8388608 op, 698038200.00 ns, 83.2126 ns/op
WorkloadResult  20: 8388608 op, 704604600.00 ns, 83.9954 ns/op
WorkloadResult  21: 8388608 op, 714811200.00 ns, 85.2121 ns/op
WorkloadResult  22: 8388608 op, 696869700.00 ns, 83.0733 ns/op
WorkloadResult  23: 8388608 op, 686624700.00 ns, 81.8520 ns/op
WorkloadResult  24: 8388608 op, 750824300.00 ns, 89.5052 ns/op
WorkloadResult  25: 8388608 op, 722522900.00 ns, 86.1314 ns/op
WorkloadResult  26: 8388608 op, 662118000.00 ns, 78.9306 ns/op
WorkloadResult  27: 8388608 op, 722833100.00 ns, 86.1684 ns/op
WorkloadResult  28: 8388608 op, 736289500.00 ns, 87.7725 ns/op
WorkloadResult  29: 8388608 op, 771305800.00 ns, 91.9468 ns/op
WorkloadResult  30: 8388608 op, 765668300.00 ns, 91.2748 ns/op
WorkloadResult  31: 8388608 op, 675993100.00 ns, 80.5847 ns/op
WorkloadResult  32: 8388608 op, 741045400.00 ns, 88.3395 ns/op
WorkloadResult  33: 8388608 op, 731705800.00 ns, 87.2261 ns/op
WorkloadResult  34: 8388608 op, 772570500.00 ns, 92.0976 ns/op
WorkloadResult  35: 8388608 op, 708613900.00 ns, 84.4734 ns/op
WorkloadResult  36: 8388608 op, 663532500.00 ns, 79.0992 ns/op
WorkloadResult  37: 8388608 op, 688037400.00 ns, 82.0204 ns/op
WorkloadResult  38: 8388608 op, 670312500.00 ns, 79.9075 ns/op
WorkloadResult  39: 8388608 op, 660419400.00 ns, 78.7281 ns/op
WorkloadResult  40: 8388608 op, 662407200.00 ns, 78.9651 ns/op
WorkloadResult  41: 8388608 op, 714103100.00 ns, 85.1277 ns/op
WorkloadResult  42: 8388608 op, 665710400.00 ns, 79.3589 ns/op
WorkloadResult  43: 8388608 op, 661572100.00 ns, 78.8655 ns/op
WorkloadResult  44: 8388608 op, 666593200.00 ns, 79.4641 ns/op
WorkloadResult  45: 8388608 op, 671921800.00 ns, 80.0993 ns/op
WorkloadResult  46: 8388608 op, 686387700.00 ns, 81.8238 ns/op
WorkloadResult  47: 8388608 op, 652413000.00 ns, 77.7737 ns/op
WorkloadResult  48: 8388608 op, 653644500.00 ns, 77.9205 ns/op
WorkloadResult  49: 8388608 op, 635290900.00 ns, 75.7326 ns/op
WorkloadResult  50: 8388608 op, 673287900.00 ns, 80.2622 ns/op
WorkloadResult  51: 8388608 op, 656497700.00 ns, 78.2606 ns/op
WorkloadResult  52: 8388608 op, 706691300.00 ns, 84.2442 ns/op
WorkloadResult  53: 8388608 op, 661235000.00 ns, 78.8254 ns/op
WorkloadResult  54: 8388608 op, 666215700.00 ns, 79.4191 ns/op
WorkloadResult  55: 8388608 op, 693402100.00 ns, 82.6600 ns/op
WorkloadResult  56: 8388608 op, 665837800.00 ns, 79.3741 ns/op
WorkloadResult  57: 8388608 op, 670645500.00 ns, 79.9472 ns/op
WorkloadResult  58: 8388608 op, 668270400.00 ns, 79.6640 ns/op
WorkloadResult  59: 8388608 op, 659953400.00 ns, 78.6726 ns/op
WorkloadResult  60: 8388608 op, 687471500.00 ns, 81.9530 ns/op
WorkloadResult  61: 8388608 op, 704454600.00 ns, 83.9775 ns/op
WorkloadResult  62: 8388608 op, 680348100.00 ns, 81.1038 ns/op
WorkloadResult  63: 8388608 op, 686250100.00 ns, 81.8074 ns/op
WorkloadResult  64: 8388608 op, 671584400.00 ns, 80.0591 ns/op
WorkloadResult  65: 8388608 op, 668244900.00 ns, 79.6610 ns/op
WorkloadResult  66: 8388608 op, 673124900.00 ns, 80.2427 ns/op
WorkloadResult  67: 8388608 op, 656083000.00 ns, 78.2112 ns/op
WorkloadResult  68: 8388608 op, 681215900.00 ns, 81.2073 ns/op
WorkloadResult  69: 8388608 op, 653425200.00 ns, 77.8944 ns/op
WorkloadResult  70: 8388608 op, 662550700.00 ns, 78.9822 ns/op
// GC:  0 0 0 1360 8388608
// Threading:  0 0 8388608

// AfterAll
// Benchmark Process 26680 has exited with code 0.

Mean = 82.531 ns, StdErr = 0.492 ns (0.60%), N = 70, StdDev = 4.118 ns
Min = 75.733 ns, Q1 = 79.363 ns, Median = 81.640 ns, Q3 = 84.964 ns, Max = 92.098 ns
IQR = 5.601 ns, LowerFence = 70.960 ns, UpperFence = 93.366 ns
ConfidenceInterval = [80.839 ns; 84.223 ns] (CI 99.9%), Margin = 1.692 ns (2.05% of Mean)
Skewness = 0.82, Kurtosis = 2.71, MValue = 2.21

// ** Remained 10 (58.8%) benchmark(s) to run. Estimated finish 2026-05-18 5:59 (0h 7m from now) **
Setup power plan (GUID: 8c5e7fda-e8bf-4a96-9a85-a6e23a8c635c FriendlyName: High performance)
// **************************
// Benchmark: RedactionBenchmarks.Herald_WithFastRedaction_SixteenProps_TwoRulesFire: DefaultJob
// *** Execute ***
// Launch: 1 / 1
// Execute: dotnet 39a2256e-60fa-4d30-974a-7a369d9cdb55.dll --anonymousPipes 28900 49604 --benchmarkName MMP.Herald.OSS.Benchmarks.Comparisons.HeraldRow.RedactionBenchmarks.Herald_WithFastRedaction_SixteenProps_TwoRulesFire --job Default --benchmarkId 7 in E:\dev\Herald.OSS\benchmarking\comparisons\net10\herald\bin\Release\net10.0\39a2256e-60fa-4d30-974a-7a369d9cdb55\bin\Release\net10.0
// BeforeAnythingElse

// Benchmark Process Environment Information:
// BenchmarkDotNet v0.14.0
// Runtime=.NET 10.0.8 (10.0.826.23019), X64 RyuJIT AVX2
// GC=Concurrent Server
// HardwareIntrinsics=AVX2,AES,BMI1,BMI2,FMA,LZCNT,PCLMUL,POPCNT,AvxVnni,SERIALIZE VectorSize=256
// Job: DefaultJob

OverheadJitting  1: 1 op, 192700.00 ns, 192.7000 us/op
WorkloadJitting  1: 1 op, 4734600.00 ns, 4.7346 ms/op

OverheadJitting  2: 16 op, 202900.00 ns, 12.6813 us/op
WorkloadJitting  2: 16 op, 230300.00 ns, 14.3938 us/op

WorkloadPilot    1: 16 op, 51600.00 ns, 3.2250 us/op
WorkloadPilot    2: 32 op, 82600.00 ns, 2.5813 us/op
WorkloadPilot    3: 64 op, 150900.00 ns, 2.3578 us/op
WorkloadPilot    4: 128 op, 294500.00 ns, 2.3008 us/op
WorkloadPilot    5: 256 op, 584000.00 ns, 2.2813 us/op
WorkloadPilot    6: 512 op, 1324000.00 ns, 2.5859 us/op
WorkloadPilot    7: 1024 op, 2454200.00 ns, 2.3967 us/op
WorkloadPilot    8: 2048 op, 4683200.00 ns, 2.2867 us/op
WorkloadPilot    9: 4096 op, 9256300.00 ns, 2.2598 us/op
WorkloadPilot   10: 8192 op, 18442000.00 ns, 2.2512 us/op
WorkloadPilot   11: 16384 op, 34971500.00 ns, 2.1345 us/op
WorkloadPilot   12: 32768 op, 70474400.00 ns, 2.1507 us/op
WorkloadPilot   13: 65536 op, 86496700.00 ns, 1.3198 us/op
WorkloadPilot   14: 131072 op, 40464500.00 ns, 308.7196 ns/op
WorkloadPilot   15: 262144 op, 63552100.00 ns, 242.4320 ns/op
WorkloadPilot   16: 524288 op, 126407600.00 ns, 241.1034 ns/op
WorkloadPilot   17: 1048576 op, 250341000.00 ns, 238.7438 ns/op
WorkloadPilot   18: 2097152 op, 505189100.00 ns, 240.8929 ns/op

OverheadWarmup   1: 2097152 op, 4845600.00 ns, 2.3106 ns/op
OverheadWarmup   2: 2097152 op, 4486700.00 ns, 2.1394 ns/op
OverheadWarmup   3: 2097152 op, 4589200.00 ns, 2.1883 ns/op
OverheadWarmup   4: 2097152 op, 4524600.00 ns, 2.1575 ns/op
OverheadWarmup   5: 2097152 op, 4491400.00 ns, 2.1417 ns/op
OverheadWarmup   6: 2097152 op, 4682900.00 ns, 2.2330 ns/op
OverheadWarmup   7: 2097152 op, 4533400.00 ns, 2.1617 ns/op

OverheadActual   1: 2097152 op, 4699000.00 ns, 2.2407 ns/op
OverheadActual   2: 2097152 op, 4558600.00 ns, 2.1737 ns/op
OverheadActual   3: 2097152 op, 5223300.00 ns, 2.4907 ns/op
OverheadActual   4: 2097152 op, 4497800.00 ns, 2.1447 ns/op
OverheadActual   5: 2097152 op, 4808400.00 ns, 2.2928 ns/op
OverheadActual   6: 2097152 op, 4509600.00 ns, 2.1503 ns/op
OverheadActual   7: 2097152 op, 4671800.00 ns, 2.2277 ns/op
OverheadActual   8: 2097152 op, 4640800.00 ns, 2.2129 ns/op
OverheadActual   9: 2097152 op, 4571300.00 ns, 2.1798 ns/op
OverheadActual  10: 2097152 op, 4659500.00 ns, 2.2218 ns/op
OverheadActual  11: 2097152 op, 4505400.00 ns, 2.1483 ns/op
OverheadActual  12: 2097152 op, 4560500.00 ns, 2.1746 ns/op
OverheadActual  13: 2097152 op, 4544800.00 ns, 2.1671 ns/op
OverheadActual  14: 2097152 op, 4484700.00 ns, 2.1385 ns/op
OverheadActual  15: 2097152 op, 4458300.00 ns, 2.1259 ns/op

WorkloadWarmup   1: 2097152 op, 515166400.00 ns, 245.6505 ns/op
WorkloadWarmup   2: 2097152 op, 485576500.00 ns, 231.5409 ns/op
WorkloadWarmup   3: 2097152 op, 508809300.00 ns, 242.6192 ns/op
WorkloadWarmup   4: 2097152 op, 494694700.00 ns, 235.8888 ns/op
WorkloadWarmup   5: 2097152 op, 519037600.00 ns, 247.4964 ns/op
WorkloadWarmup   6: 2097152 op, 522959800.00 ns, 249.3667 ns/op
WorkloadWarmup   7: 2097152 op, 608505800.00 ns, 290.1582 ns/op
WorkloadWarmup   8: 2097152 op, 521079100.00 ns, 248.4699 ns/op

// BeforeActualRun
WorkloadActual   1: 2097152 op, 508770400.00 ns, 242.6006 ns/op
WorkloadActual   2: 2097152 op, 554060900.00 ns, 264.1968 ns/op
WorkloadActual   3: 2097152 op, 618646000.00 ns, 294.9934 ns/op
WorkloadActual   4: 2097152 op, 530440700.00 ns, 252.9338 ns/op
WorkloadActual   5: 2097152 op, 547065700.00 ns, 260.8613 ns/op
WorkloadActual   6: 2097152 op, 518027600.00 ns, 247.0148 ns/op
WorkloadActual   7: 2097152 op, 522678800.00 ns, 249.2327 ns/op
WorkloadActual   8: 2097152 op, 523958200.00 ns, 249.8427 ns/op
WorkloadActual   9: 2097152 op, 529849500.00 ns, 252.6519 ns/op
WorkloadActual  10: 2097152 op, 517320600.00 ns, 246.6777 ns/op
WorkloadActual  11: 2097152 op, 515117900.00 ns, 245.6274 ns/op
WorkloadActual  12: 2097152 op, 566306000.00 ns, 270.0357 ns/op
WorkloadActual  13: 2097152 op, 541641800.00 ns, 258.2749 ns/op
WorkloadActual  14: 2097152 op, 503332800.00 ns, 240.0078 ns/op
WorkloadActual  15: 2097152 op, 545240800.00 ns, 259.9911 ns/op
WorkloadActual  16: 2097152 op, 543692900.00 ns, 259.2530 ns/op
WorkloadActual  17: 2097152 op, 581247700.00 ns, 277.1605 ns/op
WorkloadActual  18: 2097152 op, 544191200.00 ns, 259.4906 ns/op
WorkloadActual  19: 2097152 op, 591807500.00 ns, 282.1958 ns/op
WorkloadActual  20: 2097152 op, 613697200.00 ns, 292.6336 ns/op
WorkloadActual  21: 2097152 op, 576118200.00 ns, 274.7146 ns/op
WorkloadActual  22: 2097152 op, 534261800.00 ns, 254.7559 ns/op
WorkloadActual  23: 2097152 op, 529405900.00 ns, 252.4404 ns/op
WorkloadActual  24: 2097152 op, 517314700.00 ns, 246.6749 ns/op
WorkloadActual  25: 2097152 op, 500015300.00 ns, 238.4259 ns/op
WorkloadActual  26: 2097152 op, 497586400.00 ns, 237.2677 ns/op
WorkloadActual  27: 2097152 op, 511069400.00 ns, 243.6969 ns/op
WorkloadActual  28: 2097152 op, 508697300.00 ns, 242.5658 ns/op
WorkloadActual  29: 2097152 op, 505355100.00 ns, 240.9721 ns/op
WorkloadActual  30: 2097152 op, 502094000.00 ns, 239.4171 ns/op
WorkloadActual  31: 2097152 op, 514710500.00 ns, 245.4331 ns/op
WorkloadActual  32: 2097152 op, 514208400.00 ns, 245.1937 ns/op
WorkloadActual  33: 2097152 op, 494865400.00 ns, 235.9702 ns/op
WorkloadActual  34: 2097152 op, 493443700.00 ns, 235.2923 ns/op
WorkloadActual  35: 2097152 op, 497293500.00 ns, 237.1280 ns/op
WorkloadActual  36: 2097152 op, 499645900.00 ns, 238.2497 ns/op
WorkloadActual  37: 2097152 op, 496151600.00 ns, 236.5835 ns/op
WorkloadActual  38: 2097152 op, 492978500.00 ns, 235.0705 ns/op
WorkloadActual  39: 2097152 op, 500569200.00 ns, 238.6900 ns/op
WorkloadActual  40: 2097152 op, 503397500.00 ns, 240.0386 ns/op
WorkloadActual  41: 2097152 op, 518448500.00 ns, 247.2155 ns/op
WorkloadActual  42: 2097152 op, 536535600.00 ns, 255.8401 ns/op
WorkloadActual  43: 2097152 op, 524752500.00 ns, 250.2215 ns/op
WorkloadActual  44: 2097152 op, 532423500.00 ns, 253.8793 ns/op
WorkloadActual  45: 2097152 op, 502791100.00 ns, 239.7495 ns/op
WorkloadActual  46: 2097152 op, 494734100.00 ns, 235.9076 ns/op
WorkloadActual  47: 2097152 op, 528785300.00 ns, 252.1445 ns/op
WorkloadActual  48: 2097152 op, 500999700.00 ns, 238.8953 ns/op
WorkloadActual  49: 2097152 op, 517416400.00 ns, 246.7234 ns/op
WorkloadActual  50: 2097152 op, 518763000.00 ns, 247.3655 ns/op
WorkloadActual  51: 2097152 op, 497370900.00 ns, 237.1649 ns/op
WorkloadActual  52: 2097152 op, 512433700.00 ns, 244.3474 ns/op
WorkloadActual  53: 2097152 op, 517009100.00 ns, 246.5292 ns/op
WorkloadActual  54: 2097152 op, 531855800.00 ns, 253.6086 ns/op
WorkloadActual  55: 2097152 op, 513211000.00 ns, 244.7181 ns/op

// AfterActualRun
WorkloadResult   1: 2097152 op, 504209900.00 ns, 240.4260 ns/op
WorkloadResult   2: 2097152 op, 549500400.00 ns, 262.0222 ns/op
WorkloadResult   3: 2097152 op, 525880200.00 ns, 250.7592 ns/op
WorkloadResult   4: 2097152 op, 542505200.00 ns, 258.6866 ns/op
WorkloadResult   5: 2097152 op, 513467100.00 ns, 244.8402 ns/op
WorkloadResult   6: 2097152 op, 518118300.00 ns, 247.0581 ns/op
WorkloadResult   7: 2097152 op, 519397700.00 ns, 247.6681 ns/op
WorkloadResult   8: 2097152 op, 525289000.00 ns, 250.4773 ns/op
WorkloadResult   9: 2097152 op, 512760100.00 ns, 244.5031 ns/op
WorkloadResult  10: 2097152 op, 510557400.00 ns, 243.4527 ns/op
WorkloadResult  11: 2097152 op, 561745500.00 ns, 267.8611 ns/op
WorkloadResult  12: 2097152 op, 537081300.00 ns, 256.1003 ns/op
WorkloadResult  13: 2097152 op, 498772300.00 ns, 237.8332 ns/op
WorkloadResult  14: 2097152 op, 540680300.00 ns, 257.8165 ns/op
WorkloadResult  15: 2097152 op, 539132400.00 ns, 257.0784 ns/op
WorkloadResult  16: 2097152 op, 539630700.00 ns, 257.3160 ns/op
WorkloadResult  17: 2097152 op, 571557700.00 ns, 272.5399 ns/op
WorkloadResult  18: 2097152 op, 529701300.00 ns, 252.5813 ns/op
WorkloadResult  19: 2097152 op, 524845400.00 ns, 250.2658 ns/op
WorkloadResult  20: 2097152 op, 512754200.00 ns, 244.5003 ns/op
WorkloadResult  21: 2097152 op, 495454800.00 ns, 236.2513 ns/op
WorkloadResult  22: 2097152 op, 493025900.00 ns, 235.0931 ns/op
WorkloadResult  23: 2097152 op, 506508900.00 ns, 241.5223 ns/op
WorkloadResult  24: 2097152 op, 504136800.00 ns, 240.3912 ns/op
WorkloadResult  25: 2097152 op, 500794600.00 ns, 238.7975 ns/op
WorkloadResult  26: 2097152 op, 497533500.00 ns, 237.2425 ns/op
WorkloadResult  27: 2097152 op, 510150000.00 ns, 243.2585 ns/op
WorkloadResult  28: 2097152 op, 509647900.00 ns, 243.0191 ns/op
WorkloadResult  29: 2097152 op, 490304900.00 ns, 233.7956 ns/op
WorkloadResult  30: 2097152 op, 488883200.00 ns, 233.1177 ns/op
WorkloadResult  31: 2097152 op, 492733000.00 ns, 234.9534 ns/op
WorkloadResult  32: 2097152 op, 495085400.00 ns, 236.0751 ns/op
WorkloadResult  33: 2097152 op, 491591100.00 ns, 234.4089 ns/op
WorkloadResult  34: 2097152 op, 488418000.00 ns, 232.8959 ns/op
WorkloadResult  35: 2097152 op, 496008700.00 ns, 236.5154 ns/op
WorkloadResult  36: 2097152 op, 498837000.00 ns, 237.8640 ns/op
WorkloadResult  37: 2097152 op, 513888000.00 ns, 245.0409 ns/op
WorkloadResult  38: 2097152 op, 531975100.00 ns, 253.6655 ns/op
WorkloadResult  39: 2097152 op, 520192000.00 ns, 248.0469 ns/op
WorkloadResult  40: 2097152 op, 527863000.00 ns, 251.7047 ns/op
WorkloadResult  41: 2097152 op, 498230600.00 ns, 237.5749 ns/op
WorkloadResult  42: 2097152 op, 490173600.00 ns, 233.7330 ns/op
WorkloadResult  43: 2097152 op, 524224800.00 ns, 249.9699 ns/op
WorkloadResult  44: 2097152 op, 496439200.00 ns, 236.7207 ns/op
WorkloadResult  45: 2097152 op, 512855900.00 ns, 244.5487 ns/op
WorkloadResult  46: 2097152 op, 514202500.00 ns, 245.1909 ns/op
WorkloadResult  47: 2097152 op, 492810400.00 ns, 234.9903 ns/op
WorkloadResult  48: 2097152 op, 507873200.00 ns, 242.1728 ns/op
WorkloadResult  49: 2097152 op, 512448600.00 ns, 244.3545 ns/op
WorkloadResult  50: 2097152 op, 527295300.00 ns, 251.4340 ns/op
WorkloadResult  51: 2097152 op, 508650500.00 ns, 242.5435 ns/op
// GC:  2 0 0 117440576 2097152
// Threading:  0 0 2097152

// AfterAll
// Benchmark Process 44540 has exited with code 0.

Mean = 245.111 ns, StdErr = 1.296 ns (0.53%), N = 51, StdDev = 9.253 ns
Min = 232.896 ns, Q1 = 237.409 ns, Median = 244.355 ns, Q3 = 250.618 ns, Max = 272.540 ns
IQR = 13.210 ns, LowerFence = 217.594 ns, UpperFence = 270.433 ns
ConfidenceInterval = [240.582 ns; 249.641 ns] (CI 99.9%), Margin = 4.530 ns (1.85% of Mean)
Skewness = 0.82, Kurtosis = 3.23, MValue = 2

// ** Remained 9 (52.9%) benchmark(s) to run. Estimated finish 2026-05-18 5:59 (0h 6m from now) **
Setup power plan (GUID: 8c5e7fda-e8bf-4a96-9a85-a6e23a8c635c FriendlyName: High performance)
// **************************
// Benchmark: RedactionBenchmarks.Herald_WithCompiledRedaction_SixteenProps_TwoRulesFire: DefaultJob
// *** Execute ***
// Launch: 1 / 1
// Execute: dotnet 39a2256e-60fa-4d30-974a-7a369d9cdb55.dll --anonymousPipes 28900 49604 --benchmarkName MMP.Herald.OSS.Benchmarks.Comparisons.HeraldRow.RedactionBenchmarks.Herald_WithCompiledRedaction_SixteenProps_TwoRulesFire --job Default --benchmarkId 8 in E:\dev\Herald.OSS\benchmarking\comparisons\net10\herald\bin\Release\net10.0\39a2256e-60fa-4d30-974a-7a369d9cdb55\bin\Release\net10.0
// BeforeAnythingElse

// Benchmark Process Environment Information:
// BenchmarkDotNet v0.14.0
// Runtime=.NET 10.0.8 (10.0.826.23019), X64 RyuJIT AVX2
// GC=Concurrent Server
// HardwareIntrinsics=AVX2,AES,BMI1,BMI2,FMA,LZCNT,PCLMUL,POPCNT,AvxVnni,SERIALIZE VectorSize=256
// Job: DefaultJob

OverheadJitting  1: 1 op, 186500.00 ns, 186.5000 us/op
WorkloadJitting  1: 1 op, 10910800.00 ns, 10.9108 ms/op

OverheadJitting  2: 16 op, 195700.00 ns, 12.2313 us/op
WorkloadJitting  2: 16 op, 543000.00 ns, 33.9375 us/op

WorkloadPilot    1: 16 op, 339900.00 ns, 21.2438 us/op
WorkloadPilot    2: 32 op, 645400.00 ns, 20.1688 us/op
WorkloadPilot    3: 64 op, 1226000.00 ns, 19.1563 us/op
WorkloadPilot    4: 128 op, 2542600.00 ns, 19.8641 us/op
WorkloadPilot    5: 256 op, 5848700.00 ns, 22.8465 us/op
WorkloadPilot    6: 512 op, 10373100.00 ns, 20.2600 us/op
WorkloadPilot    7: 1024 op, 20149500.00 ns, 19.6772 us/op
WorkloadPilot    8: 2048 op, 39242100.00 ns, 19.1612 us/op
WorkloadPilot    9: 4096 op, 79034300.00 ns, 19.2955 us/op
WorkloadPilot   10: 8192 op, 113065000.00 ns, 13.8019 us/op
WorkloadPilot   11: 16384 op, 65996400.00 ns, 4.0281 us/op
WorkloadPilot   12: 32768 op, 101144700.00 ns, 3.0867 us/op
WorkloadPilot   13: 65536 op, 214975400.00 ns, 3.2803 us/op
WorkloadPilot   14: 131072 op, 412456600.00 ns, 3.1468 us/op
WorkloadPilot   15: 262144 op, 813673900.00 ns, 3.1039 us/op

OverheadWarmup   1: 262144 op, 597500.00 ns, 2.2793 ns/op
OverheadWarmup   2: 262144 op, 575100.00 ns, 2.1938 ns/op
OverheadWarmup   3: 262144 op, 579400.00 ns, 2.2102 ns/op
OverheadWarmup   4: 262144 op, 574500.00 ns, 2.1915 ns/op
OverheadWarmup   5: 262144 op, 585000.00 ns, 2.2316 ns/op
OverheadWarmup   6: 262144 op, 573800.00 ns, 2.1889 ns/op

OverheadActual   1: 262144 op, 576000.00 ns, 2.1973 ns/op
OverheadActual   2: 262144 op, 578100.00 ns, 2.2053 ns/op
OverheadActual   3: 262144 op, 579900.00 ns, 2.2121 ns/op
OverheadActual   4: 262144 op, 574300.00 ns, 2.1908 ns/op
OverheadActual   5: 262144 op, 575000.00 ns, 2.1935 ns/op
OverheadActual   6: 262144 op, 591800.00 ns, 2.2575 ns/op
OverheadActual   7: 262144 op, 586300.00 ns, 2.2366 ns/op
OverheadActual   8: 262144 op, 575300.00 ns, 2.1946 ns/op
OverheadActual   9: 262144 op, 572300.00 ns, 2.1832 ns/op
OverheadActual  10: 262144 op, 572800.00 ns, 2.1851 ns/op
OverheadActual  11: 262144 op, 638000.00 ns, 2.4338 ns/op
OverheadActual  12: 262144 op, 573400.00 ns, 2.1873 ns/op
OverheadActual  13: 262144 op, 579200.00 ns, 2.2095 ns/op
OverheadActual  14: 262144 op, 575300.00 ns, 2.1946 ns/op
OverheadActual  15: 262144 op, 581100.00 ns, 2.2167 ns/op

WorkloadWarmup   1: 262144 op, 839647100.00 ns, 3.2030 us/op
WorkloadWarmup   2: 262144 op, 965537500.00 ns, 3.6832 us/op
WorkloadWarmup   3: 262144 op, 900497200.00 ns, 3.4351 us/op
WorkloadWarmup   4: 262144 op, 918748900.00 ns, 3.5047 us/op
WorkloadWarmup   5: 262144 op, 895034000.00 ns, 3.4143 us/op
WorkloadWarmup   6: 262144 op, 884194200.00 ns, 3.3729 us/op

// BeforeActualRun
WorkloadActual   1: 262144 op, 839763100.00 ns, 3.2034 us/op
WorkloadActual   2: 262144 op, 874618000.00 ns, 3.3364 us/op
WorkloadActual   3: 262144 op, 833065700.00 ns, 3.1779 us/op
WorkloadActual   4: 262144 op, 892722900.00 ns, 3.4055 us/op
WorkloadActual   5: 262144 op, 914219900.00 ns, 3.4875 us/op
WorkloadActual   6: 262144 op, 892832900.00 ns, 3.4059 us/op
WorkloadActual   7: 262144 op, 977177000.00 ns, 3.7276 us/op
WorkloadActual   8: 262144 op, 922345300.00 ns, 3.5185 us/op
WorkloadActual   9: 262144 op, 970442800.00 ns, 3.7019 us/op
WorkloadActual  10: 262144 op, 870703700.00 ns, 3.3215 us/op
WorkloadActual  11: 262144 op, 885377900.00 ns, 3.3774 us/op
WorkloadActual  12: 262144 op, 845447600.00 ns, 3.2251 us/op
WorkloadActual  13: 262144 op, 861976400.00 ns, 3.2882 us/op
WorkloadActual  14: 262144 op, 851123100.00 ns, 3.2468 us/op
WorkloadActual  15: 262144 op, 939412700.00 ns, 3.5836 us/op
WorkloadActual  16: 262144 op, 834960700.00 ns, 3.1851 us/op
WorkloadActual  17: 262144 op, 883885600.00 ns, 3.3718 us/op
WorkloadActual  18: 262144 op, 861375800.00 ns, 3.2859 us/op
WorkloadActual  19: 262144 op, 895288300.00 ns, 3.4153 us/op
WorkloadActual  20: 262144 op, 906552700.00 ns, 3.4582 us/op
WorkloadActual  21: 262144 op, 970287000.00 ns, 3.7014 us/op
WorkloadActual  22: 262144 op, 928720100.00 ns, 3.5428 us/op
WorkloadActual  23: 262144 op, 939808900.00 ns, 3.5851 us/op
WorkloadActual  24: 262144 op, 867336800.00 ns, 3.3086 us/op
WorkloadActual  25: 262144 op, 908620500.00 ns, 3.4661 us/op
WorkloadActual  26: 262144 op, 889088400.00 ns, 3.3916 us/op
WorkloadActual  27: 262144 op, 890345200.00 ns, 3.3964 us/op
WorkloadActual  28: 262144 op, 840292900.00 ns, 3.2055 us/op
WorkloadActual  29: 262144 op, 857668700.00 ns, 3.2717 us/op
WorkloadActual  30: 262144 op, 914056900.00 ns, 3.4869 us/op
WorkloadActual  31: 262144 op, 945070400.00 ns, 3.6052 us/op
WorkloadActual  32: 262144 op, 894620500.00 ns, 3.4127 us/op
WorkloadActual  33: 262144 op, 882334000.00 ns, 3.3658 us/op
WorkloadActual  34: 262144 op, 972646600.00 ns, 3.7104 us/op
WorkloadActual  35: 262144 op, 931030400.00 ns, 3.5516 us/op
WorkloadActual  36: 262144 op, 900476100.00 ns, 3.4350 us/op
WorkloadActual  37: 262144 op, 858113000.00 ns, 3.2734 us/op
WorkloadActual  38: 262144 op, 843732500.00 ns, 3.2186 us/op
WorkloadActual  39: 262144 op, 863335400.00 ns, 3.2934 us/op
WorkloadActual  40: 262144 op, 835348200.00 ns, 3.1866 us/op
WorkloadActual  41: 262144 op, 887035100.00 ns, 3.3838 us/op
WorkloadActual  42: 262144 op, 939158000.00 ns, 3.5826 us/op
WorkloadActual  43: 262144 op, 862377400.00 ns, 3.2897 us/op
WorkloadActual  44: 262144 op, 937484800.00 ns, 3.5762 us/op
WorkloadActual  45: 262144 op, 839883100.00 ns, 3.2039 us/op
WorkloadActual  46: 262144 op, 914778200.00 ns, 3.4896 us/op
WorkloadActual  47: 262144 op, 914251200.00 ns, 3.4876 us/op
WorkloadActual  48: 262144 op, 897862100.00 ns, 3.4251 us/op
WorkloadActual  49: 262144 op, 912228500.00 ns, 3.4799 us/op
WorkloadActual  50: 262144 op, 835358900.00 ns, 3.1866 us/op
WorkloadActual  51: 262144 op, 910836900.00 ns, 3.4746 us/op
WorkloadActual  52: 262144 op, 851422500.00 ns, 3.2479 us/op
WorkloadActual  53: 262144 op, 866493500.00 ns, 3.3054 us/op
WorkloadActual  54: 262144 op, 927334200.00 ns, 3.5375 us/op
WorkloadActual  55: 262144 op, 906231200.00 ns, 3.4570 us/op
WorkloadActual  56: 262144 op, 886445300.00 ns, 3.3815 us/op
WorkloadActual  57: 262144 op, 908141500.00 ns, 3.4643 us/op

// AfterActualRun
WorkloadResult   1: 262144 op, 839187100.00 ns, 3.2012 us/op
WorkloadResult   2: 262144 op, 874042000.00 ns, 3.3342 us/op
WorkloadResult   3: 262144 op, 832489700.00 ns, 3.1757 us/op
WorkloadResult   4: 262144 op, 892146900.00 ns, 3.4033 us/op
WorkloadResult   5: 262144 op, 913643900.00 ns, 3.4853 us/op
WorkloadResult   6: 262144 op, 892256900.00 ns, 3.4037 us/op
WorkloadResult   7: 262144 op, 976601000.00 ns, 3.7254 us/op
WorkloadResult   8: 262144 op, 921769300.00 ns, 3.5163 us/op
WorkloadResult   9: 262144 op, 969866800.00 ns, 3.6997 us/op
WorkloadResult  10: 262144 op, 870127700.00 ns, 3.3193 us/op
WorkloadResult  11: 262144 op, 884801900.00 ns, 3.3753 us/op
WorkloadResult  12: 262144 op, 844871600.00 ns, 3.2229 us/op
WorkloadResult  13: 262144 op, 861400400.00 ns, 3.2860 us/op
WorkloadResult  14: 262144 op, 850547100.00 ns, 3.2446 us/op
WorkloadResult  15: 262144 op, 938836700.00 ns, 3.5814 us/op
WorkloadResult  16: 262144 op, 834384700.00 ns, 3.1829 us/op
WorkloadResult  17: 262144 op, 883309600.00 ns, 3.3696 us/op
WorkloadResult  18: 262144 op, 860799800.00 ns, 3.2837 us/op
WorkloadResult  19: 262144 op, 894712300.00 ns, 3.4131 us/op
WorkloadResult  20: 262144 op, 905976700.00 ns, 3.4560 us/op
WorkloadResult  21: 262144 op, 969711000.00 ns, 3.6992 us/op
WorkloadResult  22: 262144 op, 928144100.00 ns, 3.5406 us/op
WorkloadResult  23: 262144 op, 939232900.00 ns, 3.5829 us/op
WorkloadResult  24: 262144 op, 866760800.00 ns, 3.3064 us/op
WorkloadResult  25: 262144 op, 908044500.00 ns, 3.4639 us/op
WorkloadResult  26: 262144 op, 888512400.00 ns, 3.3894 us/op
WorkloadResult  27: 262144 op, 889769200.00 ns, 3.3942 us/op
WorkloadResult  28: 262144 op, 839716900.00 ns, 3.2033 us/op
WorkloadResult  29: 262144 op, 857092700.00 ns, 3.2695 us/op
WorkloadResult  30: 262144 op, 913480900.00 ns, 3.4847 us/op
WorkloadResult  31: 262144 op, 944494400.00 ns, 3.6030 us/op
WorkloadResult  32: 262144 op, 894044500.00 ns, 3.4105 us/op
WorkloadResult  33: 262144 op, 881758000.00 ns, 3.3636 us/op
WorkloadResult  34: 262144 op, 972070600.00 ns, 3.7082 us/op
WorkloadResult  35: 262144 op, 930454400.00 ns, 3.5494 us/op
WorkloadResult  36: 262144 op, 899900100.00 ns, 3.4328 us/op
WorkloadResult  37: 262144 op, 857537000.00 ns, 3.2712 us/op
WorkloadResult  38: 262144 op, 843156500.00 ns, 3.2164 us/op
WorkloadResult  39: 262144 op, 862759400.00 ns, 3.2912 us/op
WorkloadResult  40: 262144 op, 834772200.00 ns, 3.1844 us/op
WorkloadResult  41: 262144 op, 886459100.00 ns, 3.3816 us/op
WorkloadResult  42: 262144 op, 938582000.00 ns, 3.5804 us/op
WorkloadResult  43: 262144 op, 861801400.00 ns, 3.2875 us/op
WorkloadResult  44: 262144 op, 936908800.00 ns, 3.5740 us/op
WorkloadResult  45: 262144 op, 839307100.00 ns, 3.2017 us/op
WorkloadResult  46: 262144 op, 914202200.00 ns, 3.4874 us/op
WorkloadResult  47: 262144 op, 913675200.00 ns, 3.4854 us/op
WorkloadResult  48: 262144 op, 897286100.00 ns, 3.4229 us/op
WorkloadResult  49: 262144 op, 911652500.00 ns, 3.4777 us/op
WorkloadResult  50: 262144 op, 834782900.00 ns, 3.1844 us/op
WorkloadResult  51: 262144 op, 910260900.00 ns, 3.4724 us/op
WorkloadResult  52: 262144 op, 850846500.00 ns, 3.2457 us/op
WorkloadResult  53: 262144 op, 865917500.00 ns, 3.3032 us/op
WorkloadResult  54: 262144 op, 926758200.00 ns, 3.5353 us/op
WorkloadResult  55: 262144 op, 905655200.00 ns, 3.4548 us/op
WorkloadResult  56: 262144 op, 885869300.00 ns, 3.3793 us/op
WorkloadResult  57: 262144 op, 907565500.00 ns, 3.4621 us/op
// GC:  20 0 0 1176502336 262144
// Threading:  0 0 262144

// AfterAll
// Benchmark Process 83300 has exited with code 0.

Mean = 3.403 μs, StdErr = 0.020 μs (0.57%), N = 57, StdDev = 0.148 μs
Min = 3.176 μs, Q1 = 3.286 μs, Median = 3.403 μs, Q3 = 3.485 μs, Max = 3.725 μs
IQR = 0.199 μs, LowerFence = 2.987 μs, UpperFence = 3.785 μs
ConfidenceInterval = [3.335 μs; 3.471 μs] (CI 99.9%), Margin = 0.068 μs (1.99% of Mean)
Skewness = 0.3, Kurtosis = 2.28, MValue = 2.44

// ** Remained 8 (47.1%) benchmark(s) to run. Estimated finish 2026-05-18 5:59 (0h 6m from now) **
Successfully reverted power plan (GUID: 8c5e7fda-e8bf-4a96-9a85-a6e23a8c635c FriendlyName: High performance)
// ***** BenchmarkRunner: Finish  *****

// * Export *
  docs\benchmarks\runs\run-2026-05-18-phase2-v1.1\results\MMP.Herald.OSS.Benchmarks.Comparisons.HeraldRow.RedactionBenchmarks-report.csv
  docs\benchmarks\runs\run-2026-05-18-phase2-v1.1\results\MMP.Herald.OSS.Benchmarks.Comparisons.HeraldRow.RedactionBenchmarks-report-github.md
  docs\benchmarks\runs\run-2026-05-18-phase2-v1.1\results\MMP.Herald.OSS.Benchmarks.Comparisons.HeraldRow.RedactionBenchmarks-report.html

// * Detailed results *
RedactionBenchmarks.Herald_Baseline_NoRedaction: DefaultJob
Runtime = .NET 10.0.8 (10.0.826.23019), X64 RyuJIT AVX2; GC = Concurrent Server
Mean = 27.857 ns, StdErr = 0.137 ns (0.49%), N = 16, StdDev = 0.547 ns
Min = 27.076 ns, Q1 = 27.423 ns, Median = 27.868 ns, Q3 = 28.187 ns, Max = 28.942 ns
IQR = 0.764 ns, LowerFence = 26.277 ns, UpperFence = 29.332 ns
ConfidenceInterval = [27.300 ns; 28.415 ns] (CI 99.9%), Margin = 0.557 ns (2.00% of Mean)
Skewness = 0.46, Kurtosis = 2.03, MValue = 2
-------------------- Histogram --------------------
[27.011 ns ; 27.581 ns) | @@@@@@@
[27.581 ns ; 28.376 ns) | @@@@@@@
[28.376 ns ; 29.227 ns) | @@
---------------------------------------------------

RedactionBenchmarks.Herald_WithFastRedaction: DefaultJob
Runtime = .NET 10.0.8 (10.0.826.23019), X64 RyuJIT AVX2; GC = Concurrent Server
Mean = 75.939 ns, StdErr = 0.432 ns (0.57%), N = 44, StdDev = 2.868 ns
Min = 70.863 ns, Q1 = 73.776 ns, Median = 76.046 ns, Q3 = 77.531 ns, Max = 82.980 ns
IQR = 3.755 ns, LowerFence = 68.143 ns, UpperFence = 83.164 ns
ConfidenceInterval = [74.412 ns; 77.466 ns] (CI 99.9%), Margin = 1.527 ns (2.01% of Mean)
Skewness = 0.39, Kurtosis = 2.65, MValue = 2
-------------------- Histogram --------------------
[69.797 ns ; 71.976 ns) | @@@
[71.976 ns ; 74.109 ns) | @@@@@@@@@@
[74.109 ns ; 77.135 ns) | @@@@@@@@@@@@@@@@@@
[77.135 ns ; 79.679 ns) | @@@@@@@@
[79.679 ns ; 81.812 ns) | @@@@
[81.812 ns ; 84.046 ns) | @
---------------------------------------------------

RedactionBenchmarks.Herald_WithCompiledRedaction: DefaultJob
Runtime = .NET 10.0.8 (10.0.826.23019), X64 RyuJIT AVX2; GC = Concurrent Server
Mean = 893.521 ns, StdErr = 7.765 ns (0.87%), N = 100, StdDev = 77.654 ns
Min = 773.850 ns, Q1 = 830.480 ns, Median = 878.993 ns, Q3 = 952.143 ns, Max = 1,095.355 ns
IQR = 121.663 ns, LowerFence = 647.985 ns, UpperFence = 1,134.638 ns
ConfidenceInterval = [867.184 ns; 919.857 ns] (CI 99.9%), Margin = 26.336 ns (2.95% of Mean)
Skewness = 0.5, Kurtosis = 2.3, MValue = 2
-------------------- Histogram --------------------
[  771.559 ns ;   821.300 ns) | @@@@@@@@@@@@@@@@@
[  821.300 ns ;   865.217 ns) | @@@@@@@@@@@@@@@@@@@@@@@@@@@@
[  865.217 ns ;   912.513 ns) | @@@@@@@@@@@@@@@@@@
[  912.513 ns ;   961.605 ns) | @@@@@@@@@@@@@@@@@@
[  961.605 ns ; 1,022.902 ns) | @@@@@@@@@@@@@
[1,022.902 ns ; 1,070.550 ns) | @@@@@
[1,070.550 ns ; 1,117.314 ns) | @
---------------------------------------------------

RedactionBenchmarks.Herald_Baseline_NoRedaction_SixteenProps: DefaultJob
Runtime = .NET 10.0.8 (10.0.826.23019), X64 RyuJIT AVX2; GC = Concurrent Server
Mean = 82.531 ns, StdErr = 0.492 ns (0.60%), N = 70, StdDev = 4.118 ns
Min = 75.733 ns, Q1 = 79.363 ns, Median = 81.640 ns, Q3 = 84.964 ns, Max = 92.098 ns
IQR = 5.601 ns, LowerFence = 70.960 ns, UpperFence = 93.366 ns
ConfidenceInterval = [80.839 ns; 84.223 ns] (CI 99.9%), Margin = 1.692 ns (2.05% of Mean)
Skewness = 0.82, Kurtosis = 2.71, MValue = 2.21
-------------------- Histogram --------------------
[74.421 ns ; 77.044 ns) | @
[77.044 ns ; 80.330 ns) | @@@@@@@@@@@@@@@@@@@@@@@@@@@@@
[80.330 ns ; 84.194 ns) | @@@@@@@@@@@@@@@@@@@@
[84.194 ns ; 86.795 ns) | @@@@@@@@@
[86.795 ns ; 89.490 ns) | @@@@
[89.490 ns ; 92.113 ns) | @@@@@@@
---------------------------------------------------

RedactionBenchmarks.Herald_WithFastRedaction_SixteenProps_TwoRulesFire: DefaultJob
Runtime = .NET 10.0.8 (10.0.826.23019), X64 RyuJIT AVX2; GC = Concurrent Server
Mean = 245.111 ns, StdErr = 1.296 ns (0.53%), N = 51, StdDev = 9.253 ns
Min = 232.896 ns, Q1 = 237.409 ns, Median = 244.355 ns, Q3 = 250.618 ns, Max = 272.540 ns
IQR = 13.210 ns, LowerFence = 217.594 ns, UpperFence = 270.433 ns
ConfidenceInterval = [240.582 ns; 249.641 ns] (CI 99.9%), Margin = 4.530 ns (1.85% of Mean)
Skewness = 0.82, Kurtosis = 3.23, MValue = 2
-------------------- Histogram --------------------
[232.572 ns ; 241.510 ns) | @@@@@@@@@@@@@@@@@@@
[241.510 ns ; 248.059 ns) | @@@@@@@@@@@@@@@@
[248.059 ns ; 256.310 ns) | @@@@@@@@@
[256.310 ns ; 266.926 ns) | @@@@@
[266.926 ns ; 273.475 ns) | @@
---------------------------------------------------

RedactionBenchmarks.Herald_WithCompiledRedaction_SixteenProps_TwoRulesFire: DefaultJob
Runtime = .NET 10.0.8 (10.0.826.23019), X64 RyuJIT AVX2; GC = Concurrent Server
Mean = 3.403 μs, StdErr = 0.020 μs (0.57%), N = 57, StdDev = 0.148 μs
Min = 3.176 μs, Q1 = 3.286 μs, Median = 3.403 μs, Q3 = 3.485 μs, Max = 3.725 μs
IQR = 0.199 μs, LowerFence = 2.987 μs, UpperFence = 3.785 μs
ConfidenceInterval = [3.335 μs; 3.471 μs] (CI 99.9%), Margin = 0.068 μs (1.99% of Mean)
Skewness = 0.3, Kurtosis = 2.28, MValue = 2.44
-------------------- Histogram --------------------
[3.125 μs ; 3.196 μs) | @@@@
[3.196 μs ; 3.297 μs) | @@@@@@@@@@@@@
[3.297 μs ; 3.388 μs) | @@@@@@@@@
[3.388 μs ; 3.489 μs) | @@@@@@@@@@@@@@@@@@
[3.489 μs ; 3.610 μs) | @@@@@@@@@
[3.610 μs ; 3.776 μs) | @@@@
---------------------------------------------------

// * Summary *

BenchmarkDotNet v0.14.0, Windows 11 (10.0.26200.8457)
12th Gen Intel Core i9-12900K, 1 CPU, 24 logical and 16 physical cores
.NET SDK 10.0.204
  [Host]     : .NET 10.0.8 (10.0.826.23019), X64 RyuJIT AVX2
  DefaultJob : .NET 10.0.8 (10.0.826.23019), X64 RyuJIT AVX2


| Method                                                 | Mean        | Error     | StdDev     | Ratio  | RatioSD | Gen0   | Gen1   | Gen2   | Allocated | Alloc Ratio |
|------------------------------------------------------- |------------:|----------:|-----------:|-------:|--------:|-------:|-------:|-------:|----------:|------------:|
| Herald_Baseline_NoRedaction                            |    27.86 ns |  0.557 ns |   0.547 ns |   1.00 |    0.03 |      - |      - |      - |         - |          NA |
| Herald_WithFastRedaction                               |    75.94 ns |  1.527 ns |   2.868 ns |   2.73 |    0.11 | 0.0011 | 0.0001 | 0.0001 |         - |          NA |
| Herald_WithCompiledRedaction                           |   893.52 ns | 26.336 ns |  77.654 ns |  32.09 |    2.84 | 0.0238 |      - |      - |    1368 B |          NA |
| Herald_Baseline_NoRedaction_SixteenProps               |    82.53 ns |  1.692 ns |   4.118 ns |   2.96 |    0.16 |      - |      - |      - |         - |          NA |
| Herald_WithFastRedaction_SixteenProps_TwoRulesFire     |   245.11 ns |  4.530 ns |   9.253 ns |   8.80 |    0.37 | 0.0010 |      - |      - |      56 B |          NA |
| Herald_WithCompiledRedaction_SixteenProps_TwoRulesFire | 3,403.16 ns | 67.864 ns | 147.530 ns | 122.21 |    5.74 | 0.0763 |      - |      - |    4488 B |          NA |

// * Hints *
Outliers
  RedactionBenchmarks.Herald_Baseline_NoRedaction: Default                        -> 1 outlier  was  removed (31.43 ns)
  RedactionBenchmarks.Herald_WithFastRedaction: Default                           -> 1 outlier  was  removed (89.18 ns)
  RedactionBenchmarks.Herald_WithFastRedaction_SixteenProps_TwoRulesFire: Default -> 4 outliers were removed (277.16 ns..294.99 ns)

// * Legends *
  Mean        : Arithmetic mean of all measurements
  Error       : Half of 99.9% confidence interval
  StdDev      : Standard deviation of all measurements
  Ratio       : Mean of the ratio distribution ([Current]/[Baseline])
  RatioSD     : Standard deviation of the ratio distribution ([Current]/[Baseline])
  Gen0        : GC Generation 0 collects per 1000 operations
  Gen1        : GC Generation 1 collects per 1000 operations
  Gen2        : GC Generation 2 collects per 1000 operations
  Allocated   : Allocated memory per single operation (managed only, inclusive, 1KB = 1024B)
  Alloc Ratio : Allocated memory ratio distribution ([Current]/[Baseline])
  1 ns        : 1 Nanosecond (0.000000001 sec)

// * Diagnostic Output - MemoryDiagnoser *


// ***** BenchmarkRunner: End *****
Run time: 00:05:25 (325.34 sec), executed benchmarks: 6

// Found 8 benchmarks:
//   TypedArgsBenchmarks.Herald_TypedArgs_FourProps_AllStrings: DefaultJob
//   TypedArgsBenchmarks.Herald_TypedArgs_FourProps_MixedTypes: DefaultJob
//   TypedArgsBenchmarks.Herald_TypedArgs_SixteenProps_AllStrings: DefaultJob
//   TypedArgsBenchmarks.Herald_TypedArgs_SixteenProps_MixedTypes: DefaultJob
//   TypedArgsBenchmarks.Herald_TypedArgs_EightProps_AllStrings: DefaultJob
//   TypedArgsBenchmarks.Herald_TypedArgs_EightProps_MixedTypes: DefaultJob
//   TypedArgsBenchmarks.Herald_TypedArgs_FourProps_AuditShape: DefaultJob
//   TypedArgsBenchmarks.Herald_TypedArgs_FourProps_FinanceShape: DefaultJob

Setup power plan (GUID: 8c5e7fda-e8bf-4a96-9a85-a6e23a8c635c FriendlyName: High performance)
// **************************
// Benchmark: TypedArgsBenchmarks.Herald_TypedArgs_FourProps_AllStrings: DefaultJob
// *** Execute ***
// Launch: 1 / 1
// Execute: dotnet 39a2256e-60fa-4d30-974a-7a369d9cdb55.dll --anonymousPipes 54060 50444 --benchmarkName MMP.Herald.OSS.Benchmarks.Comparisons.HeraldRow.TypedArgsBenchmarks.Herald_TypedArgs_FourProps_AllStrings --job Default --benchmarkId 9 in E:\dev\Herald.OSS\benchmarking\comparisons\net10\herald\bin\Release\net10.0\39a2256e-60fa-4d30-974a-7a369d9cdb55\bin\Release\net10.0
// BeforeAnythingElse

// Benchmark Process Environment Information:
// BenchmarkDotNet v0.14.0
// Runtime=.NET 10.0.8 (10.0.826.23019), X64 RyuJIT AVX2
// GC=Concurrent Server
// HardwareIntrinsics=AVX2,AES,BMI1,BMI2,FMA,LZCNT,PCLMUL,POPCNT,AvxVnni,SERIALIZE VectorSize=256
// Job: DefaultJob

OverheadJitting  1: 1 op, 182400.00 ns, 182.4000 us/op
WorkloadJitting  1: 1 op, 2399000.00 ns, 2.3990 ms/op

OverheadJitting  2: 16 op, 165400.00 ns, 10.3375 us/op
WorkloadJitting  2: 16 op, 248600.00 ns, 15.5375 us/op

WorkloadPilot    1: 16 op, 6900.00 ns, 431.2500 ns/op
WorkloadPilot    2: 32 op, 8800.00 ns, 275.0000 ns/op
WorkloadPilot    3: 64 op, 10300.00 ns, 160.9375 ns/op
WorkloadPilot    4: 128 op, 32300.00 ns, 252.3438 ns/op
WorkloadPilot    5: 256 op, 36500.00 ns, 142.5781 ns/op
WorkloadPilot    6: 512 op, 64700.00 ns, 126.3672 ns/op
WorkloadPilot    7: 1024 op, 132300.00 ns, 129.1992 ns/op
WorkloadPilot    8: 2048 op, 247200.00 ns, 120.7031 ns/op
WorkloadPilot    9: 4096 op, 510700.00 ns, 124.6826 ns/op
WorkloadPilot   10: 8192 op, 1038900.00 ns, 126.8188 ns/op
WorkloadPilot   11: 16384 op, 2190200.00 ns, 133.6792 ns/op
WorkloadPilot   12: 32768 op, 4073600.00 ns, 124.3164 ns/op
WorkloadPilot   13: 65536 op, 8055900.00 ns, 122.9233 ns/op
WorkloadPilot   14: 131072 op, 15538300.00 ns, 118.5478 ns/op
WorkloadPilot   15: 262144 op, 30779300.00 ns, 117.4137 ns/op
WorkloadPilot   16: 524288 op, 61097000.00 ns, 116.5333 ns/op
WorkloadPilot   17: 1048576 op, 87213400.00 ns, 83.1732 ns/op
WorkloadPilot   18: 2097152 op, 69037700.00 ns, 32.9197 ns/op
WorkloadPilot   19: 4194304 op, 138502900.00 ns, 33.0217 ns/op
WorkloadPilot   20: 8388608 op, 277888100.00 ns, 33.1268 ns/op
WorkloadPilot   21: 16777216 op, 550530500.00 ns, 32.8142 ns/op

OverheadWarmup   1: 16777216 op, 31820100.00 ns, 1.8966 ns/op
OverheadWarmup   2: 16777216 op, 31842200.00 ns, 1.8979 ns/op
OverheadWarmup   3: 16777216 op, 32015300.00 ns, 1.9083 ns/op
OverheadWarmup   4: 16777216 op, 31770000.00 ns, 1.8936 ns/op
OverheadWarmup   5: 16777216 op, 31768600.00 ns, 1.8936 ns/op
OverheadWarmup   6: 16777216 op, 31787000.00 ns, 1.8947 ns/op
OverheadWarmup   7: 16777216 op, 31876700.00 ns, 1.9000 ns/op
OverheadWarmup   8: 16777216 op, 31812800.00 ns, 1.8962 ns/op

OverheadActual   1: 16777216 op, 31837200.00 ns, 1.8976 ns/op
OverheadActual   2: 16777216 op, 31799500.00 ns, 1.8954 ns/op
OverheadActual   3: 16777216 op, 32110400.00 ns, 1.9139 ns/op
OverheadActual   4: 16777216 op, 32173700.00 ns, 1.9177 ns/op
OverheadActual   5: 16777216 op, 32321400.00 ns, 1.9265 ns/op
OverheadActual   6: 16777216 op, 31816500.00 ns, 1.8964 ns/op
OverheadActual   7: 16777216 op, 32307100.00 ns, 1.9257 ns/op
OverheadActual   8: 16777216 op, 31801700.00 ns, 1.8955 ns/op
OverheadActual   9: 16777216 op, 25575600.00 ns, 1.5244 ns/op
OverheadActual  10: 16777216 op, 25263500.00 ns, 1.5058 ns/op
OverheadActual  11: 16777216 op, 24911900.00 ns, 1.4849 ns/op
OverheadActual  12: 16777216 op, 25282700.00 ns, 1.5070 ns/op
OverheadActual  13: 16777216 op, 24888100.00 ns, 1.4834 ns/op
OverheadActual  14: 16777216 op, 24890300.00 ns, 1.4836 ns/op
OverheadActual  15: 16777216 op, 24898800.00 ns, 1.4841 ns/op
OverheadActual  16: 16777216 op, 24933800.00 ns, 1.4862 ns/op
OverheadActual  17: 16777216 op, 24895900.00 ns, 1.4839 ns/op
OverheadActual  18: 16777216 op, 24902100.00 ns, 1.4843 ns/op
OverheadActual  19: 16777216 op, 24942000.00 ns, 1.4867 ns/op
OverheadActual  20: 16777216 op, 24957100.00 ns, 1.4876 ns/op

WorkloadWarmup   1: 16777216 op, 545450900.00 ns, 32.5114 ns/op
WorkloadWarmup   2: 16777216 op, 578846000.00 ns, 34.5019 ns/op
WorkloadWarmup   3: 16777216 op, 554259300.00 ns, 33.0364 ns/op
WorkloadWarmup   4: 16777216 op, 570970200.00 ns, 34.0325 ns/op
WorkloadWarmup   5: 16777216 op, 552346800.00 ns, 32.9224 ns/op
WorkloadWarmup   6: 16777216 op, 552617600.00 ns, 32.9386 ns/op

// BeforeActualRun
WorkloadActual   1: 16777216 op, 569997700.00 ns, 33.9745 ns/op
WorkloadActual   2: 16777216 op, 688063100.00 ns, 41.0118 ns/op
WorkloadActual   3: 16777216 op, 632206800.00 ns, 37.6825 ns/op
WorkloadActual   4: 16777216 op, 562159900.00 ns, 33.5073 ns/op
WorkloadActual   5: 16777216 op, 561076100.00 ns, 33.4427 ns/op
WorkloadActual   6: 16777216 op, 556572300.00 ns, 33.1743 ns/op
WorkloadActual   7: 16777216 op, 626205800.00 ns, 37.3248 ns/op
WorkloadActual   8: 16777216 op, 643242300.00 ns, 38.3402 ns/op
WorkloadActual   9: 16777216 op, 608454900.00 ns, 36.2667 ns/op
WorkloadActual  10: 16777216 op, 638468500.00 ns, 38.0557 ns/op
WorkloadActual  11: 16777216 op, 630260200.00 ns, 37.5664 ns/op
WorkloadActual  12: 16777216 op, 597276400.00 ns, 35.6004 ns/op
WorkloadActual  13: 16777216 op, 581719900.00 ns, 34.6732 ns/op
WorkloadActual  14: 16777216 op, 612661200.00 ns, 36.5175 ns/op
WorkloadActual  15: 16777216 op, 553176900.00 ns, 32.9719 ns/op
WorkloadActual  16: 16777216 op, 578168700.00 ns, 34.4615 ns/op
WorkloadActual  17: 16777216 op, 611440800.00 ns, 36.4447 ns/op
WorkloadActual  18: 16777216 op, 561002100.00 ns, 33.4383 ns/op
WorkloadActual  19: 16777216 op, 607254800.00 ns, 36.1952 ns/op
WorkloadActual  20: 16777216 op, 572917100.00 ns, 34.1485 ns/op
WorkloadActual  21: 16777216 op, 555183200.00 ns, 33.0915 ns/op
WorkloadActual  22: 16777216 op, 568080000.00 ns, 33.8602 ns/op
WorkloadActual  23: 16777216 op, 576264700.00 ns, 34.3481 ns/op
WorkloadActual  24: 16777216 op, 594777000.00 ns, 35.4515 ns/op
WorkloadActual  25: 16777216 op, 600923800.00 ns, 35.8178 ns/op
WorkloadActual  26: 16777216 op, 552895500.00 ns, 32.9551 ns/op
WorkloadActual  27: 16777216 op, 588523100.00 ns, 35.0787 ns/op
WorkloadActual  28: 16777216 op, 586017500.00 ns, 34.9294 ns/op
WorkloadActual  29: 16777216 op, 609704000.00 ns, 36.3412 ns/op
WorkloadActual  30: 16777216 op, 558230500.00 ns, 33.2731 ns/op
WorkloadActual  31: 16777216 op, 606275900.00 ns, 36.1369 ns/op
WorkloadActual  32: 16777216 op, 548185500.00 ns, 32.6744 ns/op
WorkloadActual  33: 16777216 op, 554031200.00 ns, 33.0228 ns/op
WorkloadActual  34: 16777216 op, 562078000.00 ns, 33.5025 ns/op
WorkloadActual  35: 16777216 op, 567954700.00 ns, 33.8527 ns/op
WorkloadActual  36: 16777216 op, 550871000.00 ns, 32.8345 ns/op
WorkloadActual  37: 16777216 op, 558354600.00 ns, 33.2805 ns/op
WorkloadActual  38: 16777216 op, 608606200.00 ns, 36.2758 ns/op
WorkloadActual  39: 16777216 op, 555393400.00 ns, 33.1040 ns/op
WorkloadActual  40: 16777216 op, 554810600.00 ns, 33.0693 ns/op
WorkloadActual  41: 16777216 op, 558954300.00 ns, 33.3163 ns/op
WorkloadActual  42: 16777216 op, 564638400.00 ns, 33.6551 ns/op
WorkloadActual  43: 16777216 op, 573745800.00 ns, 34.1979 ns/op
WorkloadActual  44: 16777216 op, 562184500.00 ns, 33.5088 ns/op
WorkloadActual  45: 16777216 op, 573584200.00 ns, 34.1883 ns/op
WorkloadActual  46: 16777216 op, 559980200.00 ns, 33.3774 ns/op
WorkloadActual  47: 16777216 op, 599147500.00 ns, 35.7120 ns/op
WorkloadActual  48: 16777216 op, 591518200.00 ns, 35.2572 ns/op
WorkloadActual  49: 16777216 op, 596778600.00 ns, 35.5708 ns/op
WorkloadActual  50: 16777216 op, 610134500.00 ns, 36.3669 ns/op
WorkloadActual  51: 16777216 op, 582405400.00 ns, 34.7141 ns/op
WorkloadActual  52: 16777216 op, 559257600.00 ns, 33.3344 ns/op
WorkloadActual  53: 16777216 op, 550783600.00 ns, 32.8293 ns/op
WorkloadActual  54: 16777216 op, 577557800.00 ns, 34.4251 ns/op
WorkloadActual  55: 16777216 op, 568311000.00 ns, 33.8740 ns/op
WorkloadActual  56: 16777216 op, 547338300.00 ns, 32.6239 ns/op
WorkloadActual  57: 16777216 op, 566649200.00 ns, 33.7749 ns/op
WorkloadActual  58: 16777216 op, 574083900.00 ns, 34.2181 ns/op
WorkloadActual  59: 16777216 op, 555512300.00 ns, 33.1111 ns/op
WorkloadActual  60: 16777216 op, 555804200.00 ns, 33.1285 ns/op

// AfterActualRun
WorkloadResult   1: 16777216 op, 544724600.00 ns, 32.4681 ns/op
WorkloadResult   2: 16777216 op, 606933700.00 ns, 36.1761 ns/op
WorkloadResult   3: 16777216 op, 536886800.00 ns, 32.0009 ns/op
WorkloadResult   4: 16777216 op, 535803000.00 ns, 31.9363 ns/op
WorkloadResult   5: 16777216 op, 531299200.00 ns, 31.6679 ns/op
WorkloadResult   6: 16777216 op, 600932700.00 ns, 35.8184 ns/op
WorkloadResult   7: 16777216 op, 617969200.00 ns, 36.8338 ns/op
WorkloadResult   8: 16777216 op, 583181800.00 ns, 34.7603 ns/op
WorkloadResult   9: 16777216 op, 613195400.00 ns, 36.5493 ns/op
WorkloadResult  10: 16777216 op, 604987100.00 ns, 36.0600 ns/op
WorkloadResult  11: 16777216 op, 572003300.00 ns, 34.0941 ns/op
WorkloadResult  12: 16777216 op, 556446800.00 ns, 33.1668 ns/op
WorkloadResult  13: 16777216 op, 587388100.00 ns, 35.0111 ns/op
WorkloadResult  14: 16777216 op, 527903800.00 ns, 31.4655 ns/op
WorkloadResult  15: 16777216 op, 552895600.00 ns, 32.9551 ns/op
WorkloadResult  16: 16777216 op, 586167700.00 ns, 34.9383 ns/op
WorkloadResult  17: 16777216 op, 535729000.00 ns, 31.9319 ns/op
WorkloadResult  18: 16777216 op, 581981700.00 ns, 34.6888 ns/op
WorkloadResult  19: 16777216 op, 547644000.00 ns, 32.6421 ns/op
WorkloadResult  20: 16777216 op, 529910100.00 ns, 31.5851 ns/op
WorkloadResult  21: 16777216 op, 542806900.00 ns, 32.3538 ns/op
WorkloadResult  22: 16777216 op, 550991600.00 ns, 32.8417 ns/op
WorkloadResult  23: 16777216 op, 569503900.00 ns, 33.9451 ns/op
WorkloadResult  24: 16777216 op, 575650700.00 ns, 34.3115 ns/op
WorkloadResult  25: 16777216 op, 527622400.00 ns, 31.4487 ns/op
WorkloadResult  26: 16777216 op, 563250000.00 ns, 33.5723 ns/op
WorkloadResult  27: 16777216 op, 560744400.00 ns, 33.4230 ns/op
WorkloadResult  28: 16777216 op, 584430900.00 ns, 34.8348 ns/op
WorkloadResult  29: 16777216 op, 532957400.00 ns, 31.7667 ns/op
WorkloadResult  30: 16777216 op, 581002800.00 ns, 34.6305 ns/op
WorkloadResult  31: 16777216 op, 522912400.00 ns, 31.1680 ns/op
WorkloadResult  32: 16777216 op, 528758100.00 ns, 31.5164 ns/op
WorkloadResult  33: 16777216 op, 536804900.00 ns, 31.9961 ns/op
WorkloadResult  34: 16777216 op, 542681600.00 ns, 32.3463 ns/op
WorkloadResult  35: 16777216 op, 525597900.00 ns, 31.3281 ns/op
WorkloadResult  36: 16777216 op, 533081500.00 ns, 31.7741 ns/op
WorkloadResult  37: 16777216 op, 583333100.00 ns, 34.7694 ns/op
WorkloadResult  38: 16777216 op, 530120300.00 ns, 31.5976 ns/op
WorkloadResult  39: 16777216 op, 529537500.00 ns, 31.5629 ns/op
WorkloadResult  40: 16777216 op, 533681200.00 ns, 31.8099 ns/op
WorkloadResult  41: 16777216 op, 539365300.00 ns, 32.1487 ns/op
WorkloadResult  42: 16777216 op, 548472700.00 ns, 32.6915 ns/op
WorkloadResult  43: 16777216 op, 536911400.00 ns, 32.0024 ns/op
WorkloadResult  44: 16777216 op, 548311100.00 ns, 32.6819 ns/op
WorkloadResult  45: 16777216 op, 534707100.00 ns, 31.8710 ns/op
WorkloadResult  46: 16777216 op, 573874400.00 ns, 34.2056 ns/op
WorkloadResult  47: 16777216 op, 566245100.00 ns, 33.7508 ns/op
WorkloadResult  48: 16777216 op, 571505500.00 ns, 34.0644 ns/op
WorkloadResult  49: 16777216 op, 584861400.00 ns, 34.8605 ns/op
WorkloadResult  50: 16777216 op, 557132300.00 ns, 33.2077 ns/op
WorkloadResult  51: 16777216 op, 533984500.00 ns, 31.8280 ns/op
WorkloadResult  52: 16777216 op, 525510500.00 ns, 31.3229 ns/op
WorkloadResult  53: 16777216 op, 552284700.00 ns, 32.9187 ns/op
WorkloadResult  54: 16777216 op, 543037900.00 ns, 32.3676 ns/op
WorkloadResult  55: 16777216 op, 522065200.00 ns, 31.1175 ns/op
WorkloadResult  56: 16777216 op, 541376100.00 ns, 32.2685 ns/op
WorkloadResult  57: 16777216 op, 548810800.00 ns, 32.7117 ns/op
WorkloadResult  58: 16777216 op, 530239200.00 ns, 31.6047 ns/op
WorkloadResult  59: 16777216 op, 530531100.00 ns, 31.6221 ns/op
// GC:  0 0 0 1696 16777216
// Threading:  0 0 16777216

// AfterAll
// Benchmark Process 82756 has exited with code 0.

Mean = 33.034 ns, StdErr = 0.199 ns (0.60%), N = 59, StdDev = 1.527 ns
Min = 31.118 ns, Q1 = 31.792 ns, Median = 32.642 ns, Q3 = 34.150 ns, Max = 36.834 ns
IQR = 2.358 ns, LowerFence = 28.255 ns, UpperFence = 37.687 ns
ConfidenceInterval = [32.345 ns; 33.723 ns] (CI 99.9%), Margin = 0.689 ns (2.09% of Mean)
Skewness = 0.77, Kurtosis = 2.49, MValue = 2.64

// ** Remained 7 (41.2%) benchmark(s) to run. Estimated finish 2026-05-18 5:59 (0h 5m from now) **
Setup power plan (GUID: 8c5e7fda-e8bf-4a96-9a85-a6e23a8c635c FriendlyName: High performance)
// **************************
// Benchmark: TypedArgsBenchmarks.Herald_TypedArgs_FourProps_MixedTypes: DefaultJob
// *** Execute ***
// Launch: 1 / 1
// Execute: dotnet 39a2256e-60fa-4d30-974a-7a369d9cdb55.dll --anonymousPipes 46448 13272 --benchmarkName MMP.Herald.OSS.Benchmarks.Comparisons.HeraldRow.TypedArgsBenchmarks.Herald_TypedArgs_FourProps_MixedTypes --job Default --benchmarkId 10 in E:\dev\Herald.OSS\benchmarking\comparisons\net10\herald\bin\Release\net10.0\39a2256e-60fa-4d30-974a-7a369d9cdb55\bin\Release\net10.0
// BeforeAnythingElse

// Benchmark Process Environment Information:
// BenchmarkDotNet v0.14.0
// Runtime=.NET 10.0.8 (10.0.826.23019), X64 RyuJIT AVX2
// GC=Concurrent Server
// HardwareIntrinsics=AVX2,AES,BMI1,BMI2,FMA,LZCNT,PCLMUL,POPCNT,AvxVnni,SERIALIZE VectorSize=256
// Job: DefaultJob

OverheadJitting  1: 1 op, 190200.00 ns, 190.2000 us/op
WorkloadJitting  1: 1 op, 2115400.00 ns, 2.1154 ms/op

OverheadJitting  2: 16 op, 156800.00 ns, 9.8000 us/op
WorkloadJitting  2: 16 op, 168900.00 ns, 10.5563 us/op

WorkloadPilot    1: 16 op, 9600.00 ns, 600.0000 ns/op
WorkloadPilot    2: 32 op, 8800.00 ns, 275.0000 ns/op
WorkloadPilot    3: 64 op, 12300.00 ns, 192.1875 ns/op
WorkloadPilot    4: 128 op, 21500.00 ns, 167.9688 ns/op
WorkloadPilot    5: 256 op, 34300.00 ns, 133.9844 ns/op
WorkloadPilot    6: 512 op, 76000.00 ns, 148.4375 ns/op
WorkloadPilot    7: 1024 op, 142900.00 ns, 139.5508 ns/op
WorkloadPilot    8: 2048 op, 243900.00 ns, 119.0918 ns/op
WorkloadPilot    9: 4096 op, 479200.00 ns, 116.9922 ns/op
WorkloadPilot   10: 8192 op, 1008500.00 ns, 123.1079 ns/op
WorkloadPilot   11: 16384 op, 1944200.00 ns, 118.6646 ns/op
WorkloadPilot   12: 32768 op, 3959700.00 ns, 120.8405 ns/op
WorkloadPilot   13: 65536 op, 7666400.00 ns, 116.9800 ns/op
WorkloadPilot   14: 131072 op, 14912700.00 ns, 113.7749 ns/op
WorkloadPilot   15: 262144 op, 29797100.00 ns, 113.6669 ns/op
WorkloadPilot   16: 524288 op, 58124500.00 ns, 110.8637 ns/op
WorkloadPilot   17: 1048576 op, 34051800.00 ns, 32.4743 ns/op
WorkloadPilot   18: 2097152 op, 68442300.00 ns, 32.6358 ns/op
WorkloadPilot   19: 4194304 op, 136587800.00 ns, 32.5651 ns/op
WorkloadPilot   20: 8388608 op, 273209700.00 ns, 32.5691 ns/op
WorkloadPilot   21: 16777216 op, 548271800.00 ns, 32.6795 ns/op

OverheadWarmup   1: 16777216 op, 31867900.00 ns, 1.8995 ns/op
OverheadWarmup   2: 16777216 op, 31978500.00 ns, 1.9061 ns/op
OverheadWarmup   3: 16777216 op, 32025700.00 ns, 1.9089 ns/op
OverheadWarmup   4: 16777216 op, 31947000.00 ns, 1.9042 ns/op
OverheadWarmup   5: 16777216 op, 31858100.00 ns, 1.8989 ns/op
OverheadWarmup   6: 16777216 op, 31851600.00 ns, 1.8985 ns/op
OverheadWarmup   7: 16777216 op, 31957100.00 ns, 1.9048 ns/op
OverheadWarmup   8: 16777216 op, 31857100.00 ns, 1.8988 ns/op

OverheadActual   1: 16777216 op, 31889700.00 ns, 1.9008 ns/op
OverheadActual   2: 16777216 op, 31828800.00 ns, 1.8971 ns/op
OverheadActual   3: 16777216 op, 31800000.00 ns, 1.8954 ns/op
OverheadActual   4: 16777216 op, 31804100.00 ns, 1.8957 ns/op
OverheadActual   5: 16777216 op, 32182300.00 ns, 1.9182 ns/op
OverheadActual   6: 16777216 op, 32137900.00 ns, 1.9156 ns/op
OverheadActual   7: 16777216 op, 32466600.00 ns, 1.9352 ns/op
OverheadActual   8: 16777216 op, 32347000.00 ns, 1.9280 ns/op
OverheadActual   9: 16777216 op, 25846200.00 ns, 1.5406 ns/op
OverheadActual  10: 16777216 op, 25333200.00 ns, 1.5100 ns/op
OverheadActual  11: 16777216 op, 25200100.00 ns, 1.5020 ns/op
OverheadActual  12: 16777216 op, 25182800.00 ns, 1.5010 ns/op
OverheadActual  13: 16777216 op, 25434700.00 ns, 1.5160 ns/op
OverheadActual  14: 16777216 op, 24926400.00 ns, 1.4857 ns/op
OverheadActual  15: 16777216 op, 25538300.00 ns, 1.5222 ns/op
OverheadActual  16: 16777216 op, 25419800.00 ns, 1.5151 ns/op
OverheadActual  17: 16777216 op, 24989000.00 ns, 1.4895 ns/op
OverheadActual  18: 16777216 op, 24971600.00 ns, 1.4884 ns/op
OverheadActual  19: 16777216 op, 25534400.00 ns, 1.5220 ns/op
OverheadActual  20: 16777216 op, 25196300.00 ns, 1.5018 ns/op

WorkloadWarmup   1: 16777216 op, 555171700.00 ns, 33.0908 ns/op
WorkloadWarmup   2: 16777216 op, 557452200.00 ns, 33.2267 ns/op
WorkloadWarmup   3: 16777216 op, 568780200.00 ns, 33.9019 ns/op
WorkloadWarmup   4: 16777216 op, 564450000.00 ns, 33.6438 ns/op
WorkloadWarmup   5: 16777216 op, 575516500.00 ns, 34.3035 ns/op
WorkloadWarmup   6: 16777216 op, 564420000.00 ns, 33.6421 ns/op

// BeforeActualRun
WorkloadActual   1: 16777216 op, 555568300.00 ns, 33.1145 ns/op
WorkloadActual   2: 16777216 op, 548597000.00 ns, 32.6989 ns/op
WorkloadActual   3: 16777216 op, 579179800.00 ns, 34.5218 ns/op
WorkloadActual   4: 16777216 op, 552618200.00 ns, 32.9386 ns/op
WorkloadActual   5: 16777216 op, 549636400.00 ns, 32.7609 ns/op
WorkloadActual   6: 16777216 op, 553016100.00 ns, 32.9623 ns/op
WorkloadActual   7: 16777216 op, 547115700.00 ns, 32.6106 ns/op
WorkloadActual   8: 16777216 op, 559716000.00 ns, 33.3617 ns/op
WorkloadActual   9: 16777216 op, 553353000.00 ns, 32.9824 ns/op
WorkloadActual  10: 16777216 op, 550919500.00 ns, 32.8374 ns/op
WorkloadActual  11: 16777216 op, 554029800.00 ns, 33.0227 ns/op
WorkloadActual  12: 16777216 op, 553914900.00 ns, 33.0159 ns/op
WorkloadActual  13: 16777216 op, 560248000.00 ns, 33.3934 ns/op
WorkloadActual  14: 16777216 op, 556184600.00 ns, 33.1512 ns/op
WorkloadActual  15: 16777216 op, 551787900.00 ns, 32.8891 ns/op

// AfterActualRun
WorkloadResult   1: 16777216 op, 530031950.00 ns, 31.5924 ns/op
WorkloadResult   2: 16777216 op, 523060650.00 ns, 31.1768 ns/op
WorkloadResult   3: 16777216 op, 527081850.00 ns, 31.4165 ns/op
WorkloadResult   4: 16777216 op, 524100050.00 ns, 31.2388 ns/op
WorkloadResult   5: 16777216 op, 527479750.00 ns, 31.4402 ns/op
WorkloadResult   6: 16777216 op, 521579350.00 ns, 31.0886 ns/op
WorkloadResult   7: 16777216 op, 534179650.00 ns, 31.8396 ns/op
WorkloadResult   8: 16777216 op, 527816650.00 ns, 31.4603 ns/op
WorkloadResult   9: 16777216 op, 525383150.00 ns, 31.3153 ns/op
WorkloadResult  10: 16777216 op, 528493450.00 ns, 31.5007 ns/op
WorkloadResult  11: 16777216 op, 528378550.00 ns, 31.4938 ns/op
WorkloadResult  12: 16777216 op, 534711650.00 ns, 31.8713 ns/op
WorkloadResult  13: 16777216 op, 530648250.00 ns, 31.6291 ns/op
WorkloadResult  14: 16777216 op, 526251550.00 ns, 31.3670 ns/op
// GC:  0 0 0 64 16777216
// Threading:  0 0 16777216

// AfterAll
// Benchmark Process 63948 has exited with code 0.

Mean = 31.459 ns, StdErr = 0.060 ns (0.19%), N = 14, StdDev = 0.226 ns
Min = 31.089 ns, Q1 = 31.328 ns, Median = 31.450 ns, Q3 = 31.569 ns, Max = 31.871 ns
IQR = 0.241 ns, LowerFence = 30.966 ns, UpperFence = 31.931 ns
ConfidenceInterval = [31.205 ns; 31.714 ns] (CI 99.9%), Margin = 0.254 ns (0.81% of Mean)
Skewness = 0.28, Kurtosis = 2.18, MValue = 2

// ** Remained 6 (35.3%) benchmark(s) to run. Estimated finish 2026-05-18 5:58 (0h 4m from now) **
Setup power plan (GUID: 8c5e7fda-e8bf-4a96-9a85-a6e23a8c635c FriendlyName: High performance)
// **************************
// Benchmark: TypedArgsBenchmarks.Herald_TypedArgs_SixteenProps_AllStrings: DefaultJob
// *** Execute ***
// Launch: 1 / 1
// Execute: dotnet 39a2256e-60fa-4d30-974a-7a369d9cdb55.dll --anonymousPipes 46972 51880 --benchmarkName MMP.Herald.OSS.Benchmarks.Comparisons.HeraldRow.TypedArgsBenchmarks.Herald_TypedArgs_SixteenProps_AllStrings --job Default --benchmarkId 11 in E:\dev\Herald.OSS\benchmarking\comparisons\net10\herald\bin\Release\net10.0\39a2256e-60fa-4d30-974a-7a369d9cdb55\bin\Release\net10.0
// BeforeAnythingElse

// Benchmark Process Environment Information:
// BenchmarkDotNet v0.14.0
// Runtime=.NET 10.0.8 (10.0.826.23019), X64 RyuJIT AVX2
// GC=Concurrent Server
// HardwareIntrinsics=AVX2,AES,BMI1,BMI2,FMA,LZCNT,PCLMUL,POPCNT,AvxVnni,SERIALIZE VectorSize=256
// Job: DefaultJob

OverheadJitting  1: 1 op, 198000.00 ns, 198.0000 us/op
WorkloadJitting  1: 1 op, 2270600.00 ns, 2.2706 ms/op

OverheadJitting  2: 16 op, 183300.00 ns, 11.4563 us/op
WorkloadJitting  2: 16 op, 198600.00 ns, 12.4125 us/op

WorkloadPilot    1: 16 op, 10000.00 ns, 625.0000 ns/op
WorkloadPilot    2: 32 op, 12800.00 ns, 400.0000 ns/op
WorkloadPilot    3: 64 op, 20600.00 ns, 321.8750 ns/op
WorkloadPilot    4: 128 op, 38400.00 ns, 300.0000 ns/op
WorkloadPilot    5: 256 op, 71400.00 ns, 278.9063 ns/op
WorkloadPilot    6: 512 op, 133900.00 ns, 261.5234 ns/op
WorkloadPilot    7: 1024 op, 270000.00 ns, 263.6719 ns/op
WorkloadPilot    8: 2048 op, 574900.00 ns, 280.7129 ns/op
WorkloadPilot    9: 4096 op, 1050200.00 ns, 256.3965 ns/op
WorkloadPilot   10: 8192 op, 2519300.00 ns, 307.5317 ns/op
WorkloadPilot   11: 16384 op, 4389600.00 ns, 267.9199 ns/op
WorkloadPilot   12: 32768 op, 8904100.00 ns, 271.7316 ns/op
WorkloadPilot   13: 65536 op, 16734900.00 ns, 255.3543 ns/op
WorkloadPilot   14: 131072 op, 34078100.00 ns, 259.9953 ns/op
WorkloadPilot   15: 262144 op, 57632600.00 ns, 219.8509 ns/op
WorkloadPilot   16: 524288 op, 42122600.00 ns, 80.3425 ns/op
WorkloadPilot   17: 1048576 op, 84830100.00 ns, 80.9003 ns/op
WorkloadPilot   18: 2097152 op, 169058200.00 ns, 80.6132 ns/op
WorkloadPilot   19: 4194304 op, 343428600.00 ns, 81.8798 ns/op
WorkloadPilot   20: 8388608 op, 679252000.00 ns, 80.9731 ns/op

OverheadWarmup   1: 8388608 op, 17009000.00 ns, 2.0276 ns/op
OverheadWarmup   2: 8388608 op, 16054700.00 ns, 1.9139 ns/op
OverheadWarmup   3: 8388608 op, 16667700.00 ns, 1.9869 ns/op
OverheadWarmup   4: 8388608 op, 17182000.00 ns, 2.0483 ns/op
OverheadWarmup   5: 8388608 op, 16160700.00 ns, 1.9265 ns/op
OverheadWarmup   6: 8388608 op, 16213100.00 ns, 1.9328 ns/op
OverheadWarmup   7: 8388608 op, 16070500.00 ns, 1.9158 ns/op

OverheadActual   1: 8388608 op, 17018600.00 ns, 2.0288 ns/op
OverheadActual   2: 8388608 op, 16511900.00 ns, 1.9684 ns/op
OverheadActual   3: 8388608 op, 16407000.00 ns, 1.9559 ns/op
OverheadActual   4: 8388608 op, 16512500.00 ns, 1.9684 ns/op
OverheadActual   5: 8388608 op, 16027300.00 ns, 1.9106 ns/op
OverheadActual   6: 8388608 op, 16009400.00 ns, 1.9085 ns/op
OverheadActual   7: 8388608 op, 16052000.00 ns, 1.9135 ns/op
OverheadActual   8: 8388608 op, 16070500.00 ns, 1.9158 ns/op
OverheadActual   9: 8388608 op, 16170500.00 ns, 1.9277 ns/op
OverheadActual  10: 8388608 op, 16065700.00 ns, 1.9152 ns/op
OverheadActual  11: 8388608 op, 16372100.00 ns, 1.9517 ns/op
OverheadActual  12: 8388608 op, 12943200.00 ns, 1.5429 ns/op
OverheadActual  13: 8388608 op, 12560000.00 ns, 1.4973 ns/op
OverheadActual  14: 8388608 op, 12589000.00 ns, 1.5007 ns/op
OverheadActual  15: 8388608 op, 12570200.00 ns, 1.4985 ns/op
OverheadActual  16: 8388608 op, 12667100.00 ns, 1.5100 ns/op
OverheadActual  17: 8388608 op, 12608500.00 ns, 1.5031 ns/op
OverheadActual  18: 8388608 op, 12620400.00 ns, 1.5045 ns/op
OverheadActual  19: 8388608 op, 12580400.00 ns, 1.4997 ns/op
OverheadActual  20: 8388608 op, 12563700.00 ns, 1.4977 ns/op

WorkloadWarmup   1: 8388608 op, 667864600.00 ns, 79.6157 ns/op
WorkloadWarmup   2: 8388608 op, 682833900.00 ns, 81.4001 ns/op
WorkloadWarmup   3: 8388608 op, 667312200.00 ns, 79.5498 ns/op
WorkloadWarmup   4: 8388608 op, 672395300.00 ns, 80.1558 ns/op
WorkloadWarmup   5: 8388608 op, 680887300.00 ns, 81.1681 ns/op
WorkloadWarmup   6: 8388608 op, 691525900.00 ns, 82.4363 ns/op
WorkloadWarmup   7: 8388608 op, 671471200.00 ns, 80.0456 ns/op

// BeforeActualRun
WorkloadActual   1: 8388608 op, 673798900.00 ns, 80.3231 ns/op
WorkloadActual   2: 8388608 op, 673881700.00 ns, 80.3330 ns/op
WorkloadActual   3: 8388608 op, 676377000.00 ns, 80.6304 ns/op
WorkloadActual   4: 8388608 op, 674379100.00 ns, 80.3923 ns/op
WorkloadActual   5: 8388608 op, 676368200.00 ns, 80.6294 ns/op
WorkloadActual   6: 8388608 op, 672081700.00 ns, 80.1184 ns/op
WorkloadActual   7: 8388608 op, 675733500.00 ns, 80.5537 ns/op
WorkloadActual   8: 8388608 op, 699714700.00 ns, 83.4125 ns/op
WorkloadActual   9: 8388608 op, 686822700.00 ns, 81.8756 ns/op
WorkloadActual  10: 8388608 op, 692222300.00 ns, 82.5193 ns/op
WorkloadActual  11: 8388608 op, 683200200.00 ns, 81.4438 ns/op
WorkloadActual  12: 8388608 op, 700758300.00 ns, 83.5369 ns/op
WorkloadActual  13: 8388608 op, 675016400.00 ns, 80.4682 ns/op
WorkloadActual  14: 8388608 op, 705769100.00 ns, 84.1342 ns/op
WorkloadActual  15: 8388608 op, 723040000.00 ns, 86.1931 ns/op
WorkloadActual  16: 8388608 op, 674032400.00 ns, 80.3509 ns/op
WorkloadActual  17: 8388608 op, 679671200.00 ns, 81.0231 ns/op

// AfterActualRun
WorkloadResult   1: 8388608 op, 657780550.00 ns, 78.4136 ns/op
WorkloadResult   2: 8388608 op, 657863350.00 ns, 78.4234 ns/op
WorkloadResult   3: 8388608 op, 660358650.00 ns, 78.7209 ns/op
WorkloadResult   4: 8388608 op, 658360750.00 ns, 78.4827 ns/op
WorkloadResult   5: 8388608 op, 660349850.00 ns, 78.7198 ns/op
WorkloadResult   6: 8388608 op, 656063350.00 ns, 78.2088 ns/op
WorkloadResult   7: 8388608 op, 659715150.00 ns, 78.6442 ns/op
WorkloadResult   8: 8388608 op, 683696350.00 ns, 81.5030 ns/op
WorkloadResult   9: 8388608 op, 670804350.00 ns, 79.9661 ns/op
WorkloadResult  10: 8388608 op, 676203950.00 ns, 80.6098 ns/op
WorkloadResult  11: 8388608 op, 667181850.00 ns, 79.5343 ns/op
WorkloadResult  12: 8388608 op, 684739950.00 ns, 81.6274 ns/op
WorkloadResult  13: 8388608 op, 658998050.00 ns, 78.5587 ns/op
WorkloadResult  14: 8388608 op, 689750750.00 ns, 82.2247 ns/op
WorkloadResult  15: 8388608 op, 658014050.00 ns, 78.4414 ns/op
WorkloadResult  16: 8388608 op, 663652850.00 ns, 79.1136 ns/op
// GC:  0 0 0 64 8388608
// Threading:  0 0 8388608

// AfterAll
// Benchmark Process 84776 has exited with code 0.

Mean = 79.450 ns, StdErr = 0.332 ns (0.42%), N = 16, StdDev = 1.330 ns
Min = 78.209 ns, Q1 = 78.472 ns, Median = 78.720 ns, Q3 = 80.127 ns, Max = 82.225 ns
IQR = 1.655 ns, LowerFence = 75.990 ns, UpperFence = 82.609 ns
ConfidenceInterval = [78.096 ns; 80.803 ns] (CI 99.9%), Margin = 1.354 ns (1.70% of Mean)
Skewness = 0.9, Kurtosis = 2.19, MValue = 2

// ** Remained 5 (29.4%) benchmark(s) to run. Estimated finish 2026-05-18 5:58 (0h 3m from now) **
Setup power plan (GUID: 8c5e7fda-e8bf-4a96-9a85-a6e23a8c635c FriendlyName: High performance)
// **************************
// Benchmark: TypedArgsBenchmarks.Herald_TypedArgs_SixteenProps_MixedTypes: DefaultJob
// *** Execute ***
// Launch: 1 / 1
// Execute: dotnet 39a2256e-60fa-4d30-974a-7a369d9cdb55.dll --anonymousPipes 52996 52036 --benchmarkName MMP.Herald.OSS.Benchmarks.Comparisons.HeraldRow.TypedArgsBenchmarks.Herald_TypedArgs_SixteenProps_MixedTypes --job Default --benchmarkId 12 in E:\dev\Herald.OSS\benchmarking\comparisons\net10\herald\bin\Release\net10.0\39a2256e-60fa-4d30-974a-7a369d9cdb55\bin\Release\net10.0
// BeforeAnythingElse

// Benchmark Process Environment Information:
// BenchmarkDotNet v0.14.0
// Runtime=.NET 10.0.8 (10.0.826.23019), X64 RyuJIT AVX2
// GC=Concurrent Server
// HardwareIntrinsics=AVX2,AES,BMI1,BMI2,FMA,LZCNT,PCLMUL,POPCNT,AvxVnni,SERIALIZE VectorSize=256
// Job: DefaultJob

OverheadJitting  1: 1 op, 202900.00 ns, 202.9000 us/op
WorkloadJitting  1: 1 op, 2300900.00 ns, 2.3009 ms/op

OverheadJitting  2: 16 op, 145500.00 ns, 9.0938 us/op
WorkloadJitting  2: 16 op, 161100.00 ns, 10.0688 us/op

WorkloadPilot    1: 16 op, 6700.00 ns, 418.7500 ns/op
WorkloadPilot    2: 32 op, 13300.00 ns, 415.6250 ns/op
WorkloadPilot    3: 64 op, 21000.00 ns, 328.1250 ns/op
WorkloadPilot    4: 128 op, 34000.00 ns, 265.6250 ns/op
WorkloadPilot    5: 256 op, 117200.00 ns, 457.8125 ns/op
WorkloadPilot    6: 512 op, 130200.00 ns, 254.2969 ns/op
WorkloadPilot    7: 1024 op, 252400.00 ns, 246.4844 ns/op
WorkloadPilot    8: 2048 op, 505000.00 ns, 246.5820 ns/op
WorkloadPilot    9: 4096 op, 1003200.00 ns, 244.9219 ns/op
WorkloadPilot   10: 8192 op, 2058000.00 ns, 251.2207 ns/op
WorkloadPilot   11: 16384 op, 4123000.00 ns, 251.6479 ns/op
WorkloadPilot   12: 32768 op, 8063900.00 ns, 246.0907 ns/op
WorkloadPilot   13: 65536 op, 15893800.00 ns, 242.5201 ns/op
WorkloadPilot   14: 131072 op, 31829400.00 ns, 242.8391 ns/op
WorkloadPilot   15: 262144 op, 63776100.00 ns, 243.2865 ns/op
WorkloadPilot   16: 524288 op, 97551400.00 ns, 186.0645 ns/op
WorkloadPilot   17: 1048576 op, 62086000.00 ns, 59.2098 ns/op
WorkloadPilot   18: 2097152 op, 125375300.00 ns, 59.7836 ns/op
WorkloadPilot   19: 4194304 op, 248272000.00 ns, 59.1927 ns/op
WorkloadPilot   20: 8388608 op, 495207900.00 ns, 59.0334 ns/op
WorkloadPilot   21: 16777216 op, 983925900.00 ns, 58.6466 ns/op

OverheadWarmup   1: 16777216 op, 32082400.00 ns, 1.9123 ns/op
OverheadWarmup   2: 16777216 op, 32036000.00 ns, 1.9095 ns/op
OverheadWarmup   3: 16777216 op, 32102300.00 ns, 1.9134 ns/op
OverheadWarmup   4: 16777216 op, 32036300.00 ns, 1.9095 ns/op
OverheadWarmup   5: 16777216 op, 32051300.00 ns, 1.9104 ns/op
OverheadWarmup   6: 16777216 op, 32099500.00 ns, 1.9133 ns/op
OverheadWarmup   7: 16777216 op, 32041700.00 ns, 1.9098 ns/op

OverheadActual   1: 16777216 op, 32053800.00 ns, 1.9106 ns/op
OverheadActual   2: 16777216 op, 32155900.00 ns, 1.9166 ns/op
OverheadActual   3: 16777216 op, 32101700.00 ns, 1.9134 ns/op
OverheadActual   4: 16777216 op, 32074800.00 ns, 1.9118 ns/op
OverheadActual   5: 16777216 op, 32064400.00 ns, 1.9112 ns/op
OverheadActual   6: 16777216 op, 32097000.00 ns, 1.9131 ns/op
OverheadActual   7: 16777216 op, 32229400.00 ns, 1.9210 ns/op
OverheadActual   8: 16777216 op, 32168700.00 ns, 1.9174 ns/op
OverheadActual   9: 16777216 op, 31298700.00 ns, 1.8655 ns/op
OverheadActual  10: 16777216 op, 25303900.00 ns, 1.5082 ns/op
OverheadActual  11: 16777216 op, 25143000.00 ns, 1.4986 ns/op
OverheadActual  12: 16777216 op, 25110600.00 ns, 1.4967 ns/op
OverheadActual  13: 16777216 op, 25101900.00 ns, 1.4962 ns/op
OverheadActual  14: 16777216 op, 25118400.00 ns, 1.4972 ns/op
OverheadActual  15: 16777216 op, 25097400.00 ns, 1.4959 ns/op
OverheadActual  16: 16777216 op, 25116300.00 ns, 1.4970 ns/op
OverheadActual  17: 16777216 op, 25610100.00 ns, 1.5265 ns/op
OverheadActual  18: 16777216 op, 25110500.00 ns, 1.4967 ns/op
OverheadActual  19: 16777216 op, 25965500.00 ns, 1.5477 ns/op
OverheadActual  20: 16777216 op, 25123800.00 ns, 1.4975 ns/op

WorkloadWarmup   1: 16777216 op, 1028279500.00 ns, 61.2902 ns/op
WorkloadWarmup   2: 16777216 op, 1052233400.00 ns, 62.7180 ns/op
WorkloadWarmup   3: 16777216 op, 1010286000.00 ns, 60.2177 ns/op
WorkloadWarmup   4: 16777216 op, 1047454200.00 ns, 62.4331 ns/op
WorkloadWarmup   5: 16777216 op, 998619400.00 ns, 59.5224 ns/op
WorkloadWarmup   6: 16777216 op, 1011011100.00 ns, 60.2610 ns/op

// BeforeActualRun
WorkloadActual   1: 16777216 op, 998170500.00 ns, 59.4956 ns/op
WorkloadActual   2: 16777216 op, 1020901200.00 ns, 60.8505 ns/op
WorkloadActual   3: 16777216 op, 1005478300.00 ns, 59.9312 ns/op
WorkloadActual   4: 16777216 op, 1033903200.00 ns, 61.6254 ns/op
WorkloadActual   5: 16777216 op, 1019572900.00 ns, 60.7713 ns/op
WorkloadActual   6: 16777216 op, 1036958700.00 ns, 61.8076 ns/op
WorkloadActual   7: 16777216 op, 1076697000.00 ns, 64.1761 ns/op
WorkloadActual   8: 16777216 op, 988323700.00 ns, 58.9087 ns/op
WorkloadActual   9: 16777216 op, 990255500.00 ns, 59.0238 ns/op
WorkloadActual  10: 16777216 op, 994910000.00 ns, 59.3013 ns/op
WorkloadActual  11: 16777216 op, 999024300.00 ns, 59.5465 ns/op
WorkloadActual  12: 16777216 op, 1003012400.00 ns, 59.7842 ns/op
WorkloadActual  13: 16777216 op, 1014655900.00 ns, 60.4782 ns/op
WorkloadActual  14: 16777216 op, 1045028800.00 ns, 62.2886 ns/op
WorkloadActual  15: 16777216 op, 1005223900.00 ns, 59.9160 ns/op
WorkloadActual  16: 16777216 op, 1025409900.00 ns, 61.1192 ns/op

// AfterActualRun
WorkloadResult   1: 16777216 op, 972382700.00 ns, 57.9585 ns/op
WorkloadResult   2: 16777216 op, 995113400.00 ns, 59.3134 ns/op
WorkloadResult   3: 16777216 op, 979690500.00 ns, 58.3941 ns/op
WorkloadResult   4: 16777216 op, 1008115400.00 ns, 60.0884 ns/op
WorkloadResult   5: 16777216 op, 993785100.00 ns, 59.2342 ns/op
WorkloadResult   6: 16777216 op, 1011170900.00 ns, 60.2705 ns/op
WorkloadResult   7: 16777216 op, 962535900.00 ns, 57.3716 ns/op
WorkloadResult   8: 16777216 op, 964467700.00 ns, 57.4868 ns/op
WorkloadResult   9: 16777216 op, 969122200.00 ns, 57.7642 ns/op
WorkloadResult  10: 16777216 op, 973236500.00 ns, 58.0094 ns/op
WorkloadResult  11: 16777216 op, 977224600.00 ns, 58.2471 ns/op
WorkloadResult  12: 16777216 op, 988868100.00 ns, 58.9411 ns/op
WorkloadResult  13: 16777216 op, 1019241000.00 ns, 60.7515 ns/op
WorkloadResult  14: 16777216 op, 979436100.00 ns, 58.3789 ns/op
WorkloadResult  15: 16777216 op, 999622100.00 ns, 59.5821 ns/op
// GC:  0 0 0 1696 16777216
// Threading:  0 0 16777216

// AfterAll
// Benchmark Process 81420 has exited with code 0.

Mean = 58.786 ns, StdErr = 0.272 ns (0.46%), N = 15, StdDev = 1.053 ns
Min = 57.372 ns, Q1 = 57.984 ns, Median = 58.394 ns, Q3 = 59.448 ns, Max = 60.751 ns
IQR = 1.464 ns, LowerFence = 55.788 ns, UpperFence = 61.643 ns
ConfidenceInterval = [57.660 ns; 59.912 ns] (CI 99.9%), Margin = 1.126 ns (1.92% of Mean)
Skewness = 0.37, Kurtosis = 1.74, MValue = 2

// ** Remained 4 (23.5%) benchmark(s) to run. Estimated finish 2026-05-18 5:58 (0h 2m from now) **
Setup power plan (GUID: 8c5e7fda-e8bf-4a96-9a85-a6e23a8c635c FriendlyName: High performance)
// **************************
// Benchmark: TypedArgsBenchmarks.Herald_TypedArgs_EightProps_AllStrings: DefaultJob
// *** Execute ***
// Launch: 1 / 1
// Execute: dotnet 39a2256e-60fa-4d30-974a-7a369d9cdb55.dll --anonymousPipes 4900 45820 --benchmarkName MMP.Herald.OSS.Benchmarks.Comparisons.HeraldRow.TypedArgsBenchmarks.Herald_TypedArgs_EightProps_AllStrings --job Default --benchmarkId 13 in E:\dev\Herald.OSS\benchmarking\comparisons\net10\herald\bin\Release\net10.0\39a2256e-60fa-4d30-974a-7a369d9cdb55\bin\Release\net10.0
// BeforeAnythingElse

// Benchmark Process Environment Information:
// BenchmarkDotNet v0.14.0
// Runtime=.NET 10.0.8 (10.0.826.23019), X64 RyuJIT AVX2
// GC=Concurrent Server
// HardwareIntrinsics=AVX2,AES,BMI1,BMI2,FMA,LZCNT,PCLMUL,POPCNT,AvxVnni,SERIALIZE VectorSize=256
// Job: DefaultJob

OverheadJitting  1: 1 op, 193500.00 ns, 193.5000 us/op
WorkloadJitting  1: 1 op, 2084000.00 ns, 2.0840 ms/op

OverheadJitting  2: 16 op, 200900.00 ns, 12.5563 us/op
WorkloadJitting  2: 16 op, 170000.00 ns, 10.6250 us/op

WorkloadPilot    1: 16 op, 5800.00 ns, 362.5000 ns/op
WorkloadPilot    2: 32 op, 8400.00 ns, 262.5000 ns/op
WorkloadPilot    3: 64 op, 13800.00 ns, 215.6250 ns/op
WorkloadPilot    4: 128 op, 24500.00 ns, 191.4063 ns/op
WorkloadPilot    5: 256 op, 46300.00 ns, 180.8594 ns/op
WorkloadPilot    6: 512 op, 86200.00 ns, 168.3594 ns/op
WorkloadPilot    7: 1024 op, 167800.00 ns, 163.8672 ns/op
WorkloadPilot    8: 2048 op, 330500.00 ns, 161.3770 ns/op
WorkloadPilot    9: 4096 op, 661400.00 ns, 161.4746 ns/op
WorkloadPilot   10: 8192 op, 1374300.00 ns, 167.7612 ns/op
WorkloadPilot   11: 16384 op, 2729900.00 ns, 166.6199 ns/op
WorkloadPilot   12: 32768 op, 5183400.00 ns, 158.1848 ns/op
WorkloadPilot   13: 65536 op, 10521800.00 ns, 160.5499 ns/op
WorkloadPilot   14: 131072 op, 20556500.00 ns, 156.8336 ns/op
WorkloadPilot   15: 262144 op, 40923100.00 ns, 156.1092 ns/op
WorkloadPilot   16: 524288 op, 82127400.00 ns, 156.6456 ns/op
WorkloadPilot   17: 1048576 op, 77508600.00 ns, 73.9180 ns/op
WorkloadPilot   18: 2097152 op, 86806500.00 ns, 41.3926 ns/op
WorkloadPilot   19: 4194304 op, 170075100.00 ns, 40.5491 ns/op
WorkloadPilot   20: 8388608 op, 342398200.00 ns, 40.8170 ns/op
WorkloadPilot   21: 16777216 op, 680914500.00 ns, 40.5857 ns/op

OverheadWarmup   1: 16777216 op, 31796800.00 ns, 1.8952 ns/op
OverheadWarmup   2: 16777216 op, 31876500.00 ns, 1.9000 ns/op
OverheadWarmup   3: 16777216 op, 31923900.00 ns, 1.9028 ns/op
OverheadWarmup   4: 16777216 op, 31801500.00 ns, 1.8955 ns/op
OverheadWarmup   5: 16777216 op, 31868200.00 ns, 1.8995 ns/op
OverheadWarmup   6: 16777216 op, 31832000.00 ns, 1.8973 ns/op

OverheadActual   1: 16777216 op, 31873300.00 ns, 1.8998 ns/op
OverheadActual   2: 16777216 op, 31806000.00 ns, 1.8958 ns/op
OverheadActual   3: 16777216 op, 31848200.00 ns, 1.8983 ns/op
OverheadActual   4: 16777216 op, 31828200.00 ns, 1.8971 ns/op
OverheadActual   5: 16777216 op, 31812600.00 ns, 1.8962 ns/op
OverheadActual   6: 16777216 op, 31875600.00 ns, 1.8999 ns/op
OverheadActual   7: 16777216 op, 31788700.00 ns, 1.8948 ns/op
OverheadActual   8: 16777216 op, 31858700.00 ns, 1.8989 ns/op
OverheadActual   9: 16777216 op, 31837700.00 ns, 1.8977 ns/op
OverheadActual  10: 16777216 op, 31830600.00 ns, 1.8973 ns/op
OverheadActual  11: 16777216 op, 25806400.00 ns, 1.5382 ns/op
OverheadActual  12: 16777216 op, 25537900.00 ns, 1.5222 ns/op
OverheadActual  13: 16777216 op, 24898900.00 ns, 1.4841 ns/op
OverheadActual  14: 16777216 op, 24935200.00 ns, 1.4863 ns/op
OverheadActual  15: 16777216 op, 25029600.00 ns, 1.4919 ns/op
OverheadActual  16: 16777216 op, 24909800.00 ns, 1.4847 ns/op
OverheadActual  17: 16777216 op, 24890800.00 ns, 1.4836 ns/op
OverheadActual  18: 16777216 op, 24959200.00 ns, 1.4877 ns/op
OverheadActual  19: 16777216 op, 24946300.00 ns, 1.4869 ns/op
OverheadActual  20: 16777216 op, 25140900.00 ns, 1.4985 ns/op

WorkloadWarmup   1: 16777216 op, 689893700.00 ns, 41.1209 ns/op
WorkloadWarmup   2: 16777216 op, 684363600.00 ns, 40.7912 ns/op
WorkloadWarmup   3: 16777216 op, 703474000.00 ns, 41.9303 ns/op
WorkloadWarmup   4: 16777216 op, 681717200.00 ns, 40.6335 ns/op
WorkloadWarmup   5: 16777216 op, 684393700.00 ns, 40.7930 ns/op
WorkloadWarmup   6: 16777216 op, 699393700.00 ns, 41.6871 ns/op
WorkloadWarmup   7: 16777216 op, 684707200.00 ns, 40.8117 ns/op

// BeforeActualRun
WorkloadActual   1: 16777216 op, 689119600.00 ns, 41.0747 ns/op
WorkloadActual   2: 16777216 op, 698380900.00 ns, 41.6267 ns/op
WorkloadActual   3: 16777216 op, 704541400.00 ns, 41.9939 ns/op
WorkloadActual   4: 16777216 op, 689049900.00 ns, 41.0706 ns/op
WorkloadActual   5: 16777216 op, 680074000.00 ns, 40.5356 ns/op
WorkloadActual   6: 16777216 op, 686563100.00 ns, 40.9223 ns/op
WorkloadActual   7: 16777216 op, 710721100.00 ns, 42.3623 ns/op
WorkloadActual   8: 16777216 op, 685726500.00 ns, 40.8725 ns/op
WorkloadActual   9: 16777216 op, 684748400.00 ns, 40.8142 ns/op
WorkloadActual  10: 16777216 op, 704855900.00 ns, 42.0127 ns/op
WorkloadActual  11: 16777216 op, 701342100.00 ns, 41.8032 ns/op
WorkloadActual  12: 16777216 op, 685500700.00 ns, 40.8590 ns/op
WorkloadActual  13: 16777216 op, 708448700.00 ns, 42.2268 ns/op
WorkloadActual  14: 16777216 op, 689499300.00 ns, 41.0974 ns/op
WorkloadActual  15: 16777216 op, 713325000.00 ns, 42.5175 ns/op

// AfterActualRun
WorkloadResult   1: 16777216 op, 660322050.00 ns, 39.3583 ns/op
WorkloadResult   2: 16777216 op, 669583350.00 ns, 39.9103 ns/op
WorkloadResult   3: 16777216 op, 675743850.00 ns, 40.2775 ns/op
WorkloadResult   4: 16777216 op, 660252350.00 ns, 39.3541 ns/op
WorkloadResult   5: 16777216 op, 651276450.00 ns, 38.8191 ns/op
WorkloadResult   6: 16777216 op, 657765550.00 ns, 39.2059 ns/op
WorkloadResult   7: 16777216 op, 681923550.00 ns, 40.6458 ns/op
WorkloadResult   8: 16777216 op, 656928950.00 ns, 39.1560 ns/op
WorkloadResult   9: 16777216 op, 655950850.00 ns, 39.0977 ns/op
WorkloadResult  10: 16777216 op, 676058350.00 ns, 40.2962 ns/op
WorkloadResult  11: 16777216 op, 672544550.00 ns, 40.0868 ns/op
WorkloadResult  12: 16777216 op, 656703150.00 ns, 39.1426 ns/op
WorkloadResult  13: 16777216 op, 679651150.00 ns, 40.5104 ns/op
WorkloadResult  14: 16777216 op, 660701750.00 ns, 39.3809 ns/op
WorkloadResult  15: 16777216 op, 684527450.00 ns, 40.8010 ns/op
// GC:  0 0 0 1696 16777216
// Threading:  0 0 16777216

// AfterAll
// Benchmark Process 64172 has exited with code 0.

Mean = 39.736 ns, StdErr = 0.168 ns (0.42%), N = 15, StdDev = 0.652 ns
Min = 38.819 ns, Q1 = 39.181 ns, Median = 39.381 ns, Q3 = 40.287 ns, Max = 40.801 ns
IQR = 1.106 ns, LowerFence = 37.522 ns, UpperFence = 41.946 ns
ConfidenceInterval = [39.039 ns; 40.433 ns] (CI 99.9%), Margin = 0.697 ns (1.75% of Mean)
Skewness = 0.26, Kurtosis = 1.39, MValue = 2

// ** Remained 3 (17.6%) benchmark(s) to run. Estimated finish 2026-05-18 5:57 (0h 1m from now) **
Setup power plan (GUID: 8c5e7fda-e8bf-4a96-9a85-a6e23a8c635c FriendlyName: High performance)
// **************************
// Benchmark: TypedArgsBenchmarks.Herald_TypedArgs_EightProps_MixedTypes: DefaultJob
// *** Execute ***
// Launch: 1 / 1
// Execute: dotnet 39a2256e-60fa-4d30-974a-7a369d9cdb55.dll --anonymousPipes 54060 50444 --benchmarkName MMP.Herald.OSS.Benchmarks.Comparisons.HeraldRow.TypedArgsBenchmarks.Herald_TypedArgs_EightProps_MixedTypes --job Default --benchmarkId 14 in E:\dev\Herald.OSS\benchmarking\comparisons\net10\herald\bin\Release\net10.0\39a2256e-60fa-4d30-974a-7a369d9cdb55\bin\Release\net10.0
// BeforeAnythingElse

// Benchmark Process Environment Information:
// BenchmarkDotNet v0.14.0
// Runtime=.NET 10.0.8 (10.0.826.23019), X64 RyuJIT AVX2
// GC=Concurrent Server
// HardwareIntrinsics=AVX2,AES,BMI1,BMI2,FMA,LZCNT,PCLMUL,POPCNT,AvxVnni,SERIALIZE VectorSize=256
// Job: DefaultJob

OverheadJitting  1: 1 op, 213700.00 ns, 213.7000 us/op
WorkloadJitting  1: 1 op, 2218400.00 ns, 2.2184 ms/op

OverheadJitting  2: 16 op, 162400.00 ns, 10.1500 us/op
WorkloadJitting  2: 16 op, 208600.00 ns, 13.0375 us/op

WorkloadPilot    1: 16 op, 8100.00 ns, 506.2500 ns/op
WorkloadPilot    2: 32 op, 10700.00 ns, 334.3750 ns/op
WorkloadPilot    3: 64 op, 14300.00 ns, 223.4375 ns/op
WorkloadPilot    4: 128 op, 24700.00 ns, 192.9688 ns/op
WorkloadPilot    5: 256 op, 43600.00 ns, 170.3125 ns/op
WorkloadPilot    6: 512 op, 83200.00 ns, 162.5000 ns/op
WorkloadPilot    7: 1024 op, 217700.00 ns, 212.5977 ns/op
WorkloadPilot    8: 2048 op, 340000.00 ns, 166.0156 ns/op
WorkloadPilot    9: 4096 op, 664700.00 ns, 162.2803 ns/op
WorkloadPilot   10: 8192 op, 1445500.00 ns, 176.4526 ns/op
WorkloadPilot   11: 16384 op, 3216800.00 ns, 196.3379 ns/op
WorkloadPilot   12: 32768 op, 5179900.00 ns, 158.0780 ns/op
WorkloadPilot   13: 65536 op, 10242700.00 ns, 156.2912 ns/op
WorkloadPilot   14: 131072 op, 20388900.00 ns, 155.5550 ns/op
WorkloadPilot   15: 262144 op, 40924100.00 ns, 156.1131 ns/op
WorkloadPilot   16: 524288 op, 82101000.00 ns, 156.5952 ns/op
WorkloadPilot   17: 1048576 op, 72969500.00 ns, 69.5891 ns/op
WorkloadPilot   18: 2097152 op, 85833700.00 ns, 40.9287 ns/op
WorkloadPilot   19: 4194304 op, 171858900.00 ns, 40.9744 ns/op
WorkloadPilot   20: 8388608 op, 342200000.00 ns, 40.7934 ns/op
WorkloadPilot   21: 16777216 op, 685653800.00 ns, 40.8682 ns/op

OverheadWarmup   1: 16777216 op, 31896000.00 ns, 1.9011 ns/op
OverheadWarmup   2: 16777216 op, 31782800.00 ns, 1.8944 ns/op
OverheadWarmup   3: 16777216 op, 31832900.00 ns, 1.8974 ns/op
OverheadWarmup   4: 16777216 op, 31866200.00 ns, 1.8994 ns/op
OverheadWarmup   5: 16777216 op, 31821800.00 ns, 1.8967 ns/op
OverheadWarmup   6: 16777216 op, 31932400.00 ns, 1.9033 ns/op
OverheadWarmup   7: 16777216 op, 33012200.00 ns, 1.9677 ns/op
OverheadWarmup   8: 16777216 op, 31861600.00 ns, 1.8991 ns/op

OverheadActual   1: 16777216 op, 31822400.00 ns, 1.8968 ns/op
OverheadActual   2: 16777216 op, 31829400.00 ns, 1.8972 ns/op
OverheadActual   3: 16777216 op, 31848700.00 ns, 1.8983 ns/op
OverheadActual   4: 16777216 op, 31854400.00 ns, 1.8987 ns/op
OverheadActual   5: 16777216 op, 31914900.00 ns, 1.9023 ns/op
OverheadActual   6: 16777216 op, 31914100.00 ns, 1.9022 ns/op
OverheadActual   7: 16777216 op, 32083600.00 ns, 1.9123 ns/op
OverheadActual   8: 16777216 op, 31582600.00 ns, 1.8825 ns/op
OverheadActual   9: 16777216 op, 25036700.00 ns, 1.4923 ns/op
OverheadActual  10: 16777216 op, 25023500.00 ns, 1.4915 ns/op
OverheadActual  11: 16777216 op, 24911500.00 ns, 1.4848 ns/op
OverheadActual  12: 16777216 op, 24919600.00 ns, 1.4853 ns/op
OverheadActual  13: 16777216 op, 24942400.00 ns, 1.4867 ns/op
OverheadActual  14: 16777216 op, 24903000.00 ns, 1.4843 ns/op
OverheadActual  15: 16777216 op, 24910600.00 ns, 1.4848 ns/op
OverheadActual  16: 16777216 op, 24894600.00 ns, 1.4838 ns/op
OverheadActual  17: 16777216 op, 24929200.00 ns, 1.4859 ns/op
OverheadActual  18: 16777216 op, 24951800.00 ns, 1.4872 ns/op
OverheadActual  19: 16777216 op, 24942800.00 ns, 1.4867 ns/op
OverheadActual  20: 16777216 op, 24913000.00 ns, 1.4849 ns/op

WorkloadWarmup   1: 16777216 op, 691563700.00 ns, 41.2204 ns/op
WorkloadWarmup   2: 16777216 op, 692916900.00 ns, 41.3011 ns/op
WorkloadWarmup   3: 16777216 op, 713998700.00 ns, 42.5576 ns/op
WorkloadWarmup   4: 16777216 op, 716123400.00 ns, 42.6843 ns/op
WorkloadWarmup   5: 16777216 op, 703922400.00 ns, 41.9570 ns/op
WorkloadWarmup   6: 16777216 op, 697284900.00 ns, 41.5614 ns/op
WorkloadWarmup   7: 16777216 op, 694767500.00 ns, 41.4114 ns/op
WorkloadWarmup   8: 16777216 op, 690803800.00 ns, 41.1751 ns/op
WorkloadWarmup   9: 16777216 op, 694988000.00 ns, 41.4245 ns/op
WorkloadWarmup  10: 16777216 op, 695938300.00 ns, 41.4812 ns/op
WorkloadWarmup  11: 16777216 op, 721627900.00 ns, 43.0124 ns/op
WorkloadWarmup  12: 16777216 op, 700154500.00 ns, 41.7325 ns/op

// BeforeActualRun
WorkloadActual   1: 16777216 op, 696567100.00 ns, 41.5186 ns/op
WorkloadActual   2: 16777216 op, 685990300.00 ns, 40.8882 ns/op
WorkloadActual   3: 16777216 op, 682133700.00 ns, 40.6583 ns/op
WorkloadActual   4: 16777216 op, 687890000.00 ns, 41.0014 ns/op
WorkloadActual   5: 16777216 op, 710399500.00 ns, 42.3431 ns/op
WorkloadActual   6: 16777216 op, 684076600.00 ns, 40.7741 ns/op
WorkloadActual   7: 16777216 op, 753872800.00 ns, 44.9343 ns/op
WorkloadActual   8: 16777216 op, 713012900.00 ns, 42.4989 ns/op
WorkloadActual   9: 16777216 op, 681747000.00 ns, 40.6353 ns/op
WorkloadActual  10: 16777216 op, 696546300.00 ns, 41.5174 ns/op
WorkloadActual  11: 16777216 op, 695352400.00 ns, 41.4462 ns/op
WorkloadActual  12: 16777216 op, 686364600.00 ns, 40.9105 ns/op
WorkloadActual  13: 16777216 op, 683530900.00 ns, 40.7416 ns/op
WorkloadActual  14: 16777216 op, 688284700.00 ns, 41.0250 ns/op
WorkloadActual  15: 16777216 op, 704448400.00 ns, 41.9884 ns/op

// AfterActualRun
WorkloadResult   1: 16777216 op, 671579450.00 ns, 40.0293 ns/op
WorkloadResult   2: 16777216 op, 661002650.00 ns, 39.3988 ns/op
WorkloadResult   3: 16777216 op, 657146050.00 ns, 39.1690 ns/op
WorkloadResult   4: 16777216 op, 662902350.00 ns, 39.5121 ns/op
WorkloadResult   5: 16777216 op, 685411850.00 ns, 40.8537 ns/op
WorkloadResult   6: 16777216 op, 659088950.00 ns, 39.2848 ns/op
WorkloadResult   7: 16777216 op, 688025250.00 ns, 41.0095 ns/op
WorkloadResult   8: 16777216 op, 656759350.00 ns, 39.1459 ns/op
WorkloadResult   9: 16777216 op, 671558650.00 ns, 40.0280 ns/op
WorkloadResult  10: 16777216 op, 670364750.00 ns, 39.9569 ns/op
WorkloadResult  11: 16777216 op, 661376950.00 ns, 39.4211 ns/op
WorkloadResult  12: 16777216 op, 658543250.00 ns, 39.2522 ns/op
WorkloadResult  13: 16777216 op, 663297050.00 ns, 39.5356 ns/op
WorkloadResult  14: 16777216 op, 679460750.00 ns, 40.4990 ns/op
// GC:  0 0 0 96 16777216
// Threading:  0 0 16777216

// AfterAll
// Benchmark Process 81996 has exited with code 0.

Mean = 39.793 ns, StdErr = 0.166 ns (0.42%), N = 14, StdDev = 0.623 ns
Min = 39.146 ns, Q1 = 39.313 ns, Median = 39.524 ns, Q3 = 40.029 ns, Max = 41.010 ns
IQR = 0.716 ns, LowerFence = 38.240 ns, UpperFence = 41.102 ns
ConfidenceInterval = [39.090 ns; 40.495 ns] (CI 99.9%), Margin = 0.702 ns (1.76% of Mean)
Skewness = 0.72, Kurtosis = 2.02, MValue = 2

// ** Remained 2 (11.8%) benchmark(s) to run. Estimated finish 2026-05-18 5:57 (0h 1m from now) **
Setup power plan (GUID: 8c5e7fda-e8bf-4a96-9a85-a6e23a8c635c FriendlyName: High performance)
// **************************
// Benchmark: TypedArgsBenchmarks.Herald_TypedArgs_FourProps_AuditShape: DefaultJob
// *** Execute ***
// Launch: 1 / 1
// Execute: dotnet 39a2256e-60fa-4d30-974a-7a369d9cdb55.dll --anonymousPipes 55204 4916 --benchmarkName MMP.Herald.OSS.Benchmarks.Comparisons.HeraldRow.TypedArgsBenchmarks.Herald_TypedArgs_FourProps_AuditShape --job Default --benchmarkId 15 in E:\dev\Herald.OSS\benchmarking\comparisons\net10\herald\bin\Release\net10.0\39a2256e-60fa-4d30-974a-7a369d9cdb55\bin\Release\net10.0
// BeforeAnythingElse

// Benchmark Process Environment Information:
// BenchmarkDotNet v0.14.0
// Runtime=.NET 10.0.8 (10.0.826.23019), X64 RyuJIT AVX2
// GC=Concurrent Server
// HardwareIntrinsics=AVX2,AES,BMI1,BMI2,FMA,LZCNT,PCLMUL,POPCNT,AvxVnni,SERIALIZE VectorSize=256
// Job: DefaultJob

OverheadJitting  1: 1 op, 223700.00 ns, 223.7000 us/op
WorkloadJitting  1: 1 op, 2264400.00 ns, 2.2644 ms/op

OverheadJitting  2: 16 op, 163000.00 ns, 10.1875 us/op
WorkloadJitting  2: 16 op, 175700.00 ns, 10.9813 us/op

WorkloadPilot    1: 16 op, 13600.00 ns, 850.0000 ns/op
WorkloadPilot    2: 32 op, 32500.00 ns, 1.0156 us/op
WorkloadPilot    3: 64 op, 23200.00 ns, 362.5000 ns/op
WorkloadPilot    4: 128 op, 55200.00 ns, 431.2500 ns/op
WorkloadPilot    5: 256 op, 52600.00 ns, 205.4688 ns/op
WorkloadPilot    6: 512 op, 107000.00 ns, 208.9844 ns/op
WorkloadPilot    7: 1024 op, 171400.00 ns, 167.3828 ns/op
WorkloadPilot    8: 2048 op, 337800.00 ns, 164.9414 ns/op
WorkloadPilot    9: 4096 op, 640700.00 ns, 156.4209 ns/op
WorkloadPilot   10: 8192 op, 1352600.00 ns, 165.1123 ns/op
WorkloadPilot   11: 16384 op, 2545100.00 ns, 155.3406 ns/op
WorkloadPilot   12: 32768 op, 5542000.00 ns, 169.1284 ns/op
WorkloadPilot   13: 65536 op, 10085500.00 ns, 153.8925 ns/op
WorkloadPilot   14: 131072 op, 20665800.00 ns, 157.6675 ns/op
WorkloadPilot   15: 262144 op, 40007800.00 ns, 152.6176 ns/op
WorkloadPilot   16: 524288 op, 52440600.00 ns, 100.0225 ns/op
WorkloadPilot   17: 1048576 op, 50299300.00 ns, 47.9692 ns/op
WorkloadPilot   18: 2097152 op, 95858100.00 ns, 45.7087 ns/op
WorkloadPilot   19: 4194304 op, 193373100.00 ns, 46.1037 ns/op
WorkloadPilot   20: 8388608 op, 380585800.00 ns, 45.3694 ns/op
WorkloadPilot   21: 16777216 op, 748775500.00 ns, 44.6305 ns/op

OverheadWarmup   1: 16777216 op, 32052500.00 ns, 1.9105 ns/op
OverheadWarmup   2: 16777216 op, 32678400.00 ns, 1.9478 ns/op
OverheadWarmup   3: 16777216 op, 32142600.00 ns, 1.9158 ns/op
OverheadWarmup   4: 16777216 op, 32193700.00 ns, 1.9189 ns/op
OverheadWarmup   5: 16777216 op, 32238500.00 ns, 1.9216 ns/op
OverheadWarmup   6: 16777216 op, 32093400.00 ns, 1.9129 ns/op

OverheadActual   1: 16777216 op, 32080200.00 ns, 1.9121 ns/op
OverheadActual   2: 16777216 op, 32110800.00 ns, 1.9140 ns/op
OverheadActual   3: 16777216 op, 32157200.00 ns, 1.9167 ns/op
OverheadActual   4: 16777216 op, 32361400.00 ns, 1.9289 ns/op
OverheadActual   5: 16777216 op, 32198800.00 ns, 1.9192 ns/op
OverheadActual   6: 16777216 op, 32346000.00 ns, 1.9280 ns/op
OverheadActual   7: 16777216 op, 32084300.00 ns, 1.9124 ns/op
OverheadActual   8: 16777216 op, 32406600.00 ns, 1.9316 ns/op
OverheadActual   9: 16777216 op, 30915500.00 ns, 1.8427 ns/op
OverheadActual  10: 16777216 op, 25466000.00 ns, 1.5179 ns/op
OverheadActual  11: 16777216 op, 25148500.00 ns, 1.4990 ns/op
OverheadActual  12: 16777216 op, 25522400.00 ns, 1.5213 ns/op
OverheadActual  13: 16777216 op, 25394400.00 ns, 1.5136 ns/op
OverheadActual  14: 16777216 op, 25202500.00 ns, 1.5022 ns/op
OverheadActual  15: 16777216 op, 25200500.00 ns, 1.5021 ns/op
OverheadActual  16: 16777216 op, 25175000.00 ns, 1.5005 ns/op
OverheadActual  17: 16777216 op, 25245000.00 ns, 1.5047 ns/op
OverheadActual  18: 16777216 op, 25312400.00 ns, 1.5087 ns/op
OverheadActual  19: 16777216 op, 25407000.00 ns, 1.5144 ns/op
OverheadActual  20: 16777216 op, 25198200.00 ns, 1.5019 ns/op

WorkloadWarmup   1: 16777216 op, 853788000.00 ns, 50.8897 ns/op
WorkloadWarmup   2: 16777216 op, 827329000.00 ns, 49.3127 ns/op
WorkloadWarmup   3: 16777216 op, 839293800.00 ns, 50.0258 ns/op
WorkloadWarmup   4: 16777216 op, 846516000.00 ns, 50.4563 ns/op
WorkloadWarmup   5: 16777216 op, 827573900.00 ns, 49.3272 ns/op
WorkloadWarmup   6: 16777216 op, 796595300.00 ns, 47.4808 ns/op
WorkloadWarmup   7: 16777216 op, 831276200.00 ns, 49.5479 ns/op
WorkloadWarmup   8: 16777216 op, 833152700.00 ns, 49.6598 ns/op
WorkloadWarmup   9: 16777216 op, 876153900.00 ns, 52.2228 ns/op
WorkloadWarmup  10: 16777216 op, 799645000.00 ns, 47.6626 ns/op

// BeforeActualRun
WorkloadActual   1: 16777216 op, 845610400.00 ns, 50.4023 ns/op
WorkloadActual   2: 16777216 op, 870779600.00 ns, 51.9025 ns/op
WorkloadActual   3: 16777216 op, 779017300.00 ns, 46.4330 ns/op
WorkloadActual   4: 16777216 op, 791146900.00 ns, 47.1560 ns/op
WorkloadActual   5: 16777216 op, 813185600.00 ns, 48.4696 ns/op
WorkloadActual   6: 16777216 op, 837864200.00 ns, 49.9406 ns/op
WorkloadActual   7: 16777216 op, 845995900.00 ns, 50.4253 ns/op
WorkloadActual   8: 16777216 op, 795080500.00 ns, 47.3905 ns/op
WorkloadActual   9: 16777216 op, 797515200.00 ns, 47.5356 ns/op
WorkloadActual  10: 16777216 op, 809439800.00 ns, 48.2464 ns/op
WorkloadActual  11: 16777216 op, 835398300.00 ns, 49.7936 ns/op
WorkloadActual  12: 16777216 op, 816517800.00 ns, 48.6683 ns/op
WorkloadActual  13: 16777216 op, 855648600.00 ns, 51.0006 ns/op
WorkloadActual  14: 16777216 op, 837247500.00 ns, 49.9038 ns/op
WorkloadActual  15: 16777216 op, 812168500.00 ns, 48.4090 ns/op
WorkloadActual  16: 16777216 op, 783979300.00 ns, 46.7288 ns/op
WorkloadActual  17: 16777216 op, 817253000.00 ns, 48.7121 ns/op
WorkloadActual  18: 16777216 op, 864760700.00 ns, 51.5438 ns/op
WorkloadActual  19: 16777216 op, 843918300.00 ns, 50.3015 ns/op
WorkloadActual  20: 16777216 op, 873428800.00 ns, 52.0604 ns/op
WorkloadActual  21: 16777216 op, 884546300.00 ns, 52.7231 ns/op
WorkloadActual  22: 16777216 op, 884472500.00 ns, 52.7187 ns/op
WorkloadActual  23: 16777216 op, 815758900.00 ns, 48.6230 ns/op
WorkloadActual  24: 16777216 op, 841021800.00 ns, 50.1288 ns/op
WorkloadActual  25: 16777216 op, 891623300.00 ns, 53.1449 ns/op
WorkloadActual  26: 16777216 op, 859856500.00 ns, 51.2514 ns/op
WorkloadActual  27: 16777216 op, 856323800.00 ns, 51.0409 ns/op
WorkloadActual  28: 16777216 op, 832468200.00 ns, 49.6190 ns/op
WorkloadActual  29: 16777216 op, 857677900.00 ns, 51.1216 ns/op
WorkloadActual  30: 16777216 op, 783379600.00 ns, 46.6931 ns/op
WorkloadActual  31: 16777216 op, 801755300.00 ns, 47.7883 ns/op
WorkloadActual  32: 16777216 op, 790737600.00 ns, 47.1316 ns/op
WorkloadActual  33: 16777216 op, 820582300.00 ns, 48.9105 ns/op
WorkloadActual  34: 16777216 op, 838571000.00 ns, 49.9827 ns/op
WorkloadActual  35: 16777216 op, 800070000.00 ns, 47.6879 ns/op
WorkloadActual  36: 16777216 op, 831321000.00 ns, 49.5506 ns/op
WorkloadActual  37: 16777216 op, 815769400.00 ns, 48.6236 ns/op
WorkloadActual  38: 16777216 op, 800199600.00 ns, 47.6956 ns/op
WorkloadActual  39: 16777216 op, 796998400.00 ns, 47.5048 ns/op
WorkloadActual  40: 16777216 op, 789381500.00 ns, 47.0508 ns/op
WorkloadActual  41: 16777216 op, 821012200.00 ns, 48.9361 ns/op
WorkloadActual  42: 16777216 op, 784928800.00 ns, 46.7854 ns/op
WorkloadActual  43: 16777216 op, 813514500.00 ns, 48.4892 ns/op
WorkloadActual  44: 16777216 op, 800090900.00 ns, 47.6891 ns/op

// AfterActualRun
WorkloadResult   1: 16777216 op, 820116200.00 ns, 48.8827 ns/op
WorkloadResult   2: 16777216 op, 845285400.00 ns, 50.3829 ns/op
WorkloadResult   3: 16777216 op, 753523100.00 ns, 44.9135 ns/op
WorkloadResult   4: 16777216 op, 765652700.00 ns, 45.6365 ns/op
WorkloadResult   5: 16777216 op, 787691400.00 ns, 46.9501 ns/op
WorkloadResult   6: 16777216 op, 812370000.00 ns, 48.4210 ns/op
WorkloadResult   7: 16777216 op, 820501700.00 ns, 48.9057 ns/op
WorkloadResult   8: 16777216 op, 769586300.00 ns, 45.8709 ns/op
WorkloadResult   9: 16777216 op, 772021000.00 ns, 46.0160 ns/op
WorkloadResult  10: 16777216 op, 783945600.00 ns, 46.7268 ns/op
WorkloadResult  11: 16777216 op, 809904100.00 ns, 48.2740 ns/op
WorkloadResult  12: 16777216 op, 791023600.00 ns, 47.1487 ns/op
WorkloadResult  13: 16777216 op, 830154400.00 ns, 49.4811 ns/op
WorkloadResult  14: 16777216 op, 811753300.00 ns, 48.3843 ns/op
WorkloadResult  15: 16777216 op, 786674300.00 ns, 46.8894 ns/op
WorkloadResult  16: 16777216 op, 758485100.00 ns, 45.2092 ns/op
WorkloadResult  17: 16777216 op, 791758800.00 ns, 47.1925 ns/op
WorkloadResult  18: 16777216 op, 839266500.00 ns, 50.0242 ns/op
WorkloadResult  19: 16777216 op, 818424100.00 ns, 48.7819 ns/op
WorkloadResult  20: 16777216 op, 847934600.00 ns, 50.5408 ns/op
WorkloadResult  21: 16777216 op, 859052100.00 ns, 51.2035 ns/op
WorkloadResult  22: 16777216 op, 858978300.00 ns, 51.1991 ns/op
WorkloadResult  23: 16777216 op, 790264700.00 ns, 47.1034 ns/op
WorkloadResult  24: 16777216 op, 815527600.00 ns, 48.6092 ns/op
WorkloadResult  25: 16777216 op, 866129100.00 ns, 51.6253 ns/op
WorkloadResult  26: 16777216 op, 834362300.00 ns, 49.7319 ns/op
WorkloadResult  27: 16777216 op, 830829600.00 ns, 49.5213 ns/op
WorkloadResult  28: 16777216 op, 806974000.00 ns, 48.0994 ns/op
WorkloadResult  29: 16777216 op, 832183700.00 ns, 49.6020 ns/op
WorkloadResult  30: 16777216 op, 757885400.00 ns, 45.1735 ns/op
WorkloadResult  31: 16777216 op, 776261100.00 ns, 46.2688 ns/op
WorkloadResult  32: 16777216 op, 765243400.00 ns, 45.6121 ns/op
WorkloadResult  33: 16777216 op, 795088100.00 ns, 47.3909 ns/op
WorkloadResult  34: 16777216 op, 813076800.00 ns, 48.4632 ns/op
WorkloadResult  35: 16777216 op, 774575800.00 ns, 46.1683 ns/op
WorkloadResult  36: 16777216 op, 805826800.00 ns, 48.0310 ns/op
WorkloadResult  37: 16777216 op, 790275200.00 ns, 47.1041 ns/op
WorkloadResult  38: 16777216 op, 774705400.00 ns, 46.1760 ns/op
WorkloadResult  39: 16777216 op, 771504200.00 ns, 45.9852 ns/op
WorkloadResult  40: 16777216 op, 763887300.00 ns, 45.5312 ns/op
WorkloadResult  41: 16777216 op, 795518000.00 ns, 47.4166 ns/op
WorkloadResult  42: 16777216 op, 759434600.00 ns, 45.2658 ns/op
WorkloadResult  43: 16777216 op, 788020300.00 ns, 46.9697 ns/op
WorkloadResult  44: 16777216 op, 774596700.00 ns, 46.1696 ns/op
// GC:  27 0 0 1073742896 16777216
// Threading:  0 0 16777216

// AfterAll
// Benchmark Process 17796 has exited with code 0.

Mean = 47.706 ns, StdErr = 0.276 ns (0.58%), N = 44, StdDev = 1.829 ns
Min = 44.913 ns, Q1 = 46.169 ns, Median = 47.292 ns, Q3 = 48.888 ns, Max = 51.625 ns
IQR = 2.719 ns, LowerFence = 42.090 ns, UpperFence = 52.967 ns
ConfidenceInterval = [46.732 ns; 48.679 ns] (CI 99.9%), Margin = 0.974 ns (2.04% of Mean)
Skewness = 0.39, Kurtosis = 2.08, MValue = 2.93

// ** Remained 1 (5.9%) benchmark(s) to run. Estimated finish 2026-05-18 5:57 (0h 0m from now) **
Setup power plan (GUID: 8c5e7fda-e8bf-4a96-9a85-a6e23a8c635c FriendlyName: High performance)
// **************************
// Benchmark: TypedArgsBenchmarks.Herald_TypedArgs_FourProps_FinanceShape: DefaultJob
// *** Execute ***
// Launch: 1 / 1
// Execute: dotnet 39a2256e-60fa-4d30-974a-7a369d9cdb55.dll --anonymousPipes 1420 42256 --benchmarkName MMP.Herald.OSS.Benchmarks.Comparisons.HeraldRow.TypedArgsBenchmarks.Herald_TypedArgs_FourProps_FinanceShape --job Default --benchmarkId 16 in E:\dev\Herald.OSS\benchmarking\comparisons\net10\herald\bin\Release\net10.0\39a2256e-60fa-4d30-974a-7a369d9cdb55\bin\Release\net10.0
// BeforeAnythingElse

// Benchmark Process Environment Information:
// BenchmarkDotNet v0.14.0
// Runtime=.NET 10.0.8 (10.0.826.23019), X64 RyuJIT AVX2
// GC=Concurrent Server
// HardwareIntrinsics=AVX2,AES,BMI1,BMI2,FMA,LZCNT,PCLMUL,POPCNT,AvxVnni,SERIALIZE VectorSize=256
// Job: DefaultJob

OverheadJitting  1: 1 op, 190200.00 ns, 190.2000 us/op
WorkloadJitting  1: 1 op, 2325700.00 ns, 2.3257 ms/op

OverheadJitting  2: 16 op, 143700.00 ns, 8.9813 us/op
WorkloadJitting  2: 16 op, 166700.00 ns, 10.4188 us/op

WorkloadPilot    1: 16 op, 26400.00 ns, 1.6500 us/op
WorkloadPilot    2: 32 op, 10400.00 ns, 325.0000 ns/op
WorkloadPilot    3: 64 op, 52000.00 ns, 812.5000 ns/op
WorkloadPilot    4: 128 op, 33900.00 ns, 264.8438 ns/op
WorkloadPilot    5: 256 op, 54400.00 ns, 212.5000 ns/op
WorkloadPilot    6: 512 op, 105000.00 ns, 205.0781 ns/op
WorkloadPilot    7: 1024 op, 192100.00 ns, 187.5977 ns/op
WorkloadPilot    8: 2048 op, 377600.00 ns, 184.3750 ns/op
WorkloadPilot    9: 4096 op, 732000.00 ns, 178.7109 ns/op
WorkloadPilot   10: 8192 op, 1490400.00 ns, 181.9336 ns/op
WorkloadPilot   11: 16384 op, 2866700.00 ns, 174.9695 ns/op
WorkloadPilot   12: 32768 op, 5816000.00 ns, 177.4902 ns/op
WorkloadPilot   13: 65536 op, 11359200.00 ns, 173.3276 ns/op
WorkloadPilot   14: 131072 op, 22880700.00 ns, 174.5659 ns/op
WorkloadPilot   15: 262144 op, 43489600.00 ns, 165.8997 ns/op
WorkloadPilot   16: 524288 op, 49174400.00 ns, 93.7927 ns/op
WorkloadPilot   17: 1048576 op, 51407800.00 ns, 49.0263 ns/op
WorkloadPilot   18: 2097152 op, 115849000.00 ns, 55.2411 ns/op
WorkloadPilot   19: 4194304 op, 212958100.00 ns, 50.7732 ns/op
WorkloadPilot   20: 8388608 op, 417520100.00 ns, 49.7723 ns/op
WorkloadPilot   21: 16777216 op, 833513900.00 ns, 49.6813 ns/op

OverheadWarmup   1: 16777216 op, 33083800.00 ns, 1.9719 ns/op
OverheadWarmup   2: 16777216 op, 32575500.00 ns, 1.9417 ns/op
OverheadWarmup   3: 16777216 op, 32458600.00 ns, 1.9347 ns/op
OverheadWarmup   4: 16777216 op, 32587100.00 ns, 1.9423 ns/op
OverheadWarmup   5: 16777216 op, 32307100.00 ns, 1.9257 ns/op
OverheadWarmup   6: 16777216 op, 32364200.00 ns, 1.9291 ns/op
OverheadWarmup   7: 16777216 op, 32156600.00 ns, 1.9167 ns/op

OverheadActual   1: 16777216 op, 32151100.00 ns, 1.9164 ns/op
OverheadActual   2: 16777216 op, 32352400.00 ns, 1.9284 ns/op
OverheadActual   3: 16777216 op, 32145400.00 ns, 1.9160 ns/op
OverheadActual   4: 16777216 op, 32680400.00 ns, 1.9479 ns/op
OverheadActual   5: 16777216 op, 32127800.00 ns, 1.9150 ns/op
OverheadActual   6: 16777216 op, 32065300.00 ns, 1.9112 ns/op
OverheadActual   7: 16777216 op, 32280300.00 ns, 1.9241 ns/op
OverheadActual   8: 16777216 op, 29513000.00 ns, 1.7591 ns/op
OverheadActual   9: 16777216 op, 25704200.00 ns, 1.5321 ns/op
OverheadActual  10: 16777216 op, 25405700.00 ns, 1.5143 ns/op
OverheadActual  11: 16777216 op, 25490400.00 ns, 1.5193 ns/op
OverheadActual  12: 16777216 op, 25274800.00 ns, 1.5065 ns/op
OverheadActual  13: 16777216 op, 25312200.00 ns, 1.5087 ns/op
OverheadActual  14: 16777216 op, 25157600.00 ns, 1.4995 ns/op
OverheadActual  15: 16777216 op, 25287500.00 ns, 1.5073 ns/op
OverheadActual  16: 16777216 op, 25335900.00 ns, 1.5101 ns/op
OverheadActual  17: 16777216 op, 25452900.00 ns, 1.5171 ns/op
OverheadActual  18: 16777216 op, 25188100.00 ns, 1.5013 ns/op
OverheadActual  19: 16777216 op, 25398600.00 ns, 1.5139 ns/op
OverheadActual  20: 16777216 op, 25413300.00 ns, 1.5148 ns/op

WorkloadWarmup   1: 16777216 op, 917987700.00 ns, 54.7163 ns/op
WorkloadWarmup   2: 16777216 op, 990066000.00 ns, 59.0125 ns/op
WorkloadWarmup   3: 16777216 op, 983768600.00 ns, 58.6372 ns/op
WorkloadWarmup   4: 16777216 op, 972834800.00 ns, 57.9855 ns/op
WorkloadWarmup   5: 16777216 op, 928553100.00 ns, 55.3461 ns/op
WorkloadWarmup   6: 16777216 op, 926543600.00 ns, 55.2263 ns/op
WorkloadWarmup   7: 16777216 op, 882161000.00 ns, 52.5809 ns/op
WorkloadWarmup   8: 16777216 op, 879983100.00 ns, 52.4511 ns/op
WorkloadWarmup   9: 16777216 op, 900673000.00 ns, 53.6843 ns/op
WorkloadWarmup  10: 16777216 op, 866871100.00 ns, 51.6695 ns/op

// BeforeActualRun
WorkloadActual   1: 16777216 op, 916976800.00 ns, 54.6561 ns/op
WorkloadActual   2: 16777216 op, 994366200.00 ns, 59.2688 ns/op
WorkloadActual   3: 16777216 op, 931824700.00 ns, 55.5411 ns/op
WorkloadActual   4: 16777216 op, 926930600.00 ns, 55.2494 ns/op
WorkloadActual   5: 16777216 op, 905899200.00 ns, 53.9958 ns/op
WorkloadActual   6: 16777216 op, 935311400.00 ns, 55.7489 ns/op
WorkloadActual   7: 16777216 op, 879986600.00 ns, 52.4513 ns/op
WorkloadActual   8: 16777216 op, 955319400.00 ns, 56.9415 ns/op
WorkloadActual   9: 16777216 op, 927630300.00 ns, 55.2911 ns/op
WorkloadActual  10: 16777216 op, 919901200.00 ns, 54.8304 ns/op
WorkloadActual  11: 16777216 op, 882030300.00 ns, 52.5731 ns/op
WorkloadActual  12: 16777216 op, 910223300.00 ns, 54.2535 ns/op
WorkloadActual  13: 16777216 op, 917207200.00 ns, 54.6698 ns/op
WorkloadActual  14: 16777216 op, 931213800.00 ns, 55.5047 ns/op
WorkloadActual  15: 16777216 op, 890741100.00 ns, 53.0923 ns/op
WorkloadActual  16: 16777216 op, 981452900.00 ns, 58.4992 ns/op
WorkloadActual  17: 16777216 op, 903362200.00 ns, 53.8446 ns/op
WorkloadActual  18: 16777216 op, 892990300.00 ns, 53.2264 ns/op
WorkloadActual  19: 16777216 op, 882576600.00 ns, 52.6057 ns/op
WorkloadActual  20: 16777216 op, 1002150200.00 ns, 59.7328 ns/op
WorkloadActual  21: 16777216 op, 1027248900.00 ns, 61.2288 ns/op
WorkloadActual  22: 16777216 op, 923026500.00 ns, 55.0167 ns/op
WorkloadActual  23: 16777216 op, 982126600.00 ns, 58.5393 ns/op
WorkloadActual  24: 16777216 op, 1066619000.00 ns, 63.5754 ns/op
WorkloadActual  25: 16777216 op, 990004100.00 ns, 59.0088 ns/op
WorkloadActual  26: 16777216 op, 1006135100.00 ns, 59.9703 ns/op
WorkloadActual  27: 16777216 op, 977040300.00 ns, 58.2361 ns/op
WorkloadActual  28: 16777216 op, 970120200.00 ns, 57.8237 ns/op
WorkloadActual  29: 16777216 op, 974805900.00 ns, 58.1030 ns/op
WorkloadActual  30: 16777216 op, 1015335600.00 ns, 60.5187 ns/op
WorkloadActual  31: 16777216 op, 986319900.00 ns, 58.7892 ns/op
WorkloadActual  32: 16777216 op, 960508100.00 ns, 57.2507 ns/op
WorkloadActual  33: 16777216 op, 970913100.00 ns, 57.8709 ns/op
WorkloadActual  34: 16777216 op, 913597200.00 ns, 54.4546 ns/op
WorkloadActual  35: 16777216 op, 936448600.00 ns, 55.8167 ns/op
WorkloadActual  36: 16777216 op, 891730200.00 ns, 53.1513 ns/op
WorkloadActual  37: 16777216 op, 915557800.00 ns, 54.5715 ns/op
WorkloadActual  38: 16777216 op, 964066000.00 ns, 57.4628 ns/op
WorkloadActual  39: 16777216 op, 940720900.00 ns, 56.0713 ns/op
WorkloadActual  40: 16777216 op, 924870900.00 ns, 55.1266 ns/op
WorkloadActual  41: 16777216 op, 900943900.00 ns, 53.7004 ns/op
WorkloadActual  42: 16777216 op, 910281700.00 ns, 54.2570 ns/op
WorkloadActual  43: 16777216 op, 856917600.00 ns, 51.0763 ns/op
WorkloadActual  44: 16777216 op, 877720600.00 ns, 52.3162 ns/op
WorkloadActual  45: 16777216 op, 890752200.00 ns, 53.0930 ns/op
WorkloadActual  46: 16777216 op, 941145800.00 ns, 56.0967 ns/op
WorkloadActual  47: 16777216 op, 879027700.00 ns, 52.3941 ns/op
WorkloadActual  48: 16777216 op, 928550400.00 ns, 55.3459 ns/op
WorkloadActual  49: 16777216 op, 914992300.00 ns, 54.5378 ns/op
WorkloadActual  50: 16777216 op, 922108200.00 ns, 54.9619 ns/op
WorkloadActual  51: 16777216 op, 985406800.00 ns, 58.7348 ns/op
WorkloadActual  52: 16777216 op, 907458500.00 ns, 54.0887 ns/op
WorkloadActual  53: 16777216 op, 854449300.00 ns, 50.9291 ns/op
WorkloadActual  54: 16777216 op, 867676800.00 ns, 51.7176 ns/op
WorkloadActual  55: 16777216 op, 900218000.00 ns, 53.6572 ns/op
WorkloadActual  56: 16777216 op, 893473300.00 ns, 53.2552 ns/op
WorkloadActual  57: 16777216 op, 898752500.00 ns, 53.5698 ns/op
WorkloadActual  58: 16777216 op, 974242300.00 ns, 58.0694 ns/op
WorkloadActual  59: 16777216 op, 880425600.00 ns, 52.4775 ns/op
WorkloadActual  60: 16777216 op, 876569500.00 ns, 52.2476 ns/op
WorkloadActual  61: 16777216 op, 947380800.00 ns, 56.4683 ns/op
WorkloadActual  62: 16777216 op, 910992800.00 ns, 54.2994 ns/op
WorkloadActual  63: 16777216 op, 902884000.00 ns, 53.8161 ns/op
WorkloadActual  64: 16777216 op, 910630200.00 ns, 54.2778 ns/op
WorkloadActual  65: 16777216 op, 894314600.00 ns, 53.3053 ns/op

// AfterActualRun
WorkloadResult   1: 16777216 op, 891505150.00 ns, 53.1378 ns/op
WorkloadResult   2: 16777216 op, 968894550.00 ns, 57.7506 ns/op
WorkloadResult   3: 16777216 op, 906353050.00 ns, 54.0229 ns/op
WorkloadResult   4: 16777216 op, 901458950.00 ns, 53.7311 ns/op
WorkloadResult   5: 16777216 op, 880427550.00 ns, 52.4776 ns/op
WorkloadResult   6: 16777216 op, 909839750.00 ns, 54.2307 ns/op
WorkloadResult   7: 16777216 op, 854514950.00 ns, 50.9331 ns/op
WorkloadResult   8: 16777216 op, 929847750.00 ns, 55.4232 ns/op
WorkloadResult   9: 16777216 op, 902158650.00 ns, 53.7728 ns/op
WorkloadResult  10: 16777216 op, 894429550.00 ns, 53.3122 ns/op
WorkloadResult  11: 16777216 op, 856558650.00 ns, 51.0549 ns/op
WorkloadResult  12: 16777216 op, 884751650.00 ns, 52.7353 ns/op
WorkloadResult  13: 16777216 op, 891735550.00 ns, 53.1516 ns/op
WorkloadResult  14: 16777216 op, 905742150.00 ns, 53.9864 ns/op
WorkloadResult  15: 16777216 op, 865269450.00 ns, 51.5741 ns/op
WorkloadResult  16: 16777216 op, 955981250.00 ns, 56.9809 ns/op
WorkloadResult  17: 16777216 op, 877890550.00 ns, 52.3264 ns/op
WorkloadResult  18: 16777216 op, 867518650.00 ns, 51.7081 ns/op
WorkloadResult  19: 16777216 op, 857104950.00 ns, 51.0874 ns/op
WorkloadResult  20: 16777216 op, 976678550.00 ns, 58.2146 ns/op
WorkloadResult  21: 16777216 op, 1001777250.00 ns, 59.7106 ns/op
WorkloadResult  22: 16777216 op, 897554850.00 ns, 53.4984 ns/op
WorkloadResult  23: 16777216 op, 956654950.00 ns, 57.0211 ns/op
WorkloadResult  24: 16777216 op, 964532450.00 ns, 57.4906 ns/op
WorkloadResult  25: 16777216 op, 980663450.00 ns, 58.4521 ns/op
WorkloadResult  26: 16777216 op, 951568650.00 ns, 56.7179 ns/op
WorkloadResult  27: 16777216 op, 944648550.00 ns, 56.3054 ns/op
WorkloadResult  28: 16777216 op, 949334250.00 ns, 56.5847 ns/op
WorkloadResult  29: 16777216 op, 989863950.00 ns, 59.0005 ns/op
WorkloadResult  30: 16777216 op, 960848250.00 ns, 57.2710 ns/op
WorkloadResult  31: 16777216 op, 935036450.00 ns, 55.7325 ns/op
WorkloadResult  32: 16777216 op, 945441450.00 ns, 56.3527 ns/op
WorkloadResult  33: 16777216 op, 888125550.00 ns, 52.9364 ns/op
WorkloadResult  34: 16777216 op, 910976950.00 ns, 54.2985 ns/op
WorkloadResult  35: 16777216 op, 866258550.00 ns, 51.6330 ns/op
WorkloadResult  36: 16777216 op, 890086150.00 ns, 53.0533 ns/op
WorkloadResult  37: 16777216 op, 938594350.00 ns, 55.9446 ns/op
WorkloadResult  38: 16777216 op, 915249250.00 ns, 54.5531 ns/op
WorkloadResult  39: 16777216 op, 899399250.00 ns, 53.6084 ns/op
WorkloadResult  40: 16777216 op, 875472250.00 ns, 52.1822 ns/op
WorkloadResult  41: 16777216 op, 884810050.00 ns, 52.7388 ns/op
WorkloadResult  42: 16777216 op, 831445950.00 ns, 49.5580 ns/op
WorkloadResult  43: 16777216 op, 852248950.00 ns, 50.7980 ns/op
WorkloadResult  44: 16777216 op, 865280550.00 ns, 51.5747 ns/op
WorkloadResult  45: 16777216 op, 915674150.00 ns, 54.5784 ns/op
WorkloadResult  46: 16777216 op, 853556050.00 ns, 50.8759 ns/op
WorkloadResult  47: 16777216 op, 903078750.00 ns, 53.8277 ns/op
WorkloadResult  48: 16777216 op, 889520650.00 ns, 53.0196 ns/op
WorkloadResult  49: 16777216 op, 896636550.00 ns, 53.4437 ns/op
WorkloadResult  50: 16777216 op, 959935150.00 ns, 57.2166 ns/op
WorkloadResult  51: 16777216 op, 881986850.00 ns, 52.5705 ns/op
WorkloadResult  52: 16777216 op, 828977650.00 ns, 49.4109 ns/op
WorkloadResult  53: 16777216 op, 842205150.00 ns, 50.1993 ns/op
WorkloadResult  54: 16777216 op, 874746350.00 ns, 52.1389 ns/op
WorkloadResult  55: 16777216 op, 868001650.00 ns, 51.7369 ns/op
WorkloadResult  56: 16777216 op, 873280850.00 ns, 52.0516 ns/op
WorkloadResult  57: 16777216 op, 948770650.00 ns, 56.5511 ns/op
WorkloadResult  58: 16777216 op, 854953950.00 ns, 50.9592 ns/op
WorkloadResult  59: 16777216 op, 851097850.00 ns, 50.7294 ns/op
WorkloadResult  60: 16777216 op, 921909150.00 ns, 54.9501 ns/op
WorkloadResult  61: 16777216 op, 885521150.00 ns, 52.7812 ns/op
WorkloadResult  62: 16777216 op, 877412350.00 ns, 52.2979 ns/op
WorkloadResult  63: 16777216 op, 885158550.00 ns, 52.7596 ns/op
WorkloadResult  64: 16777216 op, 868842950.00 ns, 51.7871 ns/op
// GC:  32 0 0 1610612800 16777216
// Threading:  0 0 16777216

// AfterAll
// Benchmark Process 66252 has exited with code 0.

Mean = 53.789 ns, StdErr = 0.310 ns (0.58%), N = 64, StdDev = 2.477 ns
Min = 49.411 ns, Q1 = 51.985 ns, Median = 53.232 ns, Q3 = 55.786 ns, Max = 59.711 ns
IQR = 3.800 ns, LowerFence = 46.285 ns, UpperFence = 61.486 ns
ConfidenceInterval = [52.720 ns; 54.858 ns] (CI 99.9%), Margin = 1.069 ns (1.99% of Mean)
Skewness = 0.48, Kurtosis = 2.31, MValue = 2.64

// ** Remained 0 (0.0%) benchmark(s) to run. Estimated finish 2026-05-18 5:58 (0h 0m from now) **
Successfully reverted power plan (GUID: 8c5e7fda-e8bf-4a96-9a85-a6e23a8c635c FriendlyName: High performance)
// ***** BenchmarkRunner: Finish  *****

// * Export *
  docs\benchmarks\runs\run-2026-05-18-phase2-v1.1\results\MMP.Herald.OSS.Benchmarks.Comparisons.HeraldRow.TypedArgsBenchmarks-report.csv
  docs\benchmarks\runs\run-2026-05-18-phase2-v1.1\results\MMP.Herald.OSS.Benchmarks.Comparisons.HeraldRow.TypedArgsBenchmarks-report-github.md
  docs\benchmarks\runs\run-2026-05-18-phase2-v1.1\results\MMP.Herald.OSS.Benchmarks.Comparisons.HeraldRow.TypedArgsBenchmarks-report.html

// * Detailed results *
TypedArgsBenchmarks.Herald_TypedArgs_FourProps_AllStrings: DefaultJob
Runtime = .NET 10.0.8 (10.0.826.23019), X64 RyuJIT AVX2; GC = Concurrent Server
Mean = 33.034 ns, StdErr = 0.199 ns (0.60%), N = 59, StdDev = 1.527 ns
Min = 31.118 ns, Q1 = 31.792 ns, Median = 32.642 ns, Q3 = 34.150 ns, Max = 36.834 ns
IQR = 2.358 ns, LowerFence = 28.255 ns, UpperFence = 37.687 ns
ConfidenceInterval = [32.345 ns; 33.723 ns] (CI 99.9%), Margin = 0.689 ns (2.09% of Mean)
Skewness = 0.77, Kurtosis = 2.49, MValue = 2.64
-------------------- Histogram --------------------
[30.603 ns ; 31.444 ns) | @@@@
[31.444 ns ; 32.473 ns) | @@@@@@@@@@@@@@@@@@@@@@@@@
[32.473 ns ; 33.622 ns) | @@@@@@@@@@@
[33.622 ns ; 35.053 ns) | @@@@@@@@@@@@@@
[35.053 ns ; 35.811 ns) | 
[35.811 ns ; 36.841 ns) | @@@@@
---------------------------------------------------

TypedArgsBenchmarks.Herald_TypedArgs_FourProps_MixedTypes: DefaultJob
Runtime = .NET 10.0.8 (10.0.826.23019), X64 RyuJIT AVX2; GC = Concurrent Server
Mean = 31.459 ns, StdErr = 0.060 ns (0.19%), N = 14, StdDev = 0.226 ns
Min = 31.089 ns, Q1 = 31.328 ns, Median = 31.450 ns, Q3 = 31.569 ns, Max = 31.871 ns
IQR = 0.241 ns, LowerFence = 30.966 ns, UpperFence = 31.931 ns
ConfidenceInterval = [31.205 ns; 31.714 ns] (CI 99.9%), Margin = 0.254 ns (0.81% of Mean)
Skewness = 0.28, Kurtosis = 2.18, MValue = 2
-------------------- Histogram --------------------
[30.966 ns ; 31.994 ns) | @@@@@@@@@@@@@@
---------------------------------------------------

TypedArgsBenchmarks.Herald_TypedArgs_SixteenProps_AllStrings: DefaultJob
Runtime = .NET 10.0.8 (10.0.826.23019), X64 RyuJIT AVX2; GC = Concurrent Server
Mean = 79.450 ns, StdErr = 0.332 ns (0.42%), N = 16, StdDev = 1.330 ns
Min = 78.209 ns, Q1 = 78.472 ns, Median = 78.720 ns, Q3 = 80.127 ns, Max = 82.225 ns
IQR = 1.655 ns, LowerFence = 75.990 ns, UpperFence = 82.609 ns
ConfidenceInterval = [78.096 ns; 80.803 ns] (CI 99.9%), Margin = 1.354 ns (1.70% of Mean)
Skewness = 0.9, Kurtosis = 2.19, MValue = 2
-------------------- Histogram --------------------
[78.083 ns ; 82.682 ns) | @@@@@@@@@@@@@@@@
---------------------------------------------------

TypedArgsBenchmarks.Herald_TypedArgs_SixteenProps_MixedTypes: DefaultJob
Runtime = .NET 10.0.8 (10.0.826.23019), X64 RyuJIT AVX2; GC = Concurrent Server
Mean = 58.786 ns, StdErr = 0.272 ns (0.46%), N = 15, StdDev = 1.053 ns
Min = 57.372 ns, Q1 = 57.984 ns, Median = 58.394 ns, Q3 = 59.448 ns, Max = 60.751 ns
IQR = 1.464 ns, LowerFence = 55.788 ns, UpperFence = 61.643 ns
ConfidenceInterval = [57.660 ns; 59.912 ns] (CI 99.9%), Margin = 1.126 ns (1.92% of Mean)
Skewness = 0.37, Kurtosis = 1.74, MValue = 2
-------------------- Histogram --------------------
[57.304 ns ; 59.155 ns) | @@@@@@@@@
[59.155 ns ; 61.312 ns) | @@@@@@
---------------------------------------------------

TypedArgsBenchmarks.Herald_TypedArgs_EightProps_AllStrings: DefaultJob
Runtime = .NET 10.0.8 (10.0.826.23019), X64 RyuJIT AVX2; GC = Concurrent Server
Mean = 39.736 ns, StdErr = 0.168 ns (0.42%), N = 15, StdDev = 0.652 ns
Min = 38.819 ns, Q1 = 39.181 ns, Median = 39.381 ns, Q3 = 40.287 ns, Max = 40.801 ns
IQR = 1.106 ns, LowerFence = 37.522 ns, UpperFence = 41.946 ns
ConfidenceInterval = [39.039 ns; 40.433 ns] (CI 99.9%), Margin = 0.697 ns (1.75% of Mean)
Skewness = 0.26, Kurtosis = 1.39, MValue = 2
-------------------- Histogram --------------------
[38.709 ns ; 40.945 ns) | @@@@@@@@@@@@@@@
---------------------------------------------------

TypedArgsBenchmarks.Herald_TypedArgs_EightProps_MixedTypes: DefaultJob
Runtime = .NET 10.0.8 (10.0.826.23019), X64 RyuJIT AVX2; GC = Concurrent Server
Mean = 39.793 ns, StdErr = 0.166 ns (0.42%), N = 14, StdDev = 0.623 ns
Min = 39.146 ns, Q1 = 39.313 ns, Median = 39.524 ns, Q3 = 40.029 ns, Max = 41.010 ns
IQR = 0.716 ns, LowerFence = 38.240 ns, UpperFence = 41.102 ns
ConfidenceInterval = [39.090 ns; 40.495 ns] (CI 99.9%), Margin = 0.702 ns (1.76% of Mean)
Skewness = 0.72, Kurtosis = 2.02, MValue = 2
-------------------- Histogram --------------------
[38.947 ns ; 39.826 ns) | @@@@@@@@
[39.826 ns ; 41.349 ns) | @@@@@@
---------------------------------------------------

TypedArgsBenchmarks.Herald_TypedArgs_FourProps_AuditShape: DefaultJob
Runtime = .NET 10.0.8 (10.0.826.23019), X64 RyuJIT AVX2; GC = Concurrent Server
Mean = 47.706 ns, StdErr = 0.276 ns (0.58%), N = 44, StdDev = 1.829 ns
Min = 44.913 ns, Q1 = 46.169 ns, Median = 47.292 ns, Q3 = 48.888 ns, Max = 51.625 ns
IQR = 2.719 ns, LowerFence = 42.090 ns, UpperFence = 52.967 ns
ConfidenceInterval = [46.732 ns; 48.679 ns] (CI 99.9%), Margin = 0.974 ns (2.04% of Mean)
Skewness = 0.39, Kurtosis = 2.08, MValue = 2.93
-------------------- Histogram --------------------
[44.234 ns ; 45.852 ns) | @@@@@@@
[45.852 ns ; 47.212 ns) | @@@@@@@@@@@@@@@
[47.212 ns ; 48.258 ns) | @@@@
[48.258 ns ; 49.618 ns) | @@@@@@@@@@@
[49.618 ns ; 52.305 ns) | @@@@@@@
---------------------------------------------------

TypedArgsBenchmarks.Herald_TypedArgs_FourProps_FinanceShape: DefaultJob
Runtime = .NET 10.0.8 (10.0.826.23019), X64 RyuJIT AVX2; GC = Concurrent Server
Mean = 53.789 ns, StdErr = 0.310 ns (0.58%), N = 64, StdDev = 2.477 ns
Min = 49.411 ns, Q1 = 51.985 ns, Median = 53.232 ns, Q3 = 55.786 ns, Max = 59.711 ns
IQR = 3.800 ns, LowerFence = 46.285 ns, UpperFence = 61.486 ns
ConfidenceInterval = [52.720 ns; 54.858 ns] (CI 99.9%), Margin = 1.069 ns (1.99% of Mean)
Skewness = 0.48, Kurtosis = 2.31, MValue = 2.64
-------------------- Histogram --------------------
[48.598 ns ; 51.136 ns) | @@@@@@@@@@
[51.136 ns ; 53.176 ns) | @@@@@@@@@@@@@@@@@@@@@@
[53.176 ns ; 54.758 ns) | @@@@@@@@@@@@@
[54.758 ns ; 56.215 ns) | @@@@
[56.215 ns ; 57.841 ns) | @@@@@@@@@@@
[57.841 ns ; 59.775 ns) | @@@@
---------------------------------------------------

// * Summary *

BenchmarkDotNet v0.14.0, Windows 11 (10.0.26200.8457)
12th Gen Intel Core i9-12900K, 1 CPU, 24 logical and 16 physical cores
.NET SDK 10.0.204
  [Host]     : .NET 10.0.8 (10.0.826.23019), X64 RyuJIT AVX2
  DefaultJob : .NET 10.0.8 (10.0.826.23019), X64 RyuJIT AVX2


| Method                                   | Mean     | Error    | StdDev   | Gen0   | Allocated |
|----------------------------------------- |---------:|---------:|---------:|-------:|----------:|
| Herald_TypedArgs_FourProps_AllStrings    | 33.03 ns | 0.689 ns | 1.527 ns |      - |         - |
| Herald_TypedArgs_FourProps_MixedTypes    | 31.46 ns | 0.254 ns | 0.226 ns |      - |         - |
| Herald_TypedArgs_SixteenProps_AllStrings | 79.45 ns | 1.354 ns | 1.330 ns |      - |         - |
| Herald_TypedArgs_SixteenProps_MixedTypes | 58.79 ns | 1.126 ns | 1.053 ns |      - |         - |
| Herald_TypedArgs_EightProps_AllStrings   | 39.74 ns | 0.697 ns | 0.652 ns |      - |         - |
| Herald_TypedArgs_EightProps_MixedTypes   | 39.79 ns | 0.702 ns | 0.623 ns |      - |         - |
| Herald_TypedArgs_FourProps_AuditShape    | 47.71 ns | 0.974 ns | 1.829 ns | 0.0016 |      64 B |
| Herald_TypedArgs_FourProps_FinanceShape  | 53.79 ns | 1.069 ns | 2.477 ns | 0.0019 |      96 B |

// * Warnings *
MultimodalDistribution
  TypedArgsBenchmarks.Herald_TypedArgs_FourProps_AuditShape: Default -> It seems that the distribution can have several modes (mValue = 2.93)

// * Hints *
Outliers
  TypedArgsBenchmarks.Herald_TypedArgs_FourProps_AllStrings: Default    -> 1 outlier  was  removed (41.01 ns)
  TypedArgsBenchmarks.Herald_TypedArgs_FourProps_MixedTypes: Default    -> 1 outlier  was  removed (34.52 ns)
  TypedArgsBenchmarks.Herald_TypedArgs_SixteenProps_AllStrings: Default -> 1 outlier  was  removed (86.19 ns)
  TypedArgsBenchmarks.Herald_TypedArgs_SixteenProps_MixedTypes: Default -> 1 outlier  was  removed (64.18 ns)
  TypedArgsBenchmarks.Herald_TypedArgs_EightProps_MixedTypes: Default   -> 1 outlier  was  removed (44.93 ns)
  TypedArgsBenchmarks.Herald_TypedArgs_FourProps_FinanceShape: Default  -> 1 outlier  was  removed (63.58 ns)

// * Legends *
  Mean      : Arithmetic mean of all measurements
  Error     : Half of 99.9% confidence interval
  StdDev    : Standard deviation of all measurements
  Gen0      : GC Generation 0 collects per 1000 operations
  Allocated : Allocated memory per single operation (managed only, inclusive, 1KB = 1024B)
  1 ns      : 1 Nanosecond (0.000000001 sec)

// * Diagnostic Output - MemoryDiagnoser *


// ***** BenchmarkRunner: End *****
Run time: 00:04:26 (266.65 sec), executed benchmarks: 8

Global total time: 00:11:47 (707.27 sec), executed benchmarks: 17
// * Artifacts cleanup *
Artifacts cleanup is finished
