// Validating benchmarks:
// ***** BenchmarkRunner: Start   *****
// ***** Found 14 benchmark(s) in total *****
// ***** Building 1 exe(s) in Parallel: Start   *****
// start dotnet  restore /p:UseSharedCompilation=false /p:BuildInParallel=false /m:1 /p:Deterministic=true /p:Optimize=true /p:IntermediateOutputPath="E:\dev\Herald.OSS\benchmarking\comparisons\net10\herald\bin\Release\net10.0\c5b5c090-8696-47d4-bce3-31aa153e63bf\obj\Release\net10.0/" /p:OutDir="E:\dev\Herald.OSS\benchmarking\comparisons\net10\herald\bin\Release\net10.0\c5b5c090-8696-47d4-bce3-31aa153e63bf\bin\Release\net10.0/" /p:OutputPath="E:\dev\Herald.OSS\benchmarking\comparisons\net10\herald\bin\Release\net10.0\c5b5c090-8696-47d4-bce3-31aa153e63bf\bin\Release\net10.0/" in E:\dev\Herald.OSS\benchmarking\comparisons\net10\herald\bin\Release\net10.0\c5b5c090-8696-47d4-bce3-31aa153e63bf
// command took 1.6 sec and exited with 0
// start dotnet  build -c Release --no-restore /p:UseSharedCompilation=false /p:BuildInParallel=false /m:1 /p:Deterministic=true /p:Optimize=true /p:IntermediateOutputPath="E:\dev\Herald.OSS\benchmarking\comparisons\net10\herald\bin\Release\net10.0\c5b5c090-8696-47d4-bce3-31aa153e63bf\obj\Release\net10.0/" /p:OutDir="E:\dev\Herald.OSS\benchmarking\comparisons\net10\herald\bin\Release\net10.0\c5b5c090-8696-47d4-bce3-31aa153e63bf\bin\Release\net10.0/" /p:OutputPath="E:\dev\Herald.OSS\benchmarking\comparisons\net10\herald\bin\Release\net10.0\c5b5c090-8696-47d4-bce3-31aa153e63bf\bin\Release\net10.0/" --output "E:\dev\Herald.OSS\benchmarking\comparisons\net10\herald\bin\Release\net10.0\c5b5c090-8696-47d4-bce3-31aa153e63bf\bin\Release\net10.0/" in E:\dev\Herald.OSS\benchmarking\comparisons\net10\herald\bin\Release\net10.0\c5b5c090-8696-47d4-bce3-31aa153e63bf
// command took 12.66 sec and exited with 0
// ***** Done, took 00:00:18 (18.28 sec)   *****
// Found 3 benchmarks:
//   AcceptCallBenchmarks.Herald_ZeroProps: DefaultJob
//   AcceptCallBenchmarks.Herald_OneProp: DefaultJob
//   AcceptCallBenchmarks.Herald_FourProps: DefaultJob

Setup power plan (GUID: 8c5e7fda-e8bf-4a96-9a85-a6e23a8c635c FriendlyName: High performance)
// **************************
// Benchmark: AcceptCallBenchmarks.Herald_ZeroProps: DefaultJob
// *** Execute ***
// Launch: 1 / 1
// Execute: dotnet c5b5c090-8696-47d4-bce3-31aa153e63bf.dll --anonymousPipes 944 104 --benchmarkName MMP.Herald.OSS.Benchmarks.Comparisons.HeraldRow.AcceptCallBenchmarks.Herald_ZeroProps --job Default --benchmarkId 0 in E:\dev\Herald.OSS\benchmarking\comparisons\net10\herald\bin\Release\net10.0\c5b5c090-8696-47d4-bce3-31aa153e63bf\bin\Release\net10.0
// BeforeAnythingElse

// Benchmark Process Environment Information:
// BenchmarkDotNet v0.14.0
// Runtime=.NET 10.0.7 (10.0.726.21808), X64 RyuJIT AVX2
// GC=Concurrent Server
// HardwareIntrinsics=AVX2,AES,BMI1,BMI2,FMA,LZCNT,PCLMUL,POPCNT,AvxVnni,SERIALIZE VectorSize=256
// Job: DefaultJob

OverheadJitting  1: 1 op, 197800.00 ns, 197.8000 us/op
WorkloadJitting  1: 1 op, 1400200.00 ns, 1.4002 ms/op

OverheadJitting  2: 16 op, 154600.00 ns, 9.6625 us/op
WorkloadJitting  2: 16 op, 164200.00 ns, 10.2625 us/op

WorkloadPilot    1: 16 op, 6600.00 ns, 412.5000 ns/op
WorkloadPilot    2: 32 op, 6600.00 ns, 206.2500 ns/op
WorkloadPilot    3: 64 op, 11600.00 ns, 181.2500 ns/op
WorkloadPilot    4: 128 op, 14200.00 ns, 110.9375 ns/op
WorkloadPilot    5: 256 op, 23500.00 ns, 91.7969 ns/op
WorkloadPilot    6: 512 op, 38800.00 ns, 75.7813 ns/op
WorkloadPilot    7: 1024 op, 77200.00 ns, 75.3906 ns/op
WorkloadPilot    8: 2048 op, 141900.00 ns, 69.2871 ns/op
WorkloadPilot    9: 4096 op, 282000.00 ns, 68.8477 ns/op
WorkloadPilot   10: 8192 op, 638600.00 ns, 77.9541 ns/op
WorkloadPilot   11: 16384 op, 1678700.00 ns, 102.4597 ns/op
WorkloadPilot   12: 32768 op, 2526800.00 ns, 77.1118 ns/op
WorkloadPilot   13: 65536 op, 4580700.00 ns, 69.8959 ns/op
WorkloadPilot   14: 131072 op, 9438800.00 ns, 72.0123 ns/op
WorkloadPilot   15: 262144 op, 19083000.00 ns, 72.7959 ns/op
WorkloadPilot   16: 524288 op, 40667900.00 ns, 77.5679 ns/op
WorkloadPilot   17: 1048576 op, 80700600.00 ns, 76.9621 ns/op
WorkloadPilot   18: 2097152 op, 55095800.00 ns, 26.2717 ns/op
WorkloadPilot   19: 4194304 op, 111080300.00 ns, 26.4836 ns/op
WorkloadPilot   20: 8388608 op, 223253900.00 ns, 26.6139 ns/op
WorkloadPilot   21: 16777216 op, 466122700.00 ns, 27.7831 ns/op
WorkloadPilot   22: 33554432 op, 903977800.00 ns, 26.9406 ns/op

OverheadWarmup   1: 33554432 op, 72837900.00 ns, 2.1707 ns/op
OverheadWarmup   2: 33554432 op, 71771200.00 ns, 2.1389 ns/op
OverheadWarmup   3: 33554432 op, 68953300.00 ns, 2.0550 ns/op
OverheadWarmup   4: 33554432 op, 50667600.00 ns, 1.5100 ns/op
OverheadWarmup   5: 33554432 op, 50905900.00 ns, 1.5171 ns/op
OverheadWarmup   6: 33554432 op, 50600400.00 ns, 1.5080 ns/op
OverheadWarmup   7: 33554432 op, 50273500.00 ns, 1.4983 ns/op
OverheadWarmup   8: 33554432 op, 50967100.00 ns, 1.5189 ns/op
OverheadWarmup   9: 33554432 op, 50846200.00 ns, 1.5153 ns/op

OverheadActual   1: 33554432 op, 50486300.00 ns, 1.5046 ns/op
OverheadActual   2: 33554432 op, 51324400.00 ns, 1.5296 ns/op
OverheadActual   3: 33554432 op, 52749400.00 ns, 1.5721 ns/op
OverheadActual   4: 33554432 op, 50375400.00 ns, 1.5013 ns/op
OverheadActual   5: 33554432 op, 51793200.00 ns, 1.5436 ns/op
OverheadActual   6: 33554432 op, 50948700.00 ns, 1.5184 ns/op
OverheadActual   7: 33554432 op, 50842500.00 ns, 1.5152 ns/op
OverheadActual   8: 33554432 op, 52013300.00 ns, 1.5501 ns/op
OverheadActual   9: 33554432 op, 50700200.00 ns, 1.5110 ns/op
OverheadActual  10: 33554432 op, 50566100.00 ns, 1.5070 ns/op
OverheadActual  11: 33554432 op, 51323000.00 ns, 1.5295 ns/op
OverheadActual  12: 33554432 op, 50376600.00 ns, 1.5013 ns/op
OverheadActual  13: 33554432 op, 53024800.00 ns, 1.5803 ns/op
OverheadActual  14: 33554432 op, 50853500.00 ns, 1.5156 ns/op
OverheadActual  15: 33554432 op, 51718000.00 ns, 1.5413 ns/op

WorkloadWarmup   1: 33554432 op, 904028700.00 ns, 26.9422 ns/op
WorkloadWarmup   2: 33554432 op, 902553900.00 ns, 26.8982 ns/op
WorkloadWarmup   3: 33554432 op, 905724000.00 ns, 26.9927 ns/op
WorkloadWarmup   4: 33554432 op, 901411800.00 ns, 26.8642 ns/op
WorkloadWarmup   5: 33554432 op, 898921800.00 ns, 26.7900 ns/op
WorkloadWarmup   6: 33554432 op, 904532400.00 ns, 26.9572 ns/op
WorkloadWarmup   7: 33554432 op, 909399000.00 ns, 27.1022 ns/op
WorkloadWarmup   8: 33554432 op, 906748600.00 ns, 27.0232 ns/op

// BeforeActualRun
WorkloadActual   1: 33554432 op, 892573400.00 ns, 26.6008 ns/op
WorkloadActual   2: 33554432 op, 897639200.00 ns, 26.7517 ns/op
WorkloadActual   3: 33554432 op, 899233600.00 ns, 26.7992 ns/op
WorkloadActual   4: 33554432 op, 885788200.00 ns, 26.3985 ns/op
WorkloadActual   5: 33554432 op, 888190500.00 ns, 26.4701 ns/op
WorkloadActual   6: 33554432 op, 888581600.00 ns, 26.4818 ns/op
WorkloadActual   7: 33554432 op, 888840500.00 ns, 26.4895 ns/op
WorkloadActual   8: 33554432 op, 886044600.00 ns, 26.4062 ns/op
WorkloadActual   9: 33554432 op, 890327500.00 ns, 26.5338 ns/op
WorkloadActual  10: 33554432 op, 910165300.00 ns, 27.1250 ns/op
WorkloadActual  11: 33554432 op, 915785300.00 ns, 27.2925 ns/op
WorkloadActual  12: 33554432 op, 898190400.00 ns, 26.7682 ns/op
WorkloadActual  13: 33554432 op, 885492600.00 ns, 26.3897 ns/op
WorkloadActual  14: 33554432 op, 894734700.00 ns, 26.6652 ns/op
WorkloadActual  15: 33554432 op, 885255300.00 ns, 26.3827 ns/op

// AfterActualRun
WorkloadResult   1: 33554432 op, 841624700.00 ns, 25.0824 ns/op
WorkloadResult   2: 33554432 op, 846690500.00 ns, 25.2333 ns/op
WorkloadResult   3: 33554432 op, 848284900.00 ns, 25.2809 ns/op
WorkloadResult   4: 33554432 op, 834839500.00 ns, 24.8802 ns/op
WorkloadResult   5: 33554432 op, 837241800.00 ns, 24.9518 ns/op
WorkloadResult   6: 33554432 op, 837632900.00 ns, 24.9634 ns/op
WorkloadResult   7: 33554432 op, 837891800.00 ns, 24.9711 ns/op
WorkloadResult   8: 33554432 op, 835095900.00 ns, 24.8878 ns/op
WorkloadResult   9: 33554432 op, 839378800.00 ns, 25.0154 ns/op
WorkloadResult  10: 33554432 op, 859216600.00 ns, 25.6067 ns/op
WorkloadResult  11: 33554432 op, 847241700.00 ns, 25.2498 ns/op
WorkloadResult  12: 33554432 op, 834543900.00 ns, 24.8713 ns/op
WorkloadResult  13: 33554432 op, 843786000.00 ns, 25.1468 ns/op
WorkloadResult  14: 33554432 op, 834306600.00 ns, 24.8643 ns/op
// GC:  0 0 0 1152 33554432
// Threading:  0 0 33554432

// AfterAll
// Benchmark Process 57496 has exited with code 0.

Mean = 25.072 ns, StdErr = 0.057 ns (0.23%), N = 14, StdDev = 0.212 ns
Min = 24.864 ns, Q1 = 24.904 ns, Median = 24.993 ns, Q3 = 25.212 ns, Max = 25.607 ns
IQR = 0.308 ns, LowerFence = 24.442 ns, UpperFence = 25.674 ns
ConfidenceInterval = [24.832 ns; 25.311 ns] (CI 99.9%), Margin = 0.240 ns (0.96% of Mean)
Skewness = 1.03, Kurtosis = 3.22, MValue = 2

// ** Remained 13 (92.9%) benchmark(s) to run. Estimated finish 2026-05-14 13:59 (0h 5m from now) **
Setup power plan (GUID: 8c5e7fda-e8bf-4a96-9a85-a6e23a8c635c FriendlyName: High performance)
// **************************
// Benchmark: AcceptCallBenchmarks.Herald_OneProp: DefaultJob
// *** Execute ***
// Launch: 1 / 1
// Execute: dotnet c5b5c090-8696-47d4-bce3-31aa153e63bf.dll --anonymousPipes 10660 13092 --benchmarkName MMP.Herald.OSS.Benchmarks.Comparisons.HeraldRow.AcceptCallBenchmarks.Herald_OneProp --job Default --benchmarkId 1 in E:\dev\Herald.OSS\benchmarking\comparisons\net10\herald\bin\Release\net10.0\c5b5c090-8696-47d4-bce3-31aa153e63bf\bin\Release\net10.0
// BeforeAnythingElse

// Benchmark Process Environment Information:
// BenchmarkDotNet v0.14.0
// Runtime=.NET 10.0.7 (10.0.726.21808), X64 RyuJIT AVX2
// GC=Concurrent Server
// HardwareIntrinsics=AVX2,AES,BMI1,BMI2,FMA,LZCNT,PCLMUL,POPCNT,AvxVnni,SERIALIZE VectorSize=256
// Job: DefaultJob

OverheadJitting  1: 1 op, 216300.00 ns, 216.3000 us/op
WorkloadJitting  1: 1 op, 2209300.00 ns, 2.2093 ms/op

OverheadJitting  2: 16 op, 283800.00 ns, 17.7375 us/op
WorkloadJitting  2: 16 op, 225600.00 ns, 14.1000 us/op

WorkloadPilot    1: 16 op, 7900.00 ns, 493.7500 ns/op
WorkloadPilot    2: 32 op, 9100.00 ns, 284.3750 ns/op
WorkloadPilot    3: 64 op, 11700.00 ns, 182.8125 ns/op
WorkloadPilot    4: 128 op, 20000.00 ns, 156.2500 ns/op
WorkloadPilot    5: 256 op, 34500.00 ns, 134.7656 ns/op
WorkloadPilot    6: 512 op, 57300.00 ns, 111.9141 ns/op
WorkloadPilot    7: 1024 op, 110700.00 ns, 108.1055 ns/op
WorkloadPilot    8: 2048 op, 210300.00 ns, 102.6855 ns/op
WorkloadPilot    9: 4096 op, 392000.00 ns, 95.7031 ns/op
WorkloadPilot   10: 8192 op, 869700.00 ns, 106.1646 ns/op
WorkloadPilot   11: 16384 op, 1520400.00 ns, 92.7979 ns/op
WorkloadPilot   12: 32768 op, 3043900.00 ns, 92.8925 ns/op
WorkloadPilot   13: 65536 op, 6077500.00 ns, 92.7353 ns/op
WorkloadPilot   14: 131072 op, 11902100.00 ns, 90.8058 ns/op
WorkloadPilot   15: 262144 op, 23166600.00 ns, 88.3736 ns/op
WorkloadPilot   16: 524288 op, 46324700.00 ns, 88.3574 ns/op
WorkloadPilot   17: 1048576 op, 40332700.00 ns, 38.4643 ns/op
WorkloadPilot   18: 2097152 op, 69027000.00 ns, 32.9146 ns/op
WorkloadPilot   19: 4194304 op, 128592500.00 ns, 30.6588 ns/op
WorkloadPilot   20: 8388608 op, 255271100.00 ns, 30.4307 ns/op
WorkloadPilot   21: 16777216 op, 521904100.00 ns, 31.1079 ns/op

OverheadWarmup   1: 16777216 op, 35436200.00 ns, 2.1122 ns/op
OverheadWarmup   2: 16777216 op, 35309000.00 ns, 2.1046 ns/op
OverheadWarmup   3: 16777216 op, 35495000.00 ns, 2.1157 ns/op
OverheadWarmup   4: 16777216 op, 35367600.00 ns, 2.1081 ns/op
OverheadWarmup   5: 16777216 op, 35396100.00 ns, 2.1098 ns/op
OverheadWarmup   6: 16777216 op, 35402200.00 ns, 2.1101 ns/op
OverheadWarmup   7: 16777216 op, 35251600.00 ns, 2.1012 ns/op

OverheadActual   1: 16777216 op, 35400700.00 ns, 2.1100 ns/op
OverheadActual   2: 16777216 op, 35754200.00 ns, 2.1311 ns/op
OverheadActual   3: 16777216 op, 35370000.00 ns, 2.1082 ns/op
OverheadActual   4: 16777216 op, 35419800.00 ns, 2.1112 ns/op
OverheadActual   5: 16777216 op, 35390500.00 ns, 2.1094 ns/op
OverheadActual   6: 16777216 op, 35424300.00 ns, 2.1115 ns/op
OverheadActual   7: 16777216 op, 35648900.00 ns, 2.1248 ns/op
OverheadActual   8: 16777216 op, 35346500.00 ns, 2.1068 ns/op
OverheadActual   9: 16777216 op, 26574100.00 ns, 1.5839 ns/op
OverheadActual  10: 16777216 op, 25000500.00 ns, 1.4901 ns/op
OverheadActual  11: 16777216 op, 24975600.00 ns, 1.4887 ns/op
OverheadActual  12: 16777216 op, 24952300.00 ns, 1.4873 ns/op
OverheadActual  13: 16777216 op, 24979200.00 ns, 1.4889 ns/op
OverheadActual  14: 16777216 op, 25052900.00 ns, 1.4933 ns/op
OverheadActual  15: 16777216 op, 24958900.00 ns, 1.4877 ns/op
OverheadActual  16: 16777216 op, 25100300.00 ns, 1.4961 ns/op
OverheadActual  17: 16777216 op, 25109600.00 ns, 1.4966 ns/op
OverheadActual  18: 16777216 op, 25103200.00 ns, 1.4963 ns/op
OverheadActual  19: 16777216 op, 25120000.00 ns, 1.4973 ns/op
OverheadActual  20: 16777216 op, 24988900.00 ns, 1.4895 ns/op

WorkloadWarmup   1: 16777216 op, 578732600.00 ns, 34.4952 ns/op
WorkloadWarmup   2: 16777216 op, 510945500.00 ns, 30.4547 ns/op
WorkloadWarmup   3: 16777216 op, 515530200.00 ns, 30.7280 ns/op
WorkloadWarmup   4: 16777216 op, 521119300.00 ns, 31.0611 ns/op
WorkloadWarmup   5: 16777216 op, 545310300.00 ns, 32.5030 ns/op
WorkloadWarmup   6: 16777216 op, 519573500.00 ns, 30.9690 ns/op
WorkloadWarmup   7: 16777216 op, 515695600.00 ns, 30.7379 ns/op
WorkloadWarmup   8: 16777216 op, 514723300.00 ns, 30.6799 ns/op
WorkloadWarmup   9: 16777216 op, 515904000.00 ns, 30.7503 ns/op
WorkloadWarmup  10: 16777216 op, 515534400.00 ns, 30.7282 ns/op

// BeforeActualRun
WorkloadActual   1: 16777216 op, 513313400.00 ns, 30.5959 ns/op
WorkloadActual   2: 16777216 op, 520279000.00 ns, 31.0110 ns/op
WorkloadActual   3: 16777216 op, 560360800.00 ns, 33.4001 ns/op
WorkloadActual   4: 16777216 op, 530891600.00 ns, 31.6436 ns/op
WorkloadActual   5: 16777216 op, 513591000.00 ns, 30.6124 ns/op
WorkloadActual   6: 16777216 op, 515707400.00 ns, 30.7386 ns/op
WorkloadActual   7: 16777216 op, 516505700.00 ns, 30.7861 ns/op
WorkloadActual   8: 16777216 op, 511260200.00 ns, 30.4735 ns/op
WorkloadActual   9: 16777216 op, 515396100.00 ns, 30.7200 ns/op
WorkloadActual  10: 16777216 op, 551143800.00 ns, 32.8507 ns/op
WorkloadActual  11: 16777216 op, 513189400.00 ns, 30.5885 ns/op
WorkloadActual  12: 16777216 op, 524799500.00 ns, 31.2805 ns/op
WorkloadActual  13: 16777216 op, 546073500.00 ns, 32.5485 ns/op
WorkloadActual  14: 16777216 op, 530562700.00 ns, 31.6240 ns/op
WorkloadActual  15: 16777216 op, 535694900.00 ns, 31.9299 ns/op
WorkloadActual  16: 16777216 op, 514054900.00 ns, 30.6401 ns/op
WorkloadActual  17: 16777216 op, 517664800.00 ns, 30.8552 ns/op
WorkloadActual  18: 16777216 op, 509062700.00 ns, 30.3425 ns/op
WorkloadActual  19: 16777216 op, 513833700.00 ns, 30.6269 ns/op
WorkloadActual  20: 16777216 op, 512016700.00 ns, 30.5186 ns/op
WorkloadActual  21: 16777216 op, 513811100.00 ns, 30.6255 ns/op

// AfterActualRun
WorkloadResult   1: 16777216 op, 488198600.00 ns, 29.0989 ns/op
WorkloadResult   2: 16777216 op, 495164200.00 ns, 29.5141 ns/op
WorkloadResult   3: 16777216 op, 505776800.00 ns, 30.1466 ns/op
WorkloadResult   4: 16777216 op, 488476200.00 ns, 29.1155 ns/op
WorkloadResult   5: 16777216 op, 490592600.00 ns, 29.2416 ns/op
WorkloadResult   6: 16777216 op, 491390900.00 ns, 29.2892 ns/op
WorkloadResult   7: 16777216 op, 486145400.00 ns, 28.9765 ns/op
WorkloadResult   8: 16777216 op, 490281300.00 ns, 29.2230 ns/op
WorkloadResult   9: 16777216 op, 526029000.00 ns, 31.3538 ns/op
WorkloadResult  10: 16777216 op, 488074600.00 ns, 29.0915 ns/op
WorkloadResult  11: 16777216 op, 499684700.00 ns, 29.7835 ns/op
WorkloadResult  12: 16777216 op, 520958700.00 ns, 31.0516 ns/op
WorkloadResult  13: 16777216 op, 505447900.00 ns, 30.1270 ns/op
WorkloadResult  14: 16777216 op, 510580100.00 ns, 30.4329 ns/op
WorkloadResult  15: 16777216 op, 488940100.00 ns, 29.1431 ns/op
WorkloadResult  16: 16777216 op, 492550000.00 ns, 29.3583 ns/op
WorkloadResult  17: 16777216 op, 483947900.00 ns, 28.8455 ns/op
WorkloadResult  18: 16777216 op, 488718900.00 ns, 29.1299 ns/op
WorkloadResult  19: 16777216 op, 486901900.00 ns, 29.0216 ns/op
WorkloadResult  20: 16777216 op, 488696300.00 ns, 29.1286 ns/op
// GC:  7 0 0 402653248 16777216
// Threading:  0 0 16777216

// AfterAll
// Benchmark Process 34696 has exited with code 0.

Mean = 29.554 ns, StdErr = 0.159 ns (0.54%), N = 20, StdDev = 0.710 ns
Min = 28.846 ns, Q1 = 29.111 ns, Median = 29.232 ns, Q3 = 29.869 ns, Max = 31.354 ns
IQR = 0.758 ns, LowerFence = 27.974 ns, UpperFence = 31.007 ns
ConfidenceInterval = [28.938 ns; 30.170 ns] (CI 99.9%), Margin = 0.616 ns (2.08% of Mean)
Skewness = 1.26, Kurtosis = 3.36, MValue = 2

// ** Remained 12 (85.7%) benchmark(s) to run. Estimated finish 2026-05-14 13:58 (0h 4m from now) **
Setup power plan (GUID: 8c5e7fda-e8bf-4a96-9a85-a6e23a8c635c FriendlyName: High performance)
// **************************
// Benchmark: AcceptCallBenchmarks.Herald_FourProps: DefaultJob
// *** Execute ***
// Launch: 1 / 1
// Execute: dotnet c5b5c090-8696-47d4-bce3-31aa153e63bf.dll --anonymousPipes 20708 19976 --benchmarkName MMP.Herald.OSS.Benchmarks.Comparisons.HeraldRow.AcceptCallBenchmarks.Herald_FourProps --job Default --benchmarkId 2 in E:\dev\Herald.OSS\benchmarking\comparisons\net10\herald\bin\Release\net10.0\c5b5c090-8696-47d4-bce3-31aa153e63bf\bin\Release\net10.0
// BeforeAnythingElse

// Benchmark Process Environment Information:
// BenchmarkDotNet v0.14.0
// Runtime=.NET 10.0.7 (10.0.726.21808), X64 RyuJIT AVX2
// GC=Concurrent Server
// HardwareIntrinsics=AVX2,AES,BMI1,BMI2,FMA,LZCNT,PCLMUL,POPCNT,AvxVnni,SERIALIZE VectorSize=256
// Job: DefaultJob

OverheadJitting  1: 1 op, 185000.00 ns, 185.0000 us/op
WorkloadJitting  1: 1 op, 2096600.00 ns, 2.0966 ms/op

OverheadJitting  2: 16 op, 190600.00 ns, 11.9125 us/op
WorkloadJitting  2: 16 op, 194800.00 ns, 12.1750 us/op

WorkloadPilot    1: 16 op, 9300.00 ns, 581.2500 ns/op
WorkloadPilot    2: 32 op, 10300.00 ns, 321.8750 ns/op
WorkloadPilot    3: 64 op, 20600.00 ns, 321.8750 ns/op
WorkloadPilot    4: 128 op, 27700.00 ns, 216.4063 ns/op
WorkloadPilot    5: 256 op, 60900.00 ns, 237.8906 ns/op
WorkloadPilot    6: 512 op, 81600.00 ns, 159.3750 ns/op
WorkloadPilot    7: 1024 op, 149400.00 ns, 145.8984 ns/op
WorkloadPilot    8: 2048 op, 313600.00 ns, 153.1250 ns/op
WorkloadPilot    9: 4096 op, 578000.00 ns, 141.1133 ns/op
WorkloadPilot   10: 8192 op, 1166900.00 ns, 142.4438 ns/op
WorkloadPilot   11: 16384 op, 2315300.00 ns, 141.3147 ns/op
WorkloadPilot   12: 32768 op, 4386700.00 ns, 133.8715 ns/op
WorkloadPilot   13: 65536 op, 8559900.00 ns, 130.6137 ns/op
WorkloadPilot   14: 131072 op, 16885100.00 ns, 128.8231 ns/op
WorkloadPilot   15: 262144 op, 33869600.00 ns, 129.2023 ns/op
WorkloadPilot   16: 524288 op, 43933600.00 ns, 83.7967 ns/op
WorkloadPilot   17: 1048576 op, 39963300.00 ns, 38.1120 ns/op
WorkloadPilot   18: 2097152 op, 92538400.00 ns, 44.1257 ns/op
WorkloadPilot   19: 4194304 op, 155136000.00 ns, 36.9873 ns/op
WorkloadPilot   20: 8388608 op, 345300300.00 ns, 41.1630 ns/op
WorkloadPilot   21: 16777216 op, 624137900.00 ns, 37.2015 ns/op

OverheadWarmup   1: 16777216 op, 35545400.00 ns, 2.1187 ns/op
OverheadWarmup   2: 16777216 op, 35534500.00 ns, 2.1180 ns/op
OverheadWarmup   3: 16777216 op, 35594200.00 ns, 2.1216 ns/op
OverheadWarmup   4: 16777216 op, 35817500.00 ns, 2.1349 ns/op
OverheadWarmup   5: 16777216 op, 35687200.00 ns, 2.1271 ns/op
OverheadWarmup   6: 16777216 op, 35646100.00 ns, 2.1247 ns/op
OverheadWarmup   7: 16777216 op, 35672000.00 ns, 2.1262 ns/op
OverheadWarmup   8: 16777216 op, 33925100.00 ns, 2.0221 ns/op

OverheadActual   1: 16777216 op, 25274400.00 ns, 1.5065 ns/op
OverheadActual   2: 16777216 op, 25358300.00 ns, 1.5115 ns/op
OverheadActual   3: 16777216 op, 25301400.00 ns, 1.5081 ns/op
OverheadActual   4: 16777216 op, 25526100.00 ns, 1.5215 ns/op
OverheadActual   5: 16777216 op, 25217800.00 ns, 1.5031 ns/op
OverheadActual   6: 16777216 op, 25326300.00 ns, 1.5096 ns/op
OverheadActual   7: 16777216 op, 25392800.00 ns, 1.5135 ns/op
OverheadActual   8: 16777216 op, 25208400.00 ns, 1.5025 ns/op
OverheadActual   9: 16777216 op, 25930200.00 ns, 1.5456 ns/op
OverheadActual  10: 16777216 op, 25268900.00 ns, 1.5061 ns/op
OverheadActual  11: 16777216 op, 25139200.00 ns, 1.4984 ns/op
OverheadActual  12: 16777216 op, 25209900.00 ns, 1.5026 ns/op
OverheadActual  13: 16777216 op, 25174500.00 ns, 1.5005 ns/op
OverheadActual  14: 16777216 op, 25364200.00 ns, 1.5118 ns/op
OverheadActual  15: 16777216 op, 25186000.00 ns, 1.5012 ns/op

WorkloadWarmup   1: 16777216 op, 621667700.00 ns, 37.0543 ns/op
WorkloadWarmup   2: 16777216 op, 655655900.00 ns, 39.0801 ns/op
WorkloadWarmup   3: 16777216 op, 644111900.00 ns, 38.3921 ns/op
WorkloadWarmup   4: 16777216 op, 646068100.00 ns, 38.5087 ns/op
WorkloadWarmup   5: 16777216 op, 648290000.00 ns, 38.6411 ns/op
WorkloadWarmup   6: 16777216 op, 696401200.00 ns, 41.5087 ns/op
WorkloadWarmup   7: 16777216 op, 628065000.00 ns, 37.4356 ns/op

// BeforeActualRun
WorkloadActual   1: 16777216 op, 617740000.00 ns, 36.8202 ns/op
WorkloadActual   2: 16777216 op, 634859600.00 ns, 37.8406 ns/op
WorkloadActual   3: 16777216 op, 628562800.00 ns, 37.4653 ns/op
WorkloadActual   4: 16777216 op, 645613900.00 ns, 38.4816 ns/op
WorkloadActual   5: 16777216 op, 629147200.00 ns, 37.5001 ns/op
WorkloadActual   6: 16777216 op, 636829900.00 ns, 37.9580 ns/op
WorkloadActual   7: 16777216 op, 620404200.00 ns, 36.9790 ns/op
WorkloadActual   8: 16777216 op, 641828400.00 ns, 38.2560 ns/op
WorkloadActual   9: 16777216 op, 620131200.00 ns, 36.9627 ns/op
WorkloadActual  10: 16777216 op, 645996200.00 ns, 38.5044 ns/op
WorkloadActual  11: 16777216 op, 626786000.00 ns, 37.3594 ns/op
WorkloadActual  12: 16777216 op, 642628500.00 ns, 38.3036 ns/op
WorkloadActual  13: 16777216 op, 647320300.00 ns, 38.5833 ns/op
WorkloadActual  14: 16777216 op, 689832400.00 ns, 41.1172 ns/op
WorkloadActual  15: 16777216 op, 634927400.00 ns, 37.8446 ns/op

// AfterActualRun
WorkloadResult   1: 16777216 op, 592465600.00 ns, 35.3137 ns/op
WorkloadResult   2: 16777216 op, 609585200.00 ns, 36.3341 ns/op
WorkloadResult   3: 16777216 op, 603288400.00 ns, 35.9588 ns/op
WorkloadResult   4: 16777216 op, 620339500.00 ns, 36.9751 ns/op
WorkloadResult   5: 16777216 op, 603872800.00 ns, 35.9936 ns/op
WorkloadResult   6: 16777216 op, 611555500.00 ns, 36.4515 ns/op
WorkloadResult   7: 16777216 op, 595129800.00 ns, 35.4725 ns/op
WorkloadResult   8: 16777216 op, 616554000.00 ns, 36.7495 ns/op
WorkloadResult   9: 16777216 op, 594856800.00 ns, 35.4562 ns/op
WorkloadResult  10: 16777216 op, 620721800.00 ns, 36.9979 ns/op
WorkloadResult  11: 16777216 op, 601511600.00 ns, 35.8529 ns/op
WorkloadResult  12: 16777216 op, 617354100.00 ns, 36.7972 ns/op
WorkloadResult  13: 16777216 op, 622045900.00 ns, 37.0768 ns/op
WorkloadResult  14: 16777216 op, 609653000.00 ns, 36.3382 ns/op
// GC:  21 0 0 1207960672 16777216
// Threading:  0 0 16777216

// AfterAll
// Benchmark Process 75080 has exited with code 0.

Mean = 36.269 ns, StdErr = 0.162 ns (0.45%), N = 14, StdDev = 0.607 ns
Min = 35.314 ns, Q1 = 35.879 ns, Median = 36.336 ns, Q3 = 36.785 ns, Max = 37.077 ns
IQR = 0.906 ns, LowerFence = 34.521 ns, UpperFence = 38.144 ns
ConfidenceInterval = [35.585 ns; 36.954 ns] (CI 99.9%), Margin = 0.685 ns (1.89% of Mean)
Skewness = -0.16, Kurtosis = 1.48, MValue = 2

// ** Remained 11 (78.6%) benchmark(s) to run. Estimated finish 2026-05-14 13:58 (0h 3m from now) **
Successfully reverted power plan (GUID: 8c5e7fda-e8bf-4a96-9a85-a6e23a8c635c FriendlyName: High performance)
// ***** BenchmarkRunner: Finish  *****

// * Export *
  benchmarking\comparisons\net10\herald\results\results\MMP.Herald.OSS.Benchmarks.Comparisons.HeraldRow.AcceptCallBenchmarks-report.csv
  benchmarking\comparisons\net10\herald\results\results\MMP.Herald.OSS.Benchmarks.Comparisons.HeraldRow.AcceptCallBenchmarks-report-github.md
  benchmarking\comparisons\net10\herald\results\results\MMP.Herald.OSS.Benchmarks.Comparisons.HeraldRow.AcceptCallBenchmarks-report.html

// * Detailed results *
AcceptCallBenchmarks.Herald_ZeroProps: DefaultJob
Runtime = .NET 10.0.7 (10.0.726.21808), X64 RyuJIT AVX2; GC = Concurrent Server
Mean = 25.072 ns, StdErr = 0.057 ns (0.23%), N = 14, StdDev = 0.212 ns
Min = 24.864 ns, Q1 = 24.904 ns, Median = 24.993 ns, Q3 = 25.212 ns, Max = 25.607 ns
IQR = 0.308 ns, LowerFence = 24.442 ns, UpperFence = 25.674 ns
ConfidenceInterval = [24.832 ns; 25.311 ns] (CI 99.9%), Margin = 0.240 ns (0.96% of Mean)
Skewness = 1.03, Kurtosis = 3.22, MValue = 2
-------------------- Histogram --------------------
[24.748 ns ; 25.722 ns) | @@@@@@@@@@@@@@
---------------------------------------------------

AcceptCallBenchmarks.Herald_OneProp: DefaultJob
Runtime = .NET 10.0.7 (10.0.726.21808), X64 RyuJIT AVX2; GC = Concurrent Server
Mean = 29.554 ns, StdErr = 0.159 ns (0.54%), N = 20, StdDev = 0.710 ns
Min = 28.846 ns, Q1 = 29.111 ns, Median = 29.232 ns, Q3 = 29.869 ns, Max = 31.354 ns
IQR = 0.758 ns, LowerFence = 27.974 ns, UpperFence = 31.007 ns
ConfidenceInterval = [28.938 ns; 30.170 ns] (CI 99.9%), Margin = 0.616 ns (2.08% of Mean)
Skewness = 1.26, Kurtosis = 3.36, MValue = 2
-------------------- Histogram --------------------
[28.837 ns ; 29.523 ns) | @@@@@@@@@@@@@@
[29.523 ns ; 30.451 ns) | @@@@
[30.451 ns ; 31.546 ns) | @@
---------------------------------------------------

AcceptCallBenchmarks.Herald_FourProps: DefaultJob
Runtime = .NET 10.0.7 (10.0.726.21808), X64 RyuJIT AVX2; GC = Concurrent Server
Mean = 36.269 ns, StdErr = 0.162 ns (0.45%), N = 14, StdDev = 0.607 ns
Min = 35.314 ns, Q1 = 35.879 ns, Median = 36.336 ns, Q3 = 36.785 ns, Max = 37.077 ns
IQR = 0.906 ns, LowerFence = 34.521 ns, UpperFence = 38.144 ns
ConfidenceInterval = [35.585 ns; 36.954 ns] (CI 99.9%), Margin = 0.685 ns (1.89% of Mean)
Skewness = -0.16, Kurtosis = 1.48, MValue = 2
-------------------- Histogram --------------------
[34.983 ns ; 35.791 ns) | @@@
[35.791 ns ; 37.282 ns) | @@@@@@@@@@@
---------------------------------------------------

// * Summary *

BenchmarkDotNet v0.14.0, Windows 11 (10.0.26200.8246)
12th Gen Intel Core i9-12900K, 1 CPU, 24 logical and 16 physical cores
.NET SDK 10.0.203
  [Host]     : .NET 10.0.7 (10.0.726.21808), X64 RyuJIT AVX2
  DefaultJob : .NET 10.0.7 (10.0.726.21808), X64 RyuJIT AVX2


| Method           | Mean     | Error    | StdDev   | Gen0   | Allocated |
|----------------- |---------:|---------:|---------:|-------:|----------:|
| Herald_ZeroProps | 25.07 ns | 0.240 ns | 0.212 ns |      - |         - |
| Herald_OneProp   | 29.55 ns | 0.616 ns | 0.710 ns | 0.0004 |      24 B |
| Herald_FourProps | 36.27 ns | 0.685 ns | 0.607 ns | 0.0013 |      72 B |

// * Hints *
Outliers
  AcceptCallBenchmarks.Herald_ZeroProps: Default -> 1 outlier  was  removed (27.29 ns)
  AcceptCallBenchmarks.Herald_OneProp: Default   -> 1 outlier  was  removed (33.40 ns)
  AcceptCallBenchmarks.Herald_FourProps: Default -> 1 outlier  was  removed (41.12 ns)

// * Legends *
  Mean      : Arithmetic mean of all measurements
  Error     : Half of 99.9% confidence interval
  StdDev    : Standard deviation of all measurements
  Gen0      : GC Generation 0 collects per 1000 operations
  Allocated : Allocated memory per single operation (managed only, inclusive, 1KB = 1024B)
  1 ns      : 1 Nanosecond (0.000000001 sec)

// * Diagnostic Output - MemoryDiagnoser *


// ***** BenchmarkRunner: End *****
Run time: 00:01:02 (62.56 sec), executed benchmarks: 3

// Found 2 benchmarks:
//   HotReloadBenchmarks.Herald_HotReload_FastPath_LevelOnly: DefaultJob
//   HotReloadBenchmarks.Herald_HotReload_SlowPath_NoChange: DefaultJob

Setup power plan (GUID: 8c5e7fda-e8bf-4a96-9a85-a6e23a8c635c FriendlyName: High performance)
// **************************
// Benchmark: HotReloadBenchmarks.Herald_HotReload_FastPath_LevelOnly: DefaultJob
// *** Execute ***
// Launch: 1 / 1
// Execute: dotnet c5b5c090-8696-47d4-bce3-31aa153e63bf.dll --anonymousPipes 3976 19036 --benchmarkName MMP.Herald.OSS.Benchmarks.Comparisons.HeraldRow.HotReloadBenchmarks.Herald_HotReload_FastPath_LevelOnly --job Default --benchmarkId 3 in E:\dev\Herald.OSS\benchmarking\comparisons\net10\herald\bin\Release\net10.0\c5b5c090-8696-47d4-bce3-31aa153e63bf\bin\Release\net10.0
// BeforeAnythingElse

// Benchmark Process Environment Information:
// BenchmarkDotNet v0.14.0
// Runtime=.NET 10.0.7 (10.0.726.21808), X64 RyuJIT AVX2
// GC=Concurrent Server
// HardwareIntrinsics=AVX2,AES,BMI1,BMI2,FMA,LZCNT,PCLMUL,POPCNT,AvxVnni,SERIALIZE VectorSize=256
// Job: DefaultJob

OverheadJitting  1: 1 op, 177000.00 ns, 177.0000 us/op

System.Reflection.TargetInvocationException: Exception has been thrown by the target of an invocation.
 ---> System.NullReferenceException: Object reference not set to an instance of an object.
   at MMP.Herald.OSS.Benchmarks.Comparisons.HeraldRow.HotReloadBenchmarks.Herald_HotReload_FastPath_LevelOnly() in E:\dev\Herald.OSS\benchmarking\comparisons\net10\herald\HotReloadBenchmarks.cs:line 104
   at BenchmarkDotNet.Autogenerated.Runnable_3.WorkloadActionNoUnroll(Int64 invokeCount) in E:\dev\Herald.OSS\benchmarking\comparisons\net10\herald\bin\Release\net10.0\c5b5c090-8696-47d4-bce3-31aa153e63bf\c5b5c090-8696-47d4-bce3-31aa153e63bf.notcs:line 887
   at BenchmarkDotNet.Engines.Engine.Measure(Action`1 action, Int64 invokeCount)
   at BenchmarkDotNet.Engines.Engine.RunIteration(IterationData data)
   at BenchmarkDotNet.Engines.EngineFactory.Jit(Engine engine, Int32 jitIndex, Int32 invokeCount, Int32 unrollFactor)
   at BenchmarkDotNet.Engines.EngineFactory.CreateReadyToRun(EngineParameters engineParameters)
   at BenchmarkDotNet.Autogenerated.Runnable_3.Run(IHost host, String benchmarkName) in E:\dev\Herald.OSS\benchmarking\comparisons\net10\herald\bin\Release\net10.0\c5b5c090-8696-47d4-bce3-31aa153e63bf\c5b5c090-8696-47d4-bce3-31aa153e63bf.notcs:line 752
   at System.Reflection.MethodBaseInvoker.InterpretedInvoke_Method(Object obj, IntPtr* args)
   at System.Reflection.MethodBaseInvoker.InvokeDirectByRefWithFewArgs(Object obj, Span`1 copyOfArgs, BindingFlags invokeAttr)
   --- End of inner exception stack trace ---
   at System.Reflection.MethodBaseInvoker.InvokeDirectByRefWithFewArgs(Object obj, Span`1 copyOfArgs, BindingFlags invokeAttr)
   at System.Reflection.MethodBaseInvoker.InvokeWithFewArgs(Object obj, BindingFlags invokeAttr, Binder binder, Object[] parameters, CultureInfo culture)
   at System.Reflection.RuntimeMethodInfo.Invoke(Object obj, BindingFlags invokeAttr, Binder binder, Object[] parameters, CultureInfo culture)
   at System.Reflection.MethodBase.Invoke(Object obj, Object[] parameters)
   at BenchmarkDotNet.Autogenerated.UniqueProgramName.AfterAssemblyLoadingAttached(String[] args) in E:\dev\Herald.OSS\benchmarking\comparisons\net10\herald\bin\Release\net10.0\c5b5c090-8696-47d4-bce3-31aa153e63bf\c5b5c090-8696-47d4-bce3-31aa153e63bf.notcs:line 57
// AfterAll
No Workload Results were obtained from the run.
// Benchmark Process 74480 has exited with code -1.

// ** Remained 10 (71.4%) benchmark(s) to run. Estimated finish 2026-05-14 13:56 (0h 2m from now) **
Setup power plan (GUID: 8c5e7fda-e8bf-4a96-9a85-a6e23a8c635c FriendlyName: High performance)
// **************************
// Benchmark: HotReloadBenchmarks.Herald_HotReload_SlowPath_NoChange: DefaultJob
// *** Execute ***
// Launch: 1 / 1
// Execute: dotnet c5b5c090-8696-47d4-bce3-31aa153e63bf.dll --anonymousPipes 20708 19976 --benchmarkName MMP.Herald.OSS.Benchmarks.Comparisons.HeraldRow.HotReloadBenchmarks.Herald_HotReload_SlowPath_NoChange --job Default --benchmarkId 4 in E:\dev\Herald.OSS\benchmarking\comparisons\net10\herald\bin\Release\net10.0\c5b5c090-8696-47d4-bce3-31aa153e63bf\bin\Release\net10.0
// BeforeAnythingElse

// Benchmark Process Environment Information:
// BenchmarkDotNet v0.14.0
// Runtime=.NET 10.0.7 (10.0.726.21808), X64 RyuJIT AVX2
// GC=Concurrent Server
// HardwareIntrinsics=AVX2,AES,BMI1,BMI2,FMA,LZCNT,PCLMUL,POPCNT,AvxVnni,SERIALIZE VectorSize=256
// Job: DefaultJob

OverheadJitting  1: 1 op, 191500.00 ns, 191.5000 us/op

System.Reflection.TargetInvocationException: Exception has been thrown by the target of an invocation.
 ---> System.NullReferenceException: Object reference not set to an instance of an object.
   at MMP.Herald.OSS.Benchmarks.Comparisons.HeraldRow.HotReloadBenchmarks.Herald_HotReload_SlowPath_NoChange() in E:\dev\Herald.OSS\benchmarking\comparisons\net10\herald\HotReloadBenchmarks.cs:line 117
   at BenchmarkDotNet.Autogenerated.Runnable_4.WorkloadActionNoUnroll(Int64 invokeCount) in E:\dev\Herald.OSS\benchmarking\comparisons\net10\herald\bin\Release\net10.0\c5b5c090-8696-47d4-bce3-31aa153e63bf\c5b5c090-8696-47d4-bce3-31aa153e63bf.notcs:line 1079
   at BenchmarkDotNet.Engines.Engine.Measure(Action`1 action, Int64 invokeCount)
   at BenchmarkDotNet.Engines.Engine.RunIteration(IterationData data)
   at BenchmarkDotNet.Engines.EngineFactory.Jit(Engine engine, Int32 jitIndex, Int32 invokeCount, Int32 unrollFactor)
   at BenchmarkDotNet.Engines.EngineFactory.CreateReadyToRun(EngineParameters engineParameters)
   at BenchmarkDotNet.Autogenerated.Runnable_4.Run(IHost host, String benchmarkName) in E:\dev\Herald.OSS\benchmarking\comparisons\net10\herald\bin\Release\net10.0\c5b5c090-8696-47d4-bce3-31aa153e63bf\c5b5c090-8696-47d4-bce3-31aa153e63bf.notcs:line 944
   at System.Reflection.MethodBaseInvoker.InterpretedInvoke_Method(Object obj, IntPtr* args)
   at System.Reflection.MethodBaseInvoker.InvokeDirectByRefWithFewArgs(Object obj, Span`1 copyOfArgs, BindingFlags invokeAttr)
   --- End of inner exception stack trace ---
   at System.Reflection.MethodBaseInvoker.InvokeDirectByRefWithFewArgs(Object obj, Span`1 copyOfArgs, BindingFlags invokeAttr)
   at System.Reflection.MethodBaseInvoker.InvokeWithFewArgs(Object obj, BindingFlags invokeAttr, Binder binder, Object[] parameters, CultureInfo culture)
   at System.Reflection.RuntimeMethodInfo.Invoke(Object obj, BindingFlags invokeAttr, Binder binder, Object[] parameters, CultureInfo culture)
   at System.Reflection.MethodBase.Invoke(Object obj, Object[] parameters)
   at BenchmarkDotNet.Autogenerated.UniqueProgramName.AfterAssemblyLoadingAttached(String[] args) in E:\dev\Herald.OSS\benchmarking\comparisons\net10\herald\bin\Release\net10.0\c5b5c090-8696-47d4-bce3-31aa153e63bf\c5b5c090-8696-47d4-bce3-31aa153e63bf.notcs:line 57
// AfterAll
No Workload Results were obtained from the run.
// Benchmark Process 2588 has exited with code -1.

// ** Remained 9 (64.3%) benchmark(s) to run. Estimated finish 2026-05-14 13:56 (0h 1m from now) **
Successfully reverted power plan (GUID: 8c5e7fda-e8bf-4a96-9a85-a6e23a8c635c FriendlyName: High performance)
// ***** BenchmarkRunner: Finish  *****

// * Export *
  benchmarking\comparisons\net10\herald\results\results\MMP.Herald.OSS.Benchmarks.Comparisons.HeraldRow.HotReloadBenchmarks-report.csv
  benchmarking\comparisons\net10\herald\results\results\MMP.Herald.OSS.Benchmarks.Comparisons.HeraldRow.HotReloadBenchmarks-report-github.md
  benchmarking\comparisons\net10\herald\results\results\MMP.Herald.OSS.Benchmarks.Comparisons.HeraldRow.HotReloadBenchmarks-report.html

// * Detailed results *
HotReloadBenchmarks.Herald_HotReload_FastPath_LevelOnly: DefaultJob
Runtime = .NET 10.0.7 (10.0.726.21808), X64 RyuJIT AVX2; GC = Concurrent Server
There are not any results runs

HotReloadBenchmarks.Herald_HotReload_SlowPath_NoChange: DefaultJob
Runtime = .NET 10.0.7 (10.0.726.21808), X64 RyuJIT AVX2; GC = Concurrent Server
There are not any results runs

// * Summary *

BenchmarkDotNet v0.14.0, Windows 11 (10.0.26200.8246)
12th Gen Intel Core i9-12900K, 1 CPU, 24 logical and 16 physical cores
.NET SDK 10.0.203
  [Host]     : .NET 10.0.7 (10.0.726.21808), X64 RyuJIT AVX2
  DefaultJob : .NET 10.0.7 (10.0.726.21808), X64 RyuJIT AVX2


| Method                              | Mean | Error |
|------------------------------------ |-----:|------:|
| Herald_HotReload_FastPath_LevelOnly |   NA |    NA |
| Herald_HotReload_SlowPath_NoChange  |   NA |    NA |

Benchmarks with issues:
  HotReloadBenchmarks.Herald_HotReload_FastPath_LevelOnly: DefaultJob
  HotReloadBenchmarks.Herald_HotReload_SlowPath_NoChange: DefaultJob

// * Warnings *
Environment
  Summary -> Detected error exit code from one of the benchmarks. It might be caused by following antivirus software:
        - Windows Defender (windowsdefender://)
        - Kaspersky Total Security (C:\Program Files (x86)\Kaspersky Lab\Kaspersky Total Security 21.3\wmiav.exe)
        - Bitdefender Antivirus (C:\Program Files\Bitdefender\Bitdefender Security\wscfix.exe)
Use InProcessEmitToolchain or InProcessNoEmitToolchain to avoid new process creation.


// * Legends *
  Mean  : Arithmetic mean of all measurements
  Error : Half of 99.9% confidence interval
  1 ns  : 1 Nanosecond (0.000000001 sec)

// * Diagnostic Output - MemoryDiagnoser *


// ***** BenchmarkRunner: End *****
Run time: 00:00:00 (0.85 sec), executed benchmarks: 2

// Found 3 benchmarks:
//   RedactionBenchmarks.Herald_Baseline_NoRedaction: DefaultJob
//   RedactionBenchmarks.Herald_WithFastRedaction: DefaultJob
//   RedactionBenchmarks.Herald_WithCompiledRedaction: DefaultJob

Setup power plan (GUID: 8c5e7fda-e8bf-4a96-9a85-a6e23a8c635c FriendlyName: High performance)
// **************************
// Benchmark: RedactionBenchmarks.Herald_Baseline_NoRedaction: DefaultJob
// *** Execute ***
// Launch: 1 / 1
// Execute: dotnet c5b5c090-8696-47d4-bce3-31aa153e63bf.dll --anonymousPipes 51796 8588 --benchmarkName MMP.Herald.OSS.Benchmarks.Comparisons.HeraldRow.RedactionBenchmarks.Herald_Baseline_NoRedaction --job Default --benchmarkId 5 in E:\dev\Herald.OSS\benchmarking\comparisons\net10\herald\bin\Release\net10.0\c5b5c090-8696-47d4-bce3-31aa153e63bf\bin\Release\net10.0
// BeforeAnythingElse

// Benchmark Process Environment Information:
// BenchmarkDotNet v0.14.0
// Runtime=.NET 10.0.7 (10.0.726.21808), X64 RyuJIT AVX2
// GC=Concurrent Server
// HardwareIntrinsics=AVX2,AES,BMI1,BMI2,FMA,LZCNT,PCLMUL,POPCNT,AvxVnni,SERIALIZE VectorSize=256
// Job: DefaultJob

OverheadJitting  1: 1 op, 201000.00 ns, 201.0000 us/op
WorkloadJitting  1: 1 op, 2036500.00 ns, 2.0365 ms/op

OverheadJitting  2: 16 op, 211500.00 ns, 13.2188 us/op
WorkloadJitting  2: 16 op, 237800.00 ns, 14.8625 us/op

WorkloadPilot    1: 16 op, 5300.00 ns, 331.2500 ns/op
WorkloadPilot    2: 32 op, 7600.00 ns, 237.5000 ns/op
WorkloadPilot    3: 64 op, 9100.00 ns, 142.1875 ns/op
WorkloadPilot    4: 128 op, 14500.00 ns, 113.2813 ns/op
WorkloadPilot    5: 256 op, 26700.00 ns, 104.2969 ns/op
WorkloadPilot    6: 512 op, 49700.00 ns, 97.0703 ns/op
WorkloadPilot    7: 1024 op, 99300.00 ns, 96.9727 ns/op
WorkloadPilot    8: 2048 op, 189700.00 ns, 92.6270 ns/op
WorkloadPilot    9: 4096 op, 348100.00 ns, 84.9854 ns/op
WorkloadPilot   10: 8192 op, 808600.00 ns, 98.7061 ns/op
WorkloadPilot   11: 16384 op, 1429900.00 ns, 87.2742 ns/op
WorkloadPilot   12: 32768 op, 2838100.00 ns, 86.6119 ns/op
WorkloadPilot   13: 65536 op, 5579200.00 ns, 85.1318 ns/op
WorkloadPilot   14: 131072 op, 10761900.00 ns, 82.1068 ns/op
WorkloadPilot   15: 262144 op, 21500800.00 ns, 82.0190 ns/op
WorkloadPilot   16: 524288 op, 42740700.00 ns, 81.5214 ns/op
WorkloadPilot   17: 1048576 op, 41153700.00 ns, 39.2472 ns/op
WorkloadPilot   18: 2097152 op, 57310400.00 ns, 27.3277 ns/op
WorkloadPilot   19: 4194304 op, 114699800.00 ns, 27.3466 ns/op
WorkloadPilot   20: 8388608 op, 228933200.00 ns, 27.2910 ns/op
WorkloadPilot   21: 16777216 op, 458336800.00 ns, 27.3190 ns/op
WorkloadPilot   22: 33554432 op, 942519500.00 ns, 28.0893 ns/op

OverheadWarmup   1: 33554432 op, 65207400.00 ns, 1.9433 ns/op
OverheadWarmup   2: 33554432 op, 64734100.00 ns, 1.9292 ns/op
OverheadWarmup   3: 33554432 op, 63597300.00 ns, 1.8953 ns/op
OverheadWarmup   4: 33554432 op, 55403100.00 ns, 1.6511 ns/op
OverheadWarmup   5: 33554432 op, 49924200.00 ns, 1.4879 ns/op
OverheadWarmup   6: 33554432 op, 49898400.00 ns, 1.4871 ns/op
OverheadWarmup   7: 33554432 op, 50101300.00 ns, 1.4931 ns/op
OverheadWarmup   8: 33554432 op, 49863100.00 ns, 1.4860 ns/op
OverheadWarmup   9: 33554432 op, 50097000.00 ns, 1.4930 ns/op
OverheadWarmup  10: 33554432 op, 49934500.00 ns, 1.4882 ns/op

OverheadActual   1: 33554432 op, 50357100.00 ns, 1.5008 ns/op
OverheadActual   2: 33554432 op, 49858500.00 ns, 1.4859 ns/op
OverheadActual   3: 33554432 op, 49933200.00 ns, 1.4881 ns/op
OverheadActual   4: 33554432 op, 50113500.00 ns, 1.4935 ns/op
OverheadActual   5: 33554432 op, 50193900.00 ns, 1.4959 ns/op
OverheadActual   6: 33554432 op, 49796200.00 ns, 1.4840 ns/op
OverheadActual   7: 33554432 op, 49985200.00 ns, 1.4897 ns/op
OverheadActual   8: 33554432 op, 49853200.00 ns, 1.4857 ns/op
OverheadActual   9: 33554432 op, 49874100.00 ns, 1.4864 ns/op
OverheadActual  10: 33554432 op, 49811200.00 ns, 1.4845 ns/op
OverheadActual  11: 33554432 op, 49994700.00 ns, 1.4900 ns/op
OverheadActual  12: 33554432 op, 50576600.00 ns, 1.5073 ns/op
OverheadActual  13: 33554432 op, 50036800.00 ns, 1.4912 ns/op
OverheadActual  14: 33554432 op, 49883100.00 ns, 1.4866 ns/op
OverheadActual  15: 33554432 op, 50055500.00 ns, 1.4918 ns/op

WorkloadWarmup   1: 33554432 op, 926705900.00 ns, 27.6180 ns/op
WorkloadWarmup   2: 33554432 op, 919502900.00 ns, 27.4033 ns/op
WorkloadWarmup   3: 33554432 op, 943274600.00 ns, 28.1118 ns/op
WorkloadWarmup   4: 33554432 op, 949109300.00 ns, 28.2857 ns/op
WorkloadWarmup   5: 33554432 op, 933798300.00 ns, 27.8294 ns/op
WorkloadWarmup   6: 33554432 op, 926707800.00 ns, 27.6180 ns/op
WorkloadWarmup   7: 33554432 op, 928198200.00 ns, 27.6625 ns/op
WorkloadWarmup   8: 33554432 op, 922506600.00 ns, 27.4928 ns/op

// BeforeActualRun
WorkloadActual   1: 33554432 op, 927804600.00 ns, 27.6507 ns/op
WorkloadActual   2: 33554432 op, 915691600.00 ns, 27.2897 ns/op
WorkloadActual   3: 33554432 op, 925076200.00 ns, 27.5694 ns/op
WorkloadActual   4: 33554432 op, 915158800.00 ns, 27.2739 ns/op
WorkloadActual   5: 33554432 op, 923515000.00 ns, 27.5229 ns/op
WorkloadActual   6: 33554432 op, 946456400.00 ns, 28.2066 ns/op
WorkloadActual   7: 33554432 op, 924275000.00 ns, 27.5455 ns/op
WorkloadActual   8: 33554432 op, 918021900.00 ns, 27.3592 ns/op
WorkloadActual   9: 33554432 op, 923143400.00 ns, 27.5118 ns/op
WorkloadActual  10: 33554432 op, 927315900.00 ns, 27.6362 ns/op
WorkloadActual  11: 33554432 op, 916215600.00 ns, 27.3054 ns/op
WorkloadActual  12: 33554432 op, 917388400.00 ns, 27.3403 ns/op
WorkloadActual  13: 33554432 op, 918377500.00 ns, 27.3698 ns/op
WorkloadActual  14: 33554432 op, 923277000.00 ns, 27.5158 ns/op
WorkloadActual  15: 33554432 op, 920242900.00 ns, 27.4254 ns/op

// AfterActualRun
WorkloadResult   1: 33554432 op, 877819400.00 ns, 26.1611 ns/op
WorkloadResult   2: 33554432 op, 865706400.00 ns, 25.8001 ns/op
WorkloadResult   3: 33554432 op, 875091000.00 ns, 26.0797 ns/op
WorkloadResult   4: 33554432 op, 865173600.00 ns, 25.7842 ns/op
WorkloadResult   5: 33554432 op, 873529800.00 ns, 26.0332 ns/op
WorkloadResult   6: 33554432 op, 874289800.00 ns, 26.0559 ns/op
WorkloadResult   7: 33554432 op, 868036700.00 ns, 25.8695 ns/op
WorkloadResult   8: 33554432 op, 873158200.00 ns, 26.0221 ns/op
WorkloadResult   9: 33554432 op, 877330700.00 ns, 26.1465 ns/op
WorkloadResult  10: 33554432 op, 866230400.00 ns, 25.8157 ns/op
WorkloadResult  11: 33554432 op, 867403200.00 ns, 25.8506 ns/op
WorkloadResult  12: 33554432 op, 868392300.00 ns, 25.8801 ns/op
WorkloadResult  13: 33554432 op, 873291800.00 ns, 26.0261 ns/op
WorkloadResult  14: 33554432 op, 870257700.00 ns, 25.9357 ns/op
// GC:  0 0 0 1440 33554432
// Threading:  0 0 33554432

// AfterAll
// Benchmark Process 13208 has exited with code 0.

Mean = 25.961 ns, StdErr = 0.035 ns (0.13%), N = 14, StdDev = 0.129 ns
Min = 25.784 ns, Q1 = 25.855 ns, Median = 25.979 ns, Q3 = 26.050 ns, Max = 26.161 ns
IQR = 0.195 ns, LowerFence = 25.563 ns, UpperFence = 26.342 ns
ConfidenceInterval = [25.816 ns; 26.107 ns] (CI 99.9%), Margin = 0.146 ns (0.56% of Mean)
Skewness = 0.07, Kurtosis = 1.41, MValue = 2

// ** Remained 8 (57.1%) benchmark(s) to run. Estimated finish 2026-05-14 13:56 (0h 1m from now) **
Setup power plan (GUID: 8c5e7fda-e8bf-4a96-9a85-a6e23a8c635c FriendlyName: High performance)
// **************************
// Benchmark: RedactionBenchmarks.Herald_WithFastRedaction: DefaultJob
// *** Execute ***
// Launch: 1 / 1
// Execute: dotnet c5b5c090-8696-47d4-bce3-31aa153e63bf.dll --anonymousPipes 7456 17712 --benchmarkName MMP.Herald.OSS.Benchmarks.Comparisons.HeraldRow.RedactionBenchmarks.Herald_WithFastRedaction --job Default --benchmarkId 6 in E:\dev\Herald.OSS\benchmarking\comparisons\net10\herald\bin\Release\net10.0\c5b5c090-8696-47d4-bce3-31aa153e63bf\bin\Release\net10.0
// BeforeAnythingElse

// Benchmark Process Environment Information:
// BenchmarkDotNet v0.14.0
// Runtime=.NET 10.0.7 (10.0.726.21808), X64 RyuJIT AVX2
// GC=Concurrent Server
// HardwareIntrinsics=AVX2,AES,BMI1,BMI2,FMA,LZCNT,PCLMUL,POPCNT,AvxVnni,SERIALIZE VectorSize=256
// Job: DefaultJob

OverheadJitting  1: 1 op, 209000.00 ns, 209.0000 us/op
WorkloadJitting  1: 1 op, 2754900.00 ns, 2.7549 ms/op

OverheadJitting  2: 16 op, 214300.00 ns, 13.3938 us/op
WorkloadJitting  2: 16 op, 238900.00 ns, 14.9313 us/op

WorkloadPilot    1: 16 op, 9900.00 ns, 618.7500 ns/op
WorkloadPilot    2: 32 op, 12500.00 ns, 390.6250 ns/op
WorkloadPilot    3: 64 op, 16300.00 ns, 254.6875 ns/op
WorkloadPilot    4: 128 op, 22900.00 ns, 178.9063 ns/op
WorkloadPilot    5: 256 op, 45900.00 ns, 179.2969 ns/op
WorkloadPilot    6: 512 op, 78100.00 ns, 152.5391 ns/op
WorkloadPilot    7: 1024 op, 141200.00 ns, 137.8906 ns/op
WorkloadPilot    8: 2048 op, 270900.00 ns, 132.2754 ns/op
WorkloadPilot    9: 4096 op, 556800.00 ns, 135.9375 ns/op
WorkloadPilot   10: 8192 op, 1235300.00 ns, 150.7935 ns/op
WorkloadPilot   11: 16384 op, 2210900.00 ns, 134.9426 ns/op
WorkloadPilot   12: 32768 op, 4559900.00 ns, 139.1571 ns/op
WorkloadPilot   13: 65536 op, 8458500.00 ns, 129.0665 ns/op
WorkloadPilot   14: 131072 op, 16449600.00 ns, 125.5005 ns/op
WorkloadPilot   15: 262144 op, 31518100.00 ns, 120.2320 ns/op
WorkloadPilot   16: 524288 op, 50221400.00 ns, 95.7897 ns/op
WorkloadPilot   17: 1048576 op, 42175300.00 ns, 40.2215 ns/op
WorkloadPilot   18: 2097152 op, 77477500.00 ns, 36.9442 ns/op
WorkloadPilot   19: 4194304 op, 153329700.00 ns, 36.5566 ns/op
WorkloadPilot   20: 8388608 op, 301837700.00 ns, 35.9819 ns/op
WorkloadPilot   21: 16777216 op, 596665000.00 ns, 35.5640 ns/op

OverheadWarmup   1: 16777216 op, 32045200.00 ns, 1.9100 ns/op
OverheadWarmup   2: 16777216 op, 32046500.00 ns, 1.9101 ns/op
OverheadWarmup   3: 16777216 op, 32001200.00 ns, 1.9074 ns/op
OverheadWarmup   4: 16777216 op, 32577100.00 ns, 1.9417 ns/op
OverheadWarmup   5: 16777216 op, 32090700.00 ns, 1.9128 ns/op

OverheadActual   1: 16777216 op, 32144400.00 ns, 1.9160 ns/op
OverheadActual   2: 16777216 op, 31996300.00 ns, 1.9071 ns/op
OverheadActual   3: 16777216 op, 31993700.00 ns, 1.9070 ns/op
OverheadActual   4: 16777216 op, 32033300.00 ns, 1.9093 ns/op
OverheadActual   5: 16777216 op, 31987700.00 ns, 1.9066 ns/op
OverheadActual   6: 16777216 op, 31996300.00 ns, 1.9071 ns/op
OverheadActual   7: 16777216 op, 32058300.00 ns, 1.9108 ns/op
OverheadActual   8: 16777216 op, 28016100.00 ns, 1.6699 ns/op
OverheadActual   9: 16777216 op, 25187000.00 ns, 1.5013 ns/op
OverheadActual  10: 16777216 op, 25184400.00 ns, 1.5011 ns/op
OverheadActual  11: 16777216 op, 25088100.00 ns, 1.4954 ns/op
OverheadActual  12: 16777216 op, 25089500.00 ns, 1.4955 ns/op
OverheadActual  13: 16777216 op, 25165200.00 ns, 1.5000 ns/op
OverheadActual  14: 16777216 op, 25131900.00 ns, 1.4980 ns/op
OverheadActual  15: 16777216 op, 25341900.00 ns, 1.5105 ns/op
OverheadActual  16: 16777216 op, 25120200.00 ns, 1.4973 ns/op
OverheadActual  17: 16777216 op, 25724400.00 ns, 1.5333 ns/op
OverheadActual  18: 16777216 op, 25230900.00 ns, 1.5039 ns/op
OverheadActual  19: 16777216 op, 25289100.00 ns, 1.5073 ns/op
OverheadActual  20: 16777216 op, 25191200.00 ns, 1.5015 ns/op

WorkloadWarmup   1: 16777216 op, 604717200.00 ns, 36.0440 ns/op
WorkloadWarmup   2: 16777216 op, 600319300.00 ns, 35.7818 ns/op
WorkloadWarmup   3: 16777216 op, 602285500.00 ns, 35.8990 ns/op
WorkloadWarmup   4: 16777216 op, 596048200.00 ns, 35.5272 ns/op
WorkloadWarmup   5: 16777216 op, 598767000.00 ns, 35.6893 ns/op
WorkloadWarmup   6: 16777216 op, 597667900.00 ns, 35.6238 ns/op

// BeforeActualRun
WorkloadActual   1: 16777216 op, 601641200.00 ns, 35.8606 ns/op
WorkloadActual   2: 16777216 op, 595806300.00 ns, 35.5128 ns/op
WorkloadActual   3: 16777216 op, 598006600.00 ns, 35.6440 ns/op
WorkloadActual   4: 16777216 op, 594488900.00 ns, 35.4343 ns/op
WorkloadActual   5: 16777216 op, 595546500.00 ns, 35.4973 ns/op
WorkloadActual   6: 16777216 op, 596461100.00 ns, 35.5519 ns/op
WorkloadActual   7: 16777216 op, 624483800.00 ns, 37.2221 ns/op
WorkloadActual   8: 16777216 op, 639315200.00 ns, 38.1062 ns/op
WorkloadActual   9: 16777216 op, 597838300.00 ns, 35.6339 ns/op
WorkloadActual  10: 16777216 op, 598296500.00 ns, 35.6613 ns/op
WorkloadActual  11: 16777216 op, 594762200.00 ns, 35.4506 ns/op
WorkloadActual  12: 16777216 op, 597796300.00 ns, 35.6314 ns/op
WorkloadActual  13: 16777216 op, 600662000.00 ns, 35.8022 ns/op
WorkloadActual  14: 16777216 op, 608612900.00 ns, 36.2762 ns/op
WorkloadActual  15: 16777216 op, 607758700.00 ns, 36.2252 ns/op

// AfterActualRun
WorkloadResult   1: 16777216 op, 576325700.00 ns, 34.3517 ns/op
WorkloadResult   2: 16777216 op, 570490800.00 ns, 34.0039 ns/op
WorkloadResult   3: 16777216 op, 572691100.00 ns, 34.1350 ns/op
WorkloadResult   4: 16777216 op, 569173400.00 ns, 33.9254 ns/op
WorkloadResult   5: 16777216 op, 570231000.00 ns, 33.9884 ns/op
WorkloadResult   6: 16777216 op, 571145600.00 ns, 34.0429 ns/op
WorkloadResult   7: 16777216 op, 572522800.00 ns, 34.1250 ns/op
WorkloadResult   8: 16777216 op, 572981000.00 ns, 34.1523 ns/op
WorkloadResult   9: 16777216 op, 569446700.00 ns, 33.9417 ns/op
WorkloadResult  10: 16777216 op, 572480800.00 ns, 34.1225 ns/op
WorkloadResult  11: 16777216 op, 575346500.00 ns, 34.2933 ns/op
WorkloadResult  12: 16777216 op, 583297400.00 ns, 34.7672 ns/op
WorkloadResult  13: 16777216 op, 582443200.00 ns, 34.7163 ns/op
// GC:  0 0 0 1072 16777216
// Threading:  0 0 16777216

// AfterAll
// Benchmark Process 35184 has exited with code 0.

Mean = 34.197 ns, StdErr = 0.075 ns (0.22%), N = 13, StdDev = 0.272 ns
Min = 33.925 ns, Q1 = 34.004 ns, Median = 34.125 ns, Q3 = 34.293 ns, Max = 34.767 ns
IQR = 0.289 ns, LowerFence = 33.570 ns, UpperFence = 34.727 ns
ConfidenceInterval = [33.872 ns; 34.523 ns] (CI 99.9%), Margin = 0.326 ns (0.95% of Mean)
Skewness = 1.04, Kurtosis = 2.7, MValue = 2

// ** Remained 7 (50.0%) benchmark(s) to run. Estimated finish 2026-05-14 13:56 (0h 1m from now) **
Setup power plan (GUID: 8c5e7fda-e8bf-4a96-9a85-a6e23a8c635c FriendlyName: High performance)
// **************************
// Benchmark: RedactionBenchmarks.Herald_WithCompiledRedaction: DefaultJob
// *** Execute ***
// Launch: 1 / 1
// Execute: dotnet c5b5c090-8696-47d4-bce3-31aa153e63bf.dll --anonymousPipes 3340 17192 --benchmarkName MMP.Herald.OSS.Benchmarks.Comparisons.HeraldRow.RedactionBenchmarks.Herald_WithCompiledRedaction --job Default --benchmarkId 7 in E:\dev\Herald.OSS\benchmarking\comparisons\net10\herald\bin\Release\net10.0\c5b5c090-8696-47d4-bce3-31aa153e63bf\bin\Release\net10.0
// BeforeAnythingElse

// Benchmark Process Environment Information:
// BenchmarkDotNet v0.14.0
// Runtime=.NET 10.0.7 (10.0.726.21808), X64 RyuJIT AVX2
// GC=Concurrent Server
// HardwareIntrinsics=AVX2,AES,BMI1,BMI2,FMA,LZCNT,PCLMUL,POPCNT,AvxVnni,SERIALIZE VectorSize=256
// Job: DefaultJob

OverheadJitting  1: 1 op, 201000.00 ns, 201.0000 us/op
WorkloadJitting  1: 1 op, 10224600.00 ns, 10.2246 ms/op

OverheadJitting  2: 16 op, 211400.00 ns, 13.2125 us/op
WorkloadJitting  2: 16 op, 587100.00 ns, 36.6938 us/op

WorkloadPilot    1: 16 op, 51100.00 ns, 3.1938 us/op
WorkloadPilot    2: 32 op, 66000.00 ns, 2.0625 us/op
WorkloadPilot    3: 64 op, 125100.00 ns, 1.9547 us/op
WorkloadPilot    4: 128 op, 232800.00 ns, 1.8188 us/op
WorkloadPilot    5: 256 op, 434300.00 ns, 1.6965 us/op
WorkloadPilot    6: 512 op, 896300.00 ns, 1.7506 us/op
WorkloadPilot    7: 1024 op, 1723600.00 ns, 1.6832 us/op
WorkloadPilot    8: 2048 op, 3380700.00 ns, 1.6507 us/op
WorkloadPilot    9: 4096 op, 7027800.00 ns, 1.7158 us/op
WorkloadPilot   10: 8192 op, 15625900.00 ns, 1.9075 us/op
WorkloadPilot   11: 16384 op, 28927800.00 ns, 1.7656 us/op
WorkloadPilot   12: 32768 op, 53657500.00 ns, 1.6375 us/op
WorkloadPilot   13: 65536 op, 112757400.00 ns, 1.7205 us/op
WorkloadPilot   14: 131072 op, 91241800.00 ns, 696.1197 ns/op
WorkloadPilot   15: 262144 op, 114704100.00 ns, 437.5614 ns/op
WorkloadPilot   16: 524288 op, 204222700.00 ns, 389.5239 ns/op
WorkloadPilot   17: 1048576 op, 406143000.00 ns, 387.3281 ns/op
WorkloadPilot   18: 2097152 op, 911786200.00 ns, 434.7735 ns/op

OverheadWarmup   1: 2097152 op, 4036100.00 ns, 1.9246 ns/op
OverheadWarmup   2: 2097152 op, 4201900.00 ns, 2.0036 ns/op
OverheadWarmup   3: 2097152 op, 4173900.00 ns, 1.9903 ns/op
OverheadWarmup   4: 2097152 op, 4621300.00 ns, 2.2036 ns/op
OverheadWarmup   5: 2097152 op, 4027500.00 ns, 1.9205 ns/op

OverheadActual   1: 2097152 op, 4001500.00 ns, 1.9081 ns/op
OverheadActual   2: 2097152 op, 4012200.00 ns, 1.9132 ns/op
OverheadActual   3: 2097152 op, 4036000.00 ns, 1.9245 ns/op
OverheadActual   4: 2097152 op, 4426700.00 ns, 2.1108 ns/op
OverheadActual   5: 2097152 op, 3992500.00 ns, 1.9038 ns/op
OverheadActual   6: 2097152 op, 4396700.00 ns, 2.0965 ns/op
OverheadActual   7: 2097152 op, 4268500.00 ns, 2.0354 ns/op
OverheadActual   8: 2097152 op, 4415400.00 ns, 2.1054 ns/op
OverheadActual   9: 2097152 op, 4002100.00 ns, 1.9083 ns/op
OverheadActual  10: 2097152 op, 4221000.00 ns, 2.0127 ns/op
OverheadActual  11: 2097152 op, 4015200.00 ns, 1.9146 ns/op
OverheadActual  12: 2097152 op, 4071300.00 ns, 1.9413 ns/op
OverheadActual  13: 2097152 op, 4131200.00 ns, 1.9699 ns/op
OverheadActual  14: 2097152 op, 4193800.00 ns, 1.9998 ns/op
OverheadActual  15: 2097152 op, 5008600.00 ns, 2.3883 ns/op

WorkloadWarmup   1: 2097152 op, 869352300.00 ns, 414.5395 ns/op
WorkloadWarmup   2: 2097152 op, 846716000.00 ns, 403.7457 ns/op
WorkloadWarmup   3: 2097152 op, 878554000.00 ns, 418.9272 ns/op
WorkloadWarmup   4: 2097152 op, 903785500.00 ns, 430.9585 ns/op
WorkloadWarmup   5: 2097152 op, 817574600.00 ns, 389.8499 ns/op
WorkloadWarmup   6: 2097152 op, 880840400.00 ns, 420.0174 ns/op
WorkloadWarmup   7: 2097152 op, 850355200.00 ns, 405.4810 ns/op

// BeforeActualRun
WorkloadActual   1: 2097152 op, 821206200.00 ns, 391.5816 ns/op
WorkloadActual   2: 2097152 op, 873994400.00 ns, 416.7530 ns/op
WorkloadActual   3: 2097152 op, 871839300.00 ns, 415.7254 ns/op
WorkloadActual   4: 2097152 op, 857813900.00 ns, 409.0375 ns/op
WorkloadActual   5: 2097152 op, 821221700.00 ns, 391.5890 ns/op
WorkloadActual   6: 2097152 op, 886154800.00 ns, 422.5515 ns/op
WorkloadActual   7: 2097152 op, 930927900.00 ns, 443.9010 ns/op
WorkloadActual   8: 2097152 op, 837075600.00 ns, 399.1488 ns/op
WorkloadActual   9: 2097152 op, 935534700.00 ns, 446.0977 ns/op
WorkloadActual  10: 2097152 op, 882409700.00 ns, 420.7657 ns/op
WorkloadActual  11: 2097152 op, 822090500.00 ns, 392.0033 ns/op
WorkloadActual  12: 2097152 op, 898667400.00 ns, 428.5180 ns/op
WorkloadActual  13: 2097152 op, 864418900.00 ns, 412.1871 ns/op
WorkloadActual  14: 2097152 op, 881464300.00 ns, 420.3149 ns/op
WorkloadActual  15: 2097152 op, 822160300.00 ns, 392.0366 ns/op
WorkloadActual  16: 2097152 op, 857734300.00 ns, 408.9996 ns/op
WorkloadActual  17: 2097152 op, 820380500.00 ns, 391.1879 ns/op
WorkloadActual  18: 2097152 op, 843725800.00 ns, 402.3198 ns/op
WorkloadActual  19: 2097152 op, 889764600.00 ns, 424.2728 ns/op
WorkloadActual  20: 2097152 op, 914882100.00 ns, 436.2498 ns/op
WorkloadActual  21: 2097152 op, 822014100.00 ns, 391.9669 ns/op
WorkloadActual  22: 2097152 op, 907124500.00 ns, 432.5507 ns/op
WorkloadActual  23: 2097152 op, 835438900.00 ns, 398.3683 ns/op
WorkloadActual  24: 2097152 op, 836201800.00 ns, 398.7321 ns/op
WorkloadActual  25: 2097152 op, 885140900.00 ns, 422.0681 ns/op
WorkloadActual  26: 2097152 op, 889037000.00 ns, 423.9259 ns/op
WorkloadActual  27: 2097152 op, 852922700.00 ns, 406.7052 ns/op
WorkloadActual  28: 2097152 op, 827136000.00 ns, 394.4092 ns/op
WorkloadActual  29: 2097152 op, 861005100.00 ns, 410.5592 ns/op
WorkloadActual  30: 2097152 op, 968589600.00 ns, 461.8595 ns/op
WorkloadActual  31: 2097152 op, 851223400.00 ns, 405.8949 ns/op
WorkloadActual  32: 2097152 op, 867487600.00 ns, 413.6503 ns/op
WorkloadActual  33: 2097152 op, 869397200.00 ns, 414.5609 ns/op
WorkloadActual  34: 2097152 op, 823574100.00 ns, 392.7107 ns/op
WorkloadActual  35: 2097152 op, 862646000.00 ns, 411.3417 ns/op
WorkloadActual  36: 2097152 op, 839442200.00 ns, 400.2772 ns/op
WorkloadActual  37: 2097152 op, 810470800.00 ns, 386.4626 ns/op
WorkloadActual  38: 2097152 op, 862812000.00 ns, 411.4208 ns/op
WorkloadActual  39: 2097152 op, 847356900.00 ns, 404.0513 ns/op
WorkloadActual  40: 2097152 op, 824277400.00 ns, 393.0461 ns/op
WorkloadActual  41: 2097152 op, 844361300.00 ns, 402.6228 ns/op
WorkloadActual  42: 2097152 op, 892326100.00 ns, 425.4942 ns/op
WorkloadActual  43: 2097152 op, 845217200.00 ns, 403.0310 ns/op
WorkloadActual  44: 2097152 op, 818671000.00 ns, 390.3728 ns/op
WorkloadActual  45: 2097152 op, 867834300.00 ns, 413.8156 ns/op

// AfterActualRun
WorkloadResult   1: 2097152 op, 817075000.00 ns, 389.6117 ns/op
WorkloadResult   2: 2097152 op, 869863200.00 ns, 414.7831 ns/op
WorkloadResult   3: 2097152 op, 867708100.00 ns, 413.7555 ns/op
WorkloadResult   4: 2097152 op, 853682700.00 ns, 407.0676 ns/op
WorkloadResult   5: 2097152 op, 817090500.00 ns, 389.6191 ns/op
WorkloadResult   6: 2097152 op, 882023600.00 ns, 420.5816 ns/op
WorkloadResult   7: 2097152 op, 926796700.00 ns, 441.9311 ns/op
WorkloadResult   8: 2097152 op, 832944400.00 ns, 397.1788 ns/op
WorkloadResult   9: 2097152 op, 931403500.00 ns, 444.1278 ns/op
WorkloadResult  10: 2097152 op, 878278500.00 ns, 418.7958 ns/op
WorkloadResult  11: 2097152 op, 817959300.00 ns, 390.0334 ns/op
WorkloadResult  12: 2097152 op, 894536200.00 ns, 426.5481 ns/op
WorkloadResult  13: 2097152 op, 860287700.00 ns, 410.2171 ns/op
WorkloadResult  14: 2097152 op, 877333100.00 ns, 418.3450 ns/op
WorkloadResult  15: 2097152 op, 818029100.00 ns, 390.0667 ns/op
WorkloadResult  16: 2097152 op, 853603100.00 ns, 407.0297 ns/op
WorkloadResult  17: 2097152 op, 816249300.00 ns, 389.2180 ns/op
WorkloadResult  18: 2097152 op, 839594600.00 ns, 400.3499 ns/op
WorkloadResult  19: 2097152 op, 885633400.00 ns, 422.3029 ns/op
WorkloadResult  20: 2097152 op, 910750900.00 ns, 434.2799 ns/op
WorkloadResult  21: 2097152 op, 817882900.00 ns, 389.9970 ns/op
WorkloadResult  22: 2097152 op, 902993300.00 ns, 430.5808 ns/op
WorkloadResult  23: 2097152 op, 831307700.00 ns, 396.3984 ns/op
WorkloadResult  24: 2097152 op, 832070600.00 ns, 396.7622 ns/op
WorkloadResult  25: 2097152 op, 881009700.00 ns, 420.0982 ns/op
WorkloadResult  26: 2097152 op, 884905800.00 ns, 421.9560 ns/op
WorkloadResult  27: 2097152 op, 848791500.00 ns, 404.7353 ns/op
WorkloadResult  28: 2097152 op, 823004800.00 ns, 392.4393 ns/op
WorkloadResult  29: 2097152 op, 856873900.00 ns, 408.5893 ns/op
WorkloadResult  30: 2097152 op, 847092200.00 ns, 403.9250 ns/op
WorkloadResult  31: 2097152 op, 863356400.00 ns, 411.6804 ns/op
WorkloadResult  32: 2097152 op, 865266000.00 ns, 412.5910 ns/op
WorkloadResult  33: 2097152 op, 819442900.00 ns, 390.7408 ns/op
WorkloadResult  34: 2097152 op, 858514800.00 ns, 409.3718 ns/op
WorkloadResult  35: 2097152 op, 835311000.00 ns, 398.3073 ns/op
WorkloadResult  36: 2097152 op, 806339600.00 ns, 384.4927 ns/op
WorkloadResult  37: 2097152 op, 858680800.00 ns, 409.4509 ns/op
WorkloadResult  38: 2097152 op, 843225700.00 ns, 402.0813 ns/op
WorkloadResult  39: 2097152 op, 820146200.00 ns, 391.0762 ns/op
WorkloadResult  40: 2097152 op, 840230100.00 ns, 400.6529 ns/op
WorkloadResult  41: 2097152 op, 888194900.00 ns, 423.5243 ns/op
WorkloadResult  42: 2097152 op, 841086000.00 ns, 401.0611 ns/op
WorkloadResult  43: 2097152 op, 814539800.00 ns, 388.4028 ns/op
WorkloadResult  44: 2097152 op, 863703100.00 ns, 411.8457 ns/op
// GC:  28 0 0 1409286208 2097152
// Threading:  0 0 2097152

// AfterAll
// Benchmark Process 72836 has exited with code 0.

Mean = 407.423 ns, StdErr = 2.270 ns (0.56%), N = 44, StdDev = 15.058 ns
Min = 384.493 ns, Q1 = 395.409 ns, Median = 407.049 ns, Q3 = 418.458 ns, Max = 444.128 ns
IQR = 23.049 ns, LowerFence = 360.835 ns, UpperFence = 453.031 ns
ConfidenceInterval = [399.406 ns; 415.440 ns] (CI 99.9%), Margin = 8.017 ns (1.97% of Mean)
Skewness = 0.52, Kurtosis = 2.51, MValue = 2

// ** Remained 6 (42.9%) benchmark(s) to run. Estimated finish 2026-05-14 13:57 (0h 1m from now) **
Successfully reverted power plan (GUID: 8c5e7fda-e8bf-4a96-9a85-a6e23a8c635c FriendlyName: High performance)
// ***** BenchmarkRunner: Finish  *****

// * Export *
  benchmarking\comparisons\net10\herald\results\results\MMP.Herald.OSS.Benchmarks.Comparisons.HeraldRow.RedactionBenchmarks-report.csv
  benchmarking\comparisons\net10\herald\results\results\MMP.Herald.OSS.Benchmarks.Comparisons.HeraldRow.RedactionBenchmarks-report-github.md
  benchmarking\comparisons\net10\herald\results\results\MMP.Herald.OSS.Benchmarks.Comparisons.HeraldRow.RedactionBenchmarks-report.html

// * Detailed results *
RedactionBenchmarks.Herald_Baseline_NoRedaction: DefaultJob
Runtime = .NET 10.0.7 (10.0.726.21808), X64 RyuJIT AVX2; GC = Concurrent Server
Mean = 25.961 ns, StdErr = 0.035 ns (0.13%), N = 14, StdDev = 0.129 ns
Min = 25.784 ns, Q1 = 25.855 ns, Median = 25.979 ns, Q3 = 26.050 ns, Max = 26.161 ns
IQR = 0.195 ns, LowerFence = 25.563 ns, UpperFence = 26.342 ns
ConfidenceInterval = [25.816 ns; 26.107 ns] (CI 99.9%), Margin = 0.146 ns (0.56% of Mean)
Skewness = 0.07, Kurtosis = 1.41, MValue = 2
-------------------- Histogram --------------------
[25.714 ns ; 26.232 ns) | @@@@@@@@@@@@@@
---------------------------------------------------

RedactionBenchmarks.Herald_WithFastRedaction: DefaultJob
Runtime = .NET 10.0.7 (10.0.726.21808), X64 RyuJIT AVX2; GC = Concurrent Server
Mean = 34.197 ns, StdErr = 0.075 ns (0.22%), N = 13, StdDev = 0.272 ns
Min = 33.925 ns, Q1 = 34.004 ns, Median = 34.125 ns, Q3 = 34.293 ns, Max = 34.767 ns
IQR = 0.289 ns, LowerFence = 33.570 ns, UpperFence = 34.727 ns
ConfidenceInterval = [33.872 ns; 34.523 ns] (CI 99.9%), Margin = 0.326 ns (0.95% of Mean)
Skewness = 1.04, Kurtosis = 2.7, MValue = 2
-------------------- Histogram --------------------
[33.773 ns ; 34.919 ns) | @@@@@@@@@@@@@
---------------------------------------------------

RedactionBenchmarks.Herald_WithCompiledRedaction: DefaultJob
Runtime = .NET 10.0.7 (10.0.726.21808), X64 RyuJIT AVX2; GC = Concurrent Server
Mean = 407.423 ns, StdErr = 2.270 ns (0.56%), N = 44, StdDev = 15.058 ns
Min = 384.493 ns, Q1 = 395.409 ns, Median = 407.049 ns, Q3 = 418.458 ns, Max = 444.128 ns
IQR = 23.049 ns, LowerFence = 360.835 ns, UpperFence = 453.031 ns
ConfidenceInterval = [399.406 ns; 415.440 ns] (CI 99.9%), Margin = 8.017 ns (1.97% of Mean)
Skewness = 0.52, Kurtosis = 2.51, MValue = 2
-------------------- Histogram --------------------
[378.894 ns ; 387.757 ns) | @
[387.757 ns ; 398.953 ns) | @@@@@@@@@@@@@@
[398.953 ns ; 414.952 ns) | @@@@@@@@@@@@@@@@@
[414.952 ns ; 428.045 ns) | @@@@@@@@
[428.045 ns ; 444.802 ns) | @@@@
---------------------------------------------------

// * Summary *

BenchmarkDotNet v0.14.0, Windows 11 (10.0.26200.8246)
12th Gen Intel Core i9-12900K, 1 CPU, 24 logical and 16 physical cores
.NET SDK 10.0.203
  [Host]     : .NET 10.0.7 (10.0.726.21808), X64 RyuJIT AVX2
  DefaultJob : .NET 10.0.7 (10.0.726.21808), X64 RyuJIT AVX2


| Method                       | Mean      | Error    | StdDev    | Ratio | RatioSD | Gen0   | Allocated | Alloc Ratio |
|----------------------------- |----------:|---------:|----------:|------:|--------:|-------:|----------:|------------:|
| Herald_Baseline_NoRedaction  |  25.96 ns | 0.146 ns |  0.129 ns |  1.00 |    0.01 |      - |         - |          NA |
| Herald_WithFastRedaction     |  34.20 ns | 0.326 ns |  0.272 ns |  1.32 |    0.01 |      - |         - |          NA |
| Herald_WithCompiledRedaction | 407.42 ns | 8.017 ns | 15.058 ns | 15.69 |    0.58 | 0.0134 |     672 B |          NA |

// * Hints *
Outliers
  RedactionBenchmarks.Herald_Baseline_NoRedaction: Default  -> 1 outlier  was  removed (28.21 ns)
  RedactionBenchmarks.Herald_WithFastRedaction: Default     -> 2 outliers were removed (37.22 ns, 38.11 ns)
  RedactionBenchmarks.Herald_WithCompiledRedaction: Default -> 1 outlier  was  removed (461.86 ns)

// * Legends *
  Mean        : Arithmetic mean of all measurements
  Error       : Half of 99.9% confidence interval
  StdDev      : Standard deviation of all measurements
  Ratio       : Mean of the ratio distribution ([Current]/[Baseline])
  RatioSD     : Standard deviation of the ratio distribution ([Current]/[Baseline])
  Gen0        : GC Generation 0 collects per 1000 operations
  Allocated   : Allocated memory per single operation (managed only, inclusive, 1KB = 1024B)
  Alloc Ratio : Allocated memory ratio distribution ([Current]/[Baseline])
  1 ns        : 1 Nanosecond (0.000000001 sec)

// * Diagnostic Output - MemoryDiagnoser *


// ***** BenchmarkRunner: End *****
Run time: 00:01:30 (90.62 sec), executed benchmarks: 3

// Found 6 benchmarks:
//   RejectedCallBenchmarks.Herald_Rejected_Trace_ZeroProps: DefaultJob
//   RejectedCallBenchmarks.Herald_Rejected_Debug_ZeroProps: DefaultJob
//   RejectedCallBenchmarks.Herald_Rejected_Info_ZeroProps: DefaultJob
//   RejectedCallBenchmarks.Herald_Rejected_Debug_OneProp: DefaultJob
//   RejectedCallBenchmarks.Herald_Rejected_Debug_FourProps: DefaultJob
//   RejectedCallBenchmarks.Herald_Accepted_Warn_ZeroProps: DefaultJob

Setup power plan (GUID: 8c5e7fda-e8bf-4a96-9a85-a6e23a8c635c FriendlyName: High performance)
// **************************
// Benchmark: RejectedCallBenchmarks.Herald_Rejected_Trace_ZeroProps: DefaultJob
// *** Execute ***
// Launch: 1 / 1
// Execute: dotnet c5b5c090-8696-47d4-bce3-31aa153e63bf.dll --anonymousPipes 8412 9132 --benchmarkName MMP.Herald.OSS.Benchmarks.Comparisons.HeraldRow.RejectedCallBenchmarks.Herald_Rejected_Trace_ZeroProps --job Default --benchmarkId 8 in E:\dev\Herald.OSS\benchmarking\comparisons\net10\herald\bin\Release\net10.0\c5b5c090-8696-47d4-bce3-31aa153e63bf\bin\Release\net10.0
// BeforeAnythingElse

// Benchmark Process Environment Information:
// BenchmarkDotNet v0.14.0
// Runtime=.NET 10.0.7 (10.0.726.21808), X64 RyuJIT AVX2
// GC=Concurrent Server
// HardwareIntrinsics=AVX2,AES,BMI1,BMI2,FMA,LZCNT,PCLMUL,POPCNT,AvxVnni,SERIALIZE VectorSize=256
// Job: DefaultJob

OverheadJitting  1: 1 op, 178800.00 ns, 178.8000 us/op
WorkloadJitting  1: 1 op, 403500.00 ns, 403.5000 us/op

OverheadJitting  2: 16 op, 151500.00 ns, 9.4688 us/op
WorkloadJitting  2: 16 op, 135100.00 ns, 8.4438 us/op

WorkloadPilot    1: 16 op, 2100.00 ns, 131.2500 ns/op
WorkloadPilot    2: 32 op, 1900.00 ns, 59.3750 ns/op
WorkloadPilot    3: 64 op, 2000.00 ns, 31.2500 ns/op
WorkloadPilot    4: 128 op, 1200.00 ns, 9.3750 ns/op
WorkloadPilot    5: 256 op, 2700.00 ns, 10.5469 ns/op
WorkloadPilot    6: 512 op, 4100.00 ns, 8.0078 ns/op
WorkloadPilot    7: 1024 op, 7600.00 ns, 7.4219 ns/op
WorkloadPilot    8: 2048 op, 11800.00 ns, 5.7617 ns/op
WorkloadPilot    9: 4096 op, 21900.00 ns, 5.3467 ns/op
WorkloadPilot   10: 8192 op, 67400.00 ns, 8.2275 ns/op
WorkloadPilot   11: 16384 op, 79800.00 ns, 4.8706 ns/op
WorkloadPilot   12: 32768 op, 159500.00 ns, 4.8676 ns/op
WorkloadPilot   13: 65536 op, 321400.00 ns, 4.9042 ns/op
WorkloadPilot   14: 131072 op, 600000.00 ns, 4.5776 ns/op
WorkloadPilot   15: 262144 op, 1209100.00 ns, 4.6124 ns/op
WorkloadPilot   16: 524288 op, 2390800.00 ns, 4.5601 ns/op
WorkloadPilot   17: 1048576 op, 4817000.00 ns, 4.5938 ns/op
WorkloadPilot   18: 2097152 op, 9558000.00 ns, 4.5576 ns/op
WorkloadPilot   19: 4194304 op, 19111100.00 ns, 4.5564 ns/op
WorkloadPilot   20: 8388608 op, 38193200.00 ns, 4.5530 ns/op
WorkloadPilot   21: 16777216 op, 40437200.00 ns, 2.4102 ns/op
WorkloadPilot   22: 33554432 op, 49844700.00 ns, 1.4855 ns/op
WorkloadPilot   23: 67108864 op, 99820900.00 ns, 1.4874 ns/op
WorkloadPilot   24: 134217728 op, 200323300.00 ns, 1.4925 ns/op
WorkloadPilot   25: 268435456 op, 411448000.00 ns, 1.5328 ns/op
WorkloadPilot   26: 536870912 op, 813145900.00 ns, 1.5146 ns/op

OverheadWarmup   1: 536870912 op, 863016600.00 ns, 1.6075 ns/op
OverheadWarmup   2: 536870912 op, 800473100.00 ns, 1.4910 ns/op
OverheadWarmup   3: 536870912 op, 803967800.00 ns, 1.4975 ns/op
OverheadWarmup   4: 536870912 op, 810484500.00 ns, 1.5096 ns/op
OverheadWarmup   5: 536870912 op, 805090600.00 ns, 1.4996 ns/op
OverheadWarmup   6: 536870912 op, 801314100.00 ns, 1.4926 ns/op
OverheadWarmup   7: 536870912 op, 799210700.00 ns, 1.4886 ns/op
OverheadWarmup   8: 536870912 op, 798573700.00 ns, 1.4875 ns/op
OverheadWarmup   9: 536870912 op, 803493200.00 ns, 1.4966 ns/op
OverheadWarmup  10: 536870912 op, 797655100.00 ns, 1.4857 ns/op

OverheadActual   1: 536870912 op, 797183500.00 ns, 1.4849 ns/op
OverheadActual   2: 536870912 op, 798229100.00 ns, 1.4868 ns/op
OverheadActual   3: 536870912 op, 798876700.00 ns, 1.4880 ns/op
OverheadActual   4: 536870912 op, 800434500.00 ns, 1.4909 ns/op
OverheadActual   5: 536870912 op, 798903800.00 ns, 1.4881 ns/op
OverheadActual   6: 536870912 op, 798509100.00 ns, 1.4873 ns/op
OverheadActual   7: 536870912 op, 807963700.00 ns, 1.5049 ns/op
OverheadActual   8: 536870912 op, 809449500.00 ns, 1.5077 ns/op
OverheadActual   9: 536870912 op, 797397100.00 ns, 1.4853 ns/op
OverheadActual  10: 536870912 op, 797237900.00 ns, 1.4850 ns/op
OverheadActual  11: 536870912 op, 796603600.00 ns, 1.4838 ns/op
OverheadActual  12: 536870912 op, 799160800.00 ns, 1.4886 ns/op
OverheadActual  13: 536870912 op, 797305300.00 ns, 1.4851 ns/op
OverheadActual  14: 536870912 op, 797772100.00 ns, 1.4860 ns/op
OverheadActual  15: 536870912 op, 797699300.00 ns, 1.4858 ns/op

WorkloadWarmup   1: 536870912 op, 797853500.00 ns, 1.4861 ns/op
WorkloadWarmup   2: 536870912 op, 796851600.00 ns, 1.4843 ns/op
WorkloadWarmup   3: 536870912 op, 798698800.00 ns, 1.4877 ns/op
WorkloadWarmup   4: 536870912 op, 804529600.00 ns, 1.4986 ns/op
WorkloadWarmup   5: 536870912 op, 809870400.00 ns, 1.5085 ns/op
WorkloadWarmup   6: 536870912 op, 800483800.00 ns, 1.4910 ns/op
WorkloadWarmup   7: 536870912 op, 799981700.00 ns, 1.4901 ns/op
WorkloadWarmup   8: 536870912 op, 797652800.00 ns, 1.4857 ns/op
WorkloadWarmup   9: 536870912 op, 799024900.00 ns, 1.4883 ns/op
WorkloadWarmup  10: 536870912 op, 797337700.00 ns, 1.4852 ns/op

// BeforeActualRun
WorkloadActual   1: 536870912 op, 801197600.00 ns, 1.4923 ns/op
WorkloadActual   2: 536870912 op, 798851200.00 ns, 1.4880 ns/op
WorkloadActual   3: 536870912 op, 797520900.00 ns, 1.4855 ns/op
WorkloadActual   4: 536870912 op, 799992000.00 ns, 1.4901 ns/op
WorkloadActual   5: 536870912 op, 800795400.00 ns, 1.4916 ns/op
WorkloadActual   6: 536870912 op, 798001600.00 ns, 1.4864 ns/op
WorkloadActual   7: 536870912 op, 810042100.00 ns, 1.5088 ns/op
WorkloadActual   8: 536870912 op, 805254700.00 ns, 1.4999 ns/op
WorkloadActual   9: 536870912 op, 801505400.00 ns, 1.4929 ns/op
WorkloadActual  10: 536870912 op, 800579900.00 ns, 1.4912 ns/op
WorkloadActual  11: 536870912 op, 797875900.00 ns, 1.4862 ns/op
WorkloadActual  12: 536870912 op, 796898000.00 ns, 1.4843 ns/op
WorkloadActual  13: 536870912 op, 797854800.00 ns, 1.4861 ns/op
WorkloadActual  14: 536870912 op, 798592200.00 ns, 1.4875 ns/op
WorkloadActual  15: 536870912 op, 796896900.00 ns, 1.4843 ns/op

// AfterActualRun
WorkloadResult   1: 536870912 op, 2968500.00 ns, 0.0055 ns/op
WorkloadResult   2: 536870912 op, 622100.00 ns, 0.0012 ns/op
WorkloadResult   3: 536870912 op, 0.00 ns, 0.0000 ns/op
WorkloadResult   4: 536870912 op, 1762900.00 ns, 0.0033 ns/op
WorkloadResult   5: 536870912 op, 2566300.00 ns, 0.0048 ns/op
WorkloadResult   6: 536870912 op, 0.00 ns, 0.0000 ns/op
WorkloadResult   7: 536870912 op, 7025600.00 ns, 0.0131 ns/op
WorkloadResult   8: 536870912 op, 3276300.00 ns, 0.0061 ns/op
WorkloadResult   9: 536870912 op, 2350800.00 ns, 0.0044 ns/op
WorkloadResult  10: 536870912 op, 0.00 ns, 0.0000 ns/op
WorkloadResult  11: 536870912 op, 0.00 ns, 0.0000 ns/op
WorkloadResult  12: 536870912 op, 0.00 ns, 0.0000 ns/op
WorkloadResult  13: 536870912 op, 363100.00 ns, 0.0007 ns/op
WorkloadResult  14: 536870912 op, 0.00 ns, 0.0000 ns/op
// GC:  0 0 0 1120 536870912
// Threading:  0 0 536870912

// AfterAll
// Benchmark Process 71008 has exited with code 0.

Mean = 0.003 ns, StdErr = 0.001 ns (36.20%), N = 14, StdDev = 0.004 ns
Min = 0.000 ns, Q1 = 0.000 ns, Median = 0.001 ns, Q3 = 0.005 ns, Max = 0.013 ns
IQR = 0.005 ns, LowerFence = -0.007 ns, UpperFence = 0.012 ns
ConfidenceInterval = [-0.001 ns; 0.007 ns] (CI 99.9%), Margin = 0.004 ns (152.80% of Mean)
Skewness = 1.36, Kurtosis = 4.18, MValue = 2.75

// ** Remained 5 (35.7%) benchmark(s) to run. Estimated finish 2026-05-14 13:58 (0h 1m from now) **
Setup power plan (GUID: 8c5e7fda-e8bf-4a96-9a85-a6e23a8c635c FriendlyName: High performance)
// **************************
// Benchmark: RejectedCallBenchmarks.Herald_Rejected_Debug_ZeroProps: DefaultJob
// *** Execute ***
// Launch: 1 / 1
// Execute: dotnet c5b5c090-8696-47d4-bce3-31aa153e63bf.dll --anonymousPipes 19036 5372 --benchmarkName MMP.Herald.OSS.Benchmarks.Comparisons.HeraldRow.RejectedCallBenchmarks.Herald_Rejected_Debug_ZeroProps --job Default --benchmarkId 9 in E:\dev\Herald.OSS\benchmarking\comparisons\net10\herald\bin\Release\net10.0\c5b5c090-8696-47d4-bce3-31aa153e63bf\bin\Release\net10.0
// BeforeAnythingElse

// Benchmark Process Environment Information:
// BenchmarkDotNet v0.14.0
// Runtime=.NET 10.0.7 (10.0.726.21808), X64 RyuJIT AVX2
// GC=Concurrent Server
// HardwareIntrinsics=AVX2,AES,BMI1,BMI2,FMA,LZCNT,PCLMUL,POPCNT,AvxVnni,SERIALIZE VectorSize=256
// Job: DefaultJob

OverheadJitting  1: 1 op, 189100.00 ns, 189.1000 us/op
WorkloadJitting  1: 1 op, 405000.00 ns, 405.0000 us/op

OverheadJitting  2: 16 op, 142500.00 ns, 8.9063 us/op
WorkloadJitting  2: 16 op, 136500.00 ns, 8.5313 us/op

WorkloadPilot    1: 16 op, 600.00 ns, 37.5000 ns/op
WorkloadPilot    2: 32 op, 1800.00 ns, 56.2500 ns/op
WorkloadPilot    3: 64 op, 1000.00 ns, 15.6250 ns/op
WorkloadPilot    4: 128 op, 1000.00 ns, 7.8125 ns/op
WorkloadPilot    5: 256 op, 2800.00 ns, 10.9375 ns/op
WorkloadPilot    6: 512 op, 3100.00 ns, 6.0547 ns/op
WorkloadPilot    7: 1024 op, 6200.00 ns, 6.0547 ns/op
WorkloadPilot    8: 2048 op, 11600.00 ns, 5.6641 ns/op
WorkloadPilot    9: 4096 op, 22400.00 ns, 5.4688 ns/op
WorkloadPilot   10: 8192 op, 39300.00 ns, 4.7974 ns/op
WorkloadPilot   11: 16384 op, 78300.00 ns, 4.7791 ns/op
WorkloadPilot   12: 32768 op, 152600.00 ns, 4.6570 ns/op
WorkloadPilot   13: 65536 op, 301400.00 ns, 4.5990 ns/op
WorkloadPilot   14: 131072 op, 601600.00 ns, 4.5898 ns/op
WorkloadPilot   15: 262144 op, 1197400.00 ns, 4.5677 ns/op
WorkloadPilot   16: 524288 op, 2394600.00 ns, 4.5673 ns/op
WorkloadPilot   17: 1048576 op, 4781700.00 ns, 4.5602 ns/op
WorkloadPilot   18: 2097152 op, 9851600.00 ns, 4.6976 ns/op
WorkloadPilot   19: 4194304 op, 19260700.00 ns, 4.5921 ns/op
WorkloadPilot   20: 8388608 op, 38223300.00 ns, 4.5566 ns/op
WorkloadPilot   21: 16777216 op, 42296800.00 ns, 2.5211 ns/op
WorkloadPilot   22: 33554432 op, 51195900.00 ns, 1.5258 ns/op
WorkloadPilot   23: 67108864 op, 99749000.00 ns, 1.4864 ns/op
WorkloadPilot   24: 134217728 op, 199567900.00 ns, 1.4869 ns/op
WorkloadPilot   25: 268435456 op, 398901200.00 ns, 1.4860 ns/op
WorkloadPilot   26: 536870912 op, 802171400.00 ns, 1.4942 ns/op

OverheadWarmup   1: 536870912 op, 871046300.00 ns, 1.6225 ns/op
OverheadWarmup   2: 536870912 op, 807004600.00 ns, 1.5032 ns/op
OverheadWarmup   3: 536870912 op, 799297600.00 ns, 1.4888 ns/op
OverheadWarmup   4: 536870912 op, 799915200.00 ns, 1.4900 ns/op
OverheadWarmup   5: 536870912 op, 799207300.00 ns, 1.4886 ns/op
OverheadWarmup   6: 536870912 op, 798423800.00 ns, 1.4872 ns/op
OverheadWarmup   7: 536870912 op, 796606600.00 ns, 1.4838 ns/op
OverheadWarmup   8: 536870912 op, 795629200.00 ns, 1.4820 ns/op
OverheadWarmup   9: 536870912 op, 795807800.00 ns, 1.4823 ns/op
OverheadWarmup  10: 536870912 op, 796726900.00 ns, 1.4840 ns/op

OverheadActual   1: 536870912 op, 798848900.00 ns, 1.4880 ns/op
OverheadActual   2: 536870912 op, 798016800.00 ns, 1.4864 ns/op
OverheadActual   3: 536870912 op, 802556200.00 ns, 1.4949 ns/op
OverheadActual   4: 536870912 op, 806811300.00 ns, 1.5028 ns/op
OverheadActual   5: 536870912 op, 798955100.00 ns, 1.4882 ns/op
OverheadActual   6: 536870912 op, 797631600.00 ns, 1.4857 ns/op
OverheadActual   7: 536870912 op, 798157800.00 ns, 1.4867 ns/op
OverheadActual   8: 536870912 op, 798560900.00 ns, 1.4874 ns/op
OverheadActual   9: 536870912 op, 798947700.00 ns, 1.4882 ns/op
OverheadActual  10: 536870912 op, 797999500.00 ns, 1.4864 ns/op
OverheadActual  11: 536870912 op, 800080600.00 ns, 1.4903 ns/op
OverheadActual  12: 536870912 op, 800160100.00 ns, 1.4904 ns/op
OverheadActual  13: 536870912 op, 799491600.00 ns, 1.4892 ns/op
OverheadActual  14: 536870912 op, 800329200.00 ns, 1.4907 ns/op
OverheadActual  15: 536870912 op, 804836800.00 ns, 1.4991 ns/op

WorkloadWarmup   1: 536870912 op, 806313900.00 ns, 1.5019 ns/op
WorkloadWarmup   2: 536870912 op, 798095800.00 ns, 1.4866 ns/op
WorkloadWarmup   3: 536870912 op, 796718700.00 ns, 1.4840 ns/op
WorkloadWarmup   4: 536870912 op, 796900600.00 ns, 1.4843 ns/op
WorkloadWarmup   5: 536870912 op, 797523700.00 ns, 1.4855 ns/op
WorkloadWarmup   6: 536870912 op, 796567700.00 ns, 1.4837 ns/op
WorkloadWarmup   7: 536870912 op, 797091200.00 ns, 1.4847 ns/op
WorkloadWarmup   8: 536870912 op, 800040600.00 ns, 1.4902 ns/op
WorkloadWarmup   9: 536870912 op, 799735700.00 ns, 1.4896 ns/op

// BeforeActualRun
WorkloadActual   1: 536870912 op, 796821000.00 ns, 1.4842 ns/op
WorkloadActual   2: 536870912 op, 798096100.00 ns, 1.4866 ns/op
WorkloadActual   3: 536870912 op, 801643300.00 ns, 1.4932 ns/op
WorkloadActual   4: 536870912 op, 809058900.00 ns, 1.5070 ns/op
WorkloadActual   5: 536870912 op, 804713700.00 ns, 1.4989 ns/op
WorkloadActual   6: 536870912 op, 798356500.00 ns, 1.4871 ns/op
WorkloadActual   7: 536870912 op, 797768400.00 ns, 1.4860 ns/op
WorkloadActual   8: 536870912 op, 796976000.00 ns, 1.4845 ns/op
WorkloadActual   9: 536870912 op, 797386600.00 ns, 1.4852 ns/op
WorkloadActual  10: 536870912 op, 799044700.00 ns, 1.4883 ns/op
WorkloadActual  11: 536870912 op, 798529300.00 ns, 1.4874 ns/op
WorkloadActual  12: 536870912 op, 797502600.00 ns, 1.4855 ns/op
WorkloadActual  13: 536870912 op, 801074800.00 ns, 1.4921 ns/op
WorkloadActual  14: 536870912 op, 796867700.00 ns, 1.4843 ns/op
WorkloadActual  15: 536870912 op, 801570500.00 ns, 1.4930 ns/op

// AfterActualRun
WorkloadResult   1: 536870912 op, 0.00 ns, 0.0000 ns/op
WorkloadResult   2: 536870912 op, 0.00 ns, 0.0000 ns/op
WorkloadResult   3: 536870912 op, 2688200.00 ns, 0.0050 ns/op
WorkloadResult   4: 536870912 op, 5758600.00 ns, 0.0107 ns/op
WorkloadResult   5: 536870912 op, 0.00 ns, 0.0000 ns/op
WorkloadResult   6: 536870912 op, 0.00 ns, 0.0000 ns/op
WorkloadResult   7: 536870912 op, 0.00 ns, 0.0000 ns/op
WorkloadResult   8: 536870912 op, 0.00 ns, 0.0000 ns/op
WorkloadResult   9: 536870912 op, 89600.00 ns, 0.0002 ns/op
WorkloadResult  10: 536870912 op, 0.00 ns, 0.0000 ns/op
WorkloadResult  11: 536870912 op, 0.00 ns, 0.0000 ns/op
WorkloadResult  12: 536870912 op, 2119700.00 ns, 0.0039 ns/op
WorkloadResult  13: 536870912 op, 0.00 ns, 0.0000 ns/op
WorkloadResult  14: 536870912 op, 2615400.00 ns, 0.0049 ns/op
// GC:  0 0 0 64 536870912
// Threading:  0 0 536870912

// AfterAll
// Benchmark Process 79904 has exited with code 0.

Mean = 0.002 ns, StdErr = 0.001 ns (48.92%), N = 14, StdDev = 0.003 ns
Min = 0.000 ns, Q1 = 0.000 ns, Median = 0.000 ns, Q3 = 0.003 ns, Max = 0.011 ns
IQR = 0.003 ns, LowerFence = -0.005 ns, UpperFence = 0.008 ns
ConfidenceInterval = [-0.002 ns; 0.005 ns] (CI 99.9%), Margin = 0.004 ns (206.50% of Mean)
Skewness = 1.57, Kurtosis = 4.43, MValue = 2.6

// ** Remained 4 (28.6%) benchmark(s) to run. Estimated finish 2026-05-14 13:58 (0h 1m from now) **
Setup power plan (GUID: 8c5e7fda-e8bf-4a96-9a85-a6e23a8c635c FriendlyName: High performance)
// **************************
// Benchmark: RejectedCallBenchmarks.Herald_Rejected_Info_ZeroProps: DefaultJob
// *** Execute ***
// Launch: 1 / 1
// Execute: dotnet c5b5c090-8696-47d4-bce3-31aa153e63bf.dll --anonymousPipes 28048 14692 --benchmarkName MMP.Herald.OSS.Benchmarks.Comparisons.HeraldRow.RejectedCallBenchmarks.Herald_Rejected_Info_ZeroProps --job Default --benchmarkId 10 in E:\dev\Herald.OSS\benchmarking\comparisons\net10\herald\bin\Release\net10.0\c5b5c090-8696-47d4-bce3-31aa153e63bf\bin\Release\net10.0
// BeforeAnythingElse

// Benchmark Process Environment Information:
// BenchmarkDotNet v0.14.0
// Runtime=.NET 10.0.7 (10.0.726.21808), X64 RyuJIT AVX2
// GC=Concurrent Server
// HardwareIntrinsics=AVX2,AES,BMI1,BMI2,FMA,LZCNT,PCLMUL,POPCNT,AvxVnni,SERIALIZE VectorSize=256
// Job: DefaultJob

OverheadJitting  1: 1 op, 184900.00 ns, 184.9000 us/op
WorkloadJitting  1: 1 op, 408500.00 ns, 408.5000 us/op

OverheadJitting  2: 16 op, 163200.00 ns, 10.2000 us/op
WorkloadJitting  2: 16 op, 172800.00 ns, 10.8000 us/op

WorkloadPilot    1: 16 op, 1300.00 ns, 81.2500 ns/op
WorkloadPilot    2: 32 op, 1500.00 ns, 46.8750 ns/op
WorkloadPilot    3: 64 op, 2700.00 ns, 42.1875 ns/op
WorkloadPilot    4: 128 op, 1700.00 ns, 13.2813 ns/op
WorkloadPilot    5: 256 op, 2900.00 ns, 11.3281 ns/op
WorkloadPilot    6: 512 op, 4100.00 ns, 8.0078 ns/op
WorkloadPilot    7: 1024 op, 7200.00 ns, 7.0313 ns/op
WorkloadPilot    8: 2048 op, 9900.00 ns, 4.8340 ns/op
WorkloadPilot    9: 4096 op, 21500.00 ns, 5.2490 ns/op
WorkloadPilot   10: 8192 op, 41900.00 ns, 5.1147 ns/op
WorkloadPilot   11: 16384 op, 80300.00 ns, 4.9011 ns/op
WorkloadPilot   12: 32768 op, 153000.00 ns, 4.6692 ns/op
WorkloadPilot   13: 65536 op, 315000.00 ns, 4.8065 ns/op
WorkloadPilot   14: 131072 op, 600000.00 ns, 4.5776 ns/op
WorkloadPilot   15: 262144 op, 1199600.00 ns, 4.5761 ns/op
WorkloadPilot   16: 524288 op, 2528500.00 ns, 4.8227 ns/op
WorkloadPilot   17: 1048576 op, 4912200.00 ns, 4.6846 ns/op
WorkloadPilot   18: 2097152 op, 9656500.00 ns, 4.6046 ns/op
WorkloadPilot   19: 4194304 op, 19526100.00 ns, 4.6554 ns/op
WorkloadPilot   20: 8388608 op, 38387100.00 ns, 4.5761 ns/op
WorkloadPilot   21: 16777216 op, 76914800.00 ns, 4.5845 ns/op
WorkloadPilot   22: 33554432 op, 64543700.00 ns, 1.9236 ns/op
WorkloadPilot   23: 67108864 op, 100175000.00 ns, 1.4927 ns/op
WorkloadPilot   24: 134217728 op, 199740500.00 ns, 1.4882 ns/op
WorkloadPilot   25: 268435456 op, 403530000.00 ns, 1.5033 ns/op
WorkloadPilot   26: 536870912 op, 798989600.00 ns, 1.4882 ns/op

OverheadWarmup   1: 536870912 op, 865907500.00 ns, 1.6129 ns/op
OverheadWarmup   2: 536870912 op, 801229700.00 ns, 1.4924 ns/op
OverheadWarmup   3: 536870912 op, 797292600.00 ns, 1.4851 ns/op
OverheadWarmup   4: 536870912 op, 798948000.00 ns, 1.4882 ns/op
OverheadWarmup   5: 536870912 op, 798802600.00 ns, 1.4879 ns/op
OverheadWarmup   6: 536870912 op, 797908300.00 ns, 1.4862 ns/op
OverheadWarmup   7: 536870912 op, 799167500.00 ns, 1.4886 ns/op
OverheadWarmup   8: 536870912 op, 797240800.00 ns, 1.4850 ns/op

OverheadActual   1: 536870912 op, 799375400.00 ns, 1.4890 ns/op
OverheadActual   2: 536870912 op, 815701100.00 ns, 1.5194 ns/op
OverheadActual   3: 536870912 op, 803013400.00 ns, 1.4957 ns/op
OverheadActual   4: 536870912 op, 798898600.00 ns, 1.4881 ns/op
OverheadActual   5: 536870912 op, 799535100.00 ns, 1.4893 ns/op
OverheadActual   6: 536870912 op, 801851300.00 ns, 1.4936 ns/op
OverheadActual   7: 536870912 op, 797749000.00 ns, 1.4859 ns/op
OverheadActual   8: 536870912 op, 801286600.00 ns, 1.4925 ns/op
OverheadActual   9: 536870912 op, 796879700.00 ns, 1.4843 ns/op
OverheadActual  10: 536870912 op, 797087400.00 ns, 1.4847 ns/op
OverheadActual  11: 536870912 op, 797136300.00 ns, 1.4848 ns/op
OverheadActual  12: 536870912 op, 797130800.00 ns, 1.4848 ns/op
OverheadActual  13: 536870912 op, 797464000.00 ns, 1.4854 ns/op
OverheadActual  14: 536870912 op, 805720100.00 ns, 1.5008 ns/op
OverheadActual  15: 536870912 op, 807975900.00 ns, 1.5050 ns/op

WorkloadWarmup   1: 536870912 op, 802047500.00 ns, 1.4939 ns/op
WorkloadWarmup   2: 536870912 op, 798470200.00 ns, 1.4873 ns/op
WorkloadWarmup   3: 536870912 op, 797791700.00 ns, 1.4860 ns/op
WorkloadWarmup   4: 536870912 op, 799824300.00 ns, 1.4898 ns/op
WorkloadWarmup   5: 536870912 op, 800004300.00 ns, 1.4901 ns/op
WorkloadWarmup   6: 536870912 op, 799635800.00 ns, 1.4894 ns/op
WorkloadWarmup   7: 536870912 op, 798429600.00 ns, 1.4872 ns/op
WorkloadWarmup   8: 536870912 op, 797998600.00 ns, 1.4864 ns/op
WorkloadWarmup   9: 536870912 op, 797515600.00 ns, 1.4855 ns/op
WorkloadWarmup  10: 536870912 op, 806508800.00 ns, 1.5022 ns/op
WorkloadWarmup  11: 536870912 op, 802565500.00 ns, 1.4949 ns/op

// BeforeActualRun
WorkloadActual   1: 536870912 op, 829992700.00 ns, 1.5460 ns/op
WorkloadActual   2: 536870912 op, 811788200.00 ns, 1.5121 ns/op
WorkloadActual   3: 536870912 op, 801816500.00 ns, 1.4935 ns/op
WorkloadActual   4: 536870912 op, 800971700.00 ns, 1.4919 ns/op
WorkloadActual   5: 536870912 op, 813231400.00 ns, 1.5148 ns/op
WorkloadActual   6: 536870912 op, 803893600.00 ns, 1.4974 ns/op
WorkloadActual   7: 536870912 op, 805676000.00 ns, 1.5007 ns/op
WorkloadActual   8: 536870912 op, 800498900.00 ns, 1.4910 ns/op
WorkloadActual   9: 536870912 op, 804544700.00 ns, 1.4986 ns/op
WorkloadActual  10: 536870912 op, 800844000.00 ns, 1.4917 ns/op
WorkloadActual  11: 536870912 op, 804292100.00 ns, 1.4981 ns/op
WorkloadActual  12: 536870912 op, 805522600.00 ns, 1.5004 ns/op
WorkloadActual  13: 536870912 op, 803911500.00 ns, 1.4974 ns/op
WorkloadActual  14: 536870912 op, 799533600.00 ns, 1.4892 ns/op
WorkloadActual  15: 536870912 op, 798224000.00 ns, 1.4868 ns/op

// AfterActualRun
WorkloadResult   1: 536870912 op, 12412800.00 ns, 0.0231 ns/op
WorkloadResult   2: 536870912 op, 2441100.00 ns, 0.0045 ns/op
WorkloadResult   3: 536870912 op, 1596300.00 ns, 0.0030 ns/op
WorkloadResult   4: 536870912 op, 4518200.00 ns, 0.0084 ns/op
WorkloadResult   5: 536870912 op, 6300600.00 ns, 0.0117 ns/op
WorkloadResult   6: 536870912 op, 1123500.00 ns, 0.0021 ns/op
WorkloadResult   7: 536870912 op, 5169300.00 ns, 0.0096 ns/op
WorkloadResult   8: 536870912 op, 1468600.00 ns, 0.0027 ns/op
WorkloadResult   9: 536870912 op, 4916700.00 ns, 0.0092 ns/op
WorkloadResult  10: 536870912 op, 6147200.00 ns, 0.0115 ns/op
WorkloadResult  11: 536870912 op, 4536100.00 ns, 0.0084 ns/op
WorkloadResult  12: 536870912 op, 158200.00 ns, 0.0003 ns/op
WorkloadResult  13: 536870912 op, 0.00 ns, 0.0000 ns/op
// GC:  0 0 0 1152 536870912
// Threading:  0 0 536870912

// AfterAll
// Benchmark Process 80048 has exited with code 0.

Mean = 0.007 ns, StdErr = 0.002 ns (23.99%), N = 13, StdDev = 0.006 ns
Min = 0.000 ns, Q1 = 0.003 ns, Median = 0.008 ns, Q3 = 0.010 ns, Max = 0.023 ns
IQR = 0.007 ns, LowerFence = -0.008 ns, UpperFence = 0.020 ns
ConfidenceInterval = [-0.000 ns; 0.015 ns] (CI 99.9%), Margin = 0.008 ns (103.56% of Mean)
Skewness = 0.96, Kurtosis = 3.46, MValue = 4

// ** Remained 3 (21.4%) benchmark(s) to run. Estimated finish 2026-05-14 13:59 (0h 1m from now) **
Setup power plan (GUID: 8c5e7fda-e8bf-4a96-9a85-a6e23a8c635c FriendlyName: High performance)
// **************************
// Benchmark: RejectedCallBenchmarks.Herald_Rejected_Debug_OneProp: DefaultJob
// *** Execute ***
// Launch: 1 / 1
// Execute: dotnet c5b5c090-8696-47d4-bce3-31aa153e63bf.dll --anonymousPipes 15280 48720 --benchmarkName MMP.Herald.OSS.Benchmarks.Comparisons.HeraldRow.RejectedCallBenchmarks.Herald_Rejected_Debug_OneProp --job Default --benchmarkId 11 in E:\dev\Herald.OSS\benchmarking\comparisons\net10\herald\bin\Release\net10.0\c5b5c090-8696-47d4-bce3-31aa153e63bf\bin\Release\net10.0
// BeforeAnythingElse

// Benchmark Process Environment Information:
// BenchmarkDotNet v0.14.0
// Runtime=.NET 10.0.7 (10.0.726.21808), X64 RyuJIT AVX2
// GC=Concurrent Server
// HardwareIntrinsics=AVX2,AES,BMI1,BMI2,FMA,LZCNT,PCLMUL,POPCNT,AvxVnni,SERIALIZE VectorSize=256
// Job: DefaultJob

OverheadJitting  1: 1 op, 203800.00 ns, 203.8000 us/op
WorkloadJitting  1: 1 op, 379000.00 ns, 379.0000 us/op

OverheadJitting  2: 16 op, 142800.00 ns, 8.9250 us/op
WorkloadJitting  2: 16 op, 134300.00 ns, 8.3938 us/op

WorkloadPilot    1: 16 op, 800.00 ns, 50.0000 ns/op
WorkloadPilot    2: 32 op, 900.00 ns, 28.1250 ns/op
WorkloadPilot    3: 64 op, 1000.00 ns, 15.6250 ns/op
WorkloadPilot    4: 128 op, 2100.00 ns, 16.4063 ns/op
WorkloadPilot    5: 256 op, 3200.00 ns, 12.5000 ns/op
WorkloadPilot    6: 512 op, 4000.00 ns, 7.8125 ns/op
WorkloadPilot    7: 1024 op, 7200.00 ns, 7.0313 ns/op
WorkloadPilot    8: 2048 op, 13200.00 ns, 6.4453 ns/op
WorkloadPilot    9: 4096 op, 25400.00 ns, 6.2012 ns/op
WorkloadPilot   10: 8192 op, 43300.00 ns, 5.2856 ns/op
WorkloadPilot   11: 16384 op, 82000.00 ns, 5.0049 ns/op
WorkloadPilot   12: 32768 op, 164800.00 ns, 5.0293 ns/op
WorkloadPilot   13: 65536 op, 317500.00 ns, 4.8447 ns/op
WorkloadPilot   14: 131072 op, 630000.00 ns, 4.8065 ns/op
WorkloadPilot   15: 262144 op, 1257600.00 ns, 4.7974 ns/op
WorkloadPilot   16: 524288 op, 2530300.00 ns, 4.8262 ns/op
WorkloadPilot   17: 1048576 op, 5019900.00 ns, 4.7873 ns/op
WorkloadPilot   18: 2097152 op, 10111700.00 ns, 4.8216 ns/op
WorkloadPilot   19: 4194304 op, 20172500.00 ns, 4.8095 ns/op
WorkloadPilot   20: 8388608 op, 40312800.00 ns, 4.8057 ns/op
WorkloadPilot   21: 16777216 op, 80270800.00 ns, 4.7845 ns/op
WorkloadPilot   22: 33554432 op, 81977600.00 ns, 2.4431 ns/op
WorkloadPilot   23: 67108864 op, 114151100.00 ns, 1.7010 ns/op
WorkloadPilot   24: 134217728 op, 228529300.00 ns, 1.7027 ns/op
WorkloadPilot   25: 268435456 op, 457399700.00 ns, 1.7039 ns/op
WorkloadPilot   26: 536870912 op, 915071200.00 ns, 1.7045 ns/op

OverheadWarmup   1: 536870912 op, 866126300.00 ns, 1.6133 ns/op
OverheadWarmup   2: 536870912 op, 803989600.00 ns, 1.4975 ns/op
OverheadWarmup   3: 536870912 op, 805151600.00 ns, 1.4997 ns/op
OverheadWarmup   4: 536870912 op, 804176500.00 ns, 1.4979 ns/op
OverheadWarmup   5: 536870912 op, 804563000.00 ns, 1.4986 ns/op
OverheadWarmup   6: 536870912 op, 811383200.00 ns, 1.5113 ns/op
OverheadWarmup   7: 536870912 op, 808345900.00 ns, 1.5057 ns/op

OverheadActual   1: 536870912 op, 805066900.00 ns, 1.4996 ns/op
OverheadActual   2: 536870912 op, 808918500.00 ns, 1.5067 ns/op
OverheadActual   3: 536870912 op, 806607300.00 ns, 1.5024 ns/op
OverheadActual   4: 536870912 op, 804199100.00 ns, 1.4979 ns/op
OverheadActual   5: 536870912 op, 804743400.00 ns, 1.4990 ns/op
OverheadActual   6: 536870912 op, 804453400.00 ns, 1.4984 ns/op
OverheadActual   7: 536870912 op, 805012300.00 ns, 1.4995 ns/op
OverheadActual   8: 536870912 op, 803938600.00 ns, 1.4975 ns/op
OverheadActual   9: 536870912 op, 804464300.00 ns, 1.4984 ns/op
OverheadActual  10: 536870912 op, 809630700.00 ns, 1.5081 ns/op
OverheadActual  11: 536870912 op, 813341600.00 ns, 1.5150 ns/op
OverheadActual  12: 536870912 op, 821589500.00 ns, 1.5303 ns/op
OverheadActual  13: 536870912 op, 818304300.00 ns, 1.5242 ns/op
OverheadActual  14: 536870912 op, 805629700.00 ns, 1.5006 ns/op
OverheadActual  15: 536870912 op, 808899000.00 ns, 1.5067 ns/op

WorkloadWarmup   1: 536870912 op, 937440200.00 ns, 1.7461 ns/op
WorkloadWarmup   2: 536870912 op, 919004400.00 ns, 1.7118 ns/op
WorkloadWarmup   3: 536870912 op, 919353200.00 ns, 1.7124 ns/op
WorkloadWarmup   4: 536870912 op, 920563800.00 ns, 1.7147 ns/op
WorkloadWarmup   5: 536870912 op, 917128700.00 ns, 1.7083 ns/op
WorkloadWarmup   6: 536870912 op, 918430700.00 ns, 1.7107 ns/op
WorkloadWarmup   7: 536870912 op, 916443900.00 ns, 1.7070 ns/op

// BeforeActualRun
WorkloadActual   1: 536870912 op, 930812300.00 ns, 1.7338 ns/op
WorkloadActual   2: 536870912 op, 933156800.00 ns, 1.7381 ns/op
WorkloadActual   3: 536870912 op, 914535900.00 ns, 1.7035 ns/op
WorkloadActual   4: 536870912 op, 917186500.00 ns, 1.7084 ns/op
WorkloadActual   5: 536870912 op, 930218400.00 ns, 1.7327 ns/op
WorkloadActual   6: 536870912 op, 922355700.00 ns, 1.7180 ns/op
WorkloadActual   7: 536870912 op, 930652900.00 ns, 1.7335 ns/op
WorkloadActual   8: 536870912 op, 933398900.00 ns, 1.7386 ns/op
WorkloadActual   9: 536870912 op, 925989000.00 ns, 1.7248 ns/op
WorkloadActual  10: 536870912 op, 924185800.00 ns, 1.7214 ns/op
WorkloadActual  11: 536870912 op, 925370300.00 ns, 1.7236 ns/op
WorkloadActual  12: 536870912 op, 927232300.00 ns, 1.7271 ns/op
WorkloadActual  13: 536870912 op, 922549500.00 ns, 1.7184 ns/op
WorkloadActual  14: 536870912 op, 918837800.00 ns, 1.7115 ns/op
WorkloadActual  15: 536870912 op, 915873100.00 ns, 1.7059 ns/op

// AfterActualRun
WorkloadResult   1: 536870912 op, 125182600.00 ns, 0.2332 ns/op
WorkloadResult   2: 536870912 op, 127527100.00 ns, 0.2375 ns/op
WorkloadResult   3: 536870912 op, 108906200.00 ns, 0.2029 ns/op
WorkloadResult   4: 536870912 op, 111556800.00 ns, 0.2078 ns/op
WorkloadResult   5: 536870912 op, 124588700.00 ns, 0.2321 ns/op
WorkloadResult   6: 536870912 op, 116726000.00 ns, 0.2174 ns/op
WorkloadResult   7: 536870912 op, 125023200.00 ns, 0.2329 ns/op
WorkloadResult   8: 536870912 op, 127769200.00 ns, 0.2380 ns/op
WorkloadResult   9: 536870912 op, 120359300.00 ns, 0.2242 ns/op
WorkloadResult  10: 536870912 op, 118556100.00 ns, 0.2208 ns/op
WorkloadResult  11: 536870912 op, 119740600.00 ns, 0.2230 ns/op
WorkloadResult  12: 536870912 op, 121602600.00 ns, 0.2265 ns/op
WorkloadResult  13: 536870912 op, 116919800.00 ns, 0.2178 ns/op
WorkloadResult  14: 536870912 op, 113208100.00 ns, 0.2109 ns/op
WorkloadResult  15: 536870912 op, 110243400.00 ns, 0.2053 ns/op
// GC:  0 0 0 1408 536870912
// Threading:  0 0 536870912

// AfterAll
// Benchmark Process 76972 has exited with code 0.

Mean = 0.222 ns, StdErr = 0.003 ns (1.35%), N = 15, StdDev = 0.012 ns
Min = 0.203 ns, Q1 = 0.214 ns, Median = 0.223 ns, Q3 = 0.232 ns, Max = 0.238 ns
IQR = 0.018 ns, LowerFence = 0.187 ns, UpperFence = 0.260 ns
ConfidenceInterval = [0.210 ns; 0.234 ns] (CI 99.9%), Margin = 0.012 ns (5.58% of Mean)
Skewness = -0.19, Kurtosis = 1.6, MValue = 2.67

// ** Remained 2 (14.3%) benchmark(s) to run. Estimated finish 2026-05-14 13:59 (0h 0m from now) **
Setup power plan (GUID: 8c5e7fda-e8bf-4a96-9a85-a6e23a8c635c FriendlyName: High performance)
// **************************
// Benchmark: RejectedCallBenchmarks.Herald_Rejected_Debug_FourProps: DefaultJob
// *** Execute ***
// Launch: 1 / 1
// Execute: dotnet c5b5c090-8696-47d4-bce3-31aa153e63bf.dll --anonymousPipes 7412 13884 --benchmarkName MMP.Herald.OSS.Benchmarks.Comparisons.HeraldRow.RejectedCallBenchmarks.Herald_Rejected_Debug_FourProps --job Default --benchmarkId 12 in E:\dev\Herald.OSS\benchmarking\comparisons\net10\herald\bin\Release\net10.0\c5b5c090-8696-47d4-bce3-31aa153e63bf\bin\Release\net10.0
// BeforeAnythingElse

// Benchmark Process Environment Information:
// BenchmarkDotNet v0.14.0
// Runtime=.NET 10.0.7 (10.0.726.21808), X64 RyuJIT AVX2
// GC=Concurrent Server
// HardwareIntrinsics=AVX2,AES,BMI1,BMI2,FMA,LZCNT,PCLMUL,POPCNT,AvxVnni,SERIALIZE VectorSize=256
// Job: DefaultJob

OverheadJitting  1: 1 op, 195200.00 ns, 195.2000 us/op
WorkloadJitting  1: 1 op, 393900.00 ns, 393.9000 us/op

OverheadJitting  2: 16 op, 192600.00 ns, 12.0375 us/op
WorkloadJitting  2: 16 op, 159100.00 ns, 9.9438 us/op

WorkloadPilot    1: 16 op, 2100.00 ns, 131.2500 ns/op
WorkloadPilot    2: 32 op, 800.00 ns, 25.0000 ns/op
WorkloadPilot    3: 64 op, 800.00 ns, 12.5000 ns/op
WorkloadPilot    4: 128 op, 2400.00 ns, 18.7500 ns/op
WorkloadPilot    5: 256 op, 3400.00 ns, 13.2813 ns/op
WorkloadPilot    6: 512 op, 4300.00 ns, 8.3984 ns/op
WorkloadPilot    7: 1024 op, 7900.00 ns, 7.7148 ns/op
WorkloadPilot    8: 2048 op, 14300.00 ns, 6.9824 ns/op
WorkloadPilot    9: 4096 op, 25000.00 ns, 6.1035 ns/op
WorkloadPilot   10: 8192 op, 47900.00 ns, 5.8472 ns/op
WorkloadPilot   11: 16384 op, 93700.00 ns, 5.7190 ns/op
WorkloadPilot   12: 32768 op, 179400.00 ns, 5.4749 ns/op
WorkloadPilot   13: 65536 op, 355100.00 ns, 5.4184 ns/op
WorkloadPilot   14: 131072 op, 705500.00 ns, 5.3825 ns/op
WorkloadPilot   15: 262144 op, 1411200.00 ns, 5.3833 ns/op
WorkloadPilot   16: 524288 op, 2867200.00 ns, 5.4688 ns/op
WorkloadPilot   17: 1048576 op, 5668700.00 ns, 5.4061 ns/op
WorkloadPilot   18: 2097152 op, 11293700.00 ns, 5.3853 ns/op
WorkloadPilot   19: 4194304 op, 22598100.00 ns, 5.3878 ns/op
WorkloadPilot   20: 8388608 op, 45147200.00 ns, 5.3820 ns/op
WorkloadPilot   21: 16777216 op, 44458600.00 ns, 2.6499 ns/op
WorkloadPilot   22: 33554432 op, 56682000.00 ns, 1.6893 ns/op
WorkloadPilot   23: 67108864 op, 113560400.00 ns, 1.6922 ns/op
WorkloadPilot   24: 134217728 op, 227302600.00 ns, 1.6935 ns/op
WorkloadPilot   25: 268435456 op, 454264700.00 ns, 1.6923 ns/op
WorkloadPilot   26: 536870912 op, 908010600.00 ns, 1.6913 ns/op

OverheadWarmup   1: 536870912 op, 860868500.00 ns, 1.6035 ns/op
OverheadWarmup   2: 536870912 op, 798053000.00 ns, 1.4865 ns/op
OverheadWarmup   3: 536870912 op, 797598900.00 ns, 1.4856 ns/op
OverheadWarmup   4: 536870912 op, 803921800.00 ns, 1.4974 ns/op
OverheadWarmup   5: 536870912 op, 814749700.00 ns, 1.5176 ns/op
OverheadWarmup   6: 536870912 op, 801226900.00 ns, 1.4924 ns/op
OverheadWarmup   7: 536870912 op, 800542300.00 ns, 1.4911 ns/op
OverheadWarmup   8: 536870912 op, 798082200.00 ns, 1.4865 ns/op
OverheadWarmup   9: 536870912 op, 798964200.00 ns, 1.4882 ns/op
OverheadWarmup  10: 536870912 op, 802920400.00 ns, 1.4956 ns/op

OverheadActual   1: 536870912 op, 802045500.00 ns, 1.4939 ns/op
OverheadActual   2: 536870912 op, 804739300.00 ns, 1.4989 ns/op
OverheadActual   3: 536870912 op, 801535500.00 ns, 1.4930 ns/op
OverheadActual   4: 536870912 op, 801838400.00 ns, 1.4935 ns/op
OverheadActual   5: 536870912 op, 801813700.00 ns, 1.4935 ns/op
OverheadActual   6: 536870912 op, 805899300.00 ns, 1.5011 ns/op
OverheadActual   7: 536870912 op, 811717200.00 ns, 1.5119 ns/op
OverheadActual   8: 536870912 op, 808139900.00 ns, 1.5053 ns/op
OverheadActual   9: 536870912 op, 800741200.00 ns, 1.4915 ns/op
OverheadActual  10: 536870912 op, 801392900.00 ns, 1.4927 ns/op
OverheadActual  11: 536870912 op, 797671700.00 ns, 1.4858 ns/op
OverheadActual  12: 536870912 op, 797217200.00 ns, 1.4849 ns/op
OverheadActual  13: 536870912 op, 799280300.00 ns, 1.4888 ns/op
OverheadActual  14: 536870912 op, 800238800.00 ns, 1.4906 ns/op
OverheadActual  15: 536870912 op, 801821200.00 ns, 1.4935 ns/op

WorkloadWarmup   1: 536870912 op, 908538300.00 ns, 1.6923 ns/op
WorkloadWarmup   2: 536870912 op, 910854100.00 ns, 1.6966 ns/op
WorkloadWarmup   3: 536870912 op, 912040300.00 ns, 1.6988 ns/op
WorkloadWarmup   4: 536870912 op, 939077500.00 ns, 1.7492 ns/op
WorkloadWarmup   5: 536870912 op, 912837400.00 ns, 1.7003 ns/op
WorkloadWarmup   6: 536870912 op, 908403400.00 ns, 1.6920 ns/op
WorkloadWarmup   7: 536870912 op, 917156100.00 ns, 1.7083 ns/op
WorkloadWarmup   8: 536870912 op, 910551000.00 ns, 1.6960 ns/op

// BeforeActualRun
WorkloadActual   1: 536870912 op, 910526200.00 ns, 1.6960 ns/op
WorkloadActual   2: 536870912 op, 911394500.00 ns, 1.6976 ns/op
WorkloadActual   3: 536870912 op, 912684400.00 ns, 1.7000 ns/op
WorkloadActual   4: 536870912 op, 912263700.00 ns, 1.6992 ns/op
WorkloadActual   5: 536870912 op, 910586800.00 ns, 1.6961 ns/op
WorkloadActual   6: 536870912 op, 930185300.00 ns, 1.7326 ns/op
WorkloadActual   7: 536870912 op, 951225100.00 ns, 1.7718 ns/op
WorkloadActual   8: 536870912 op, 918570000.00 ns, 1.7110 ns/op
WorkloadActual   9: 536870912 op, 920491100.00 ns, 1.7145 ns/op
WorkloadActual  10: 536870912 op, 916424700.00 ns, 1.7070 ns/op
WorkloadActual  11: 536870912 op, 918599700.00 ns, 1.7110 ns/op
WorkloadActual  12: 536870912 op, 919544900.00 ns, 1.7128 ns/op
WorkloadActual  13: 536870912 op, 932110100.00 ns, 1.7362 ns/op
WorkloadActual  14: 536870912 op, 917947000.00 ns, 1.7098 ns/op
WorkloadActual  15: 536870912 op, 918890000.00 ns, 1.7116 ns/op

// AfterActualRun
WorkloadResult   1: 536870912 op, 108712500.00 ns, 0.2025 ns/op
WorkloadResult   2: 536870912 op, 109580800.00 ns, 0.2041 ns/op
WorkloadResult   3: 536870912 op, 110870700.00 ns, 0.2065 ns/op
WorkloadResult   4: 536870912 op, 110450000.00 ns, 0.2057 ns/op
WorkloadResult   5: 536870912 op, 108773100.00 ns, 0.2026 ns/op
WorkloadResult   6: 536870912 op, 128371600.00 ns, 0.2391 ns/op
WorkloadResult   7: 536870912 op, 116756300.00 ns, 0.2175 ns/op
WorkloadResult   8: 536870912 op, 118677400.00 ns, 0.2211 ns/op
WorkloadResult   9: 536870912 op, 114611000.00 ns, 0.2135 ns/op
WorkloadResult  10: 536870912 op, 116786000.00 ns, 0.2175 ns/op
WorkloadResult  11: 536870912 op, 117731200.00 ns, 0.2193 ns/op
WorkloadResult  12: 536870912 op, 116133300.00 ns, 0.2163 ns/op
WorkloadResult  13: 536870912 op, 117076300.00 ns, 0.2181 ns/op
// GC:  0 0 0 96 536870912
// Threading:  0 0 536870912

// AfterAll
// Benchmark Process 71068 has exited with code 0.

Mean = 0.214 ns, StdErr = 0.003 ns (1.32%), N = 13, StdDev = 0.010 ns
Min = 0.202 ns, Q1 = 0.206 ns, Median = 0.216 ns, Q3 = 0.218 ns, Max = 0.239 ns
IQR = 0.012 ns, LowerFence = 0.187 ns, UpperFence = 0.237 ns
ConfidenceInterval = [0.202 ns; 0.226 ns] (CI 99.9%), Margin = 0.012 ns (5.68% of Mean)
Skewness = 0.81, Kurtosis = 3.22, MValue = 3.43

// ** Remained 1 (7.1%) benchmark(s) to run. Estimated finish 2026-05-14 13:59 (0h 0m from now) **
Setup power plan (GUID: 8c5e7fda-e8bf-4a96-9a85-a6e23a8c635c FriendlyName: High performance)
// **************************
// Benchmark: RejectedCallBenchmarks.Herald_Accepted_Warn_ZeroProps: DefaultJob
// *** Execute ***
// Launch: 1 / 1
// Execute: dotnet c5b5c090-8696-47d4-bce3-31aa153e63bf.dll --anonymousPipes 52336 20108 --benchmarkName MMP.Herald.OSS.Benchmarks.Comparisons.HeraldRow.RejectedCallBenchmarks.Herald_Accepted_Warn_ZeroProps --job Default --benchmarkId 13 in E:\dev\Herald.OSS\benchmarking\comparisons\net10\herald\bin\Release\net10.0\c5b5c090-8696-47d4-bce3-31aa153e63bf\bin\Release\net10.0
// BeforeAnythingElse

// Benchmark Process Environment Information:
// BenchmarkDotNet v0.14.0
// Runtime=.NET 10.0.7 (10.0.726.21808), X64 RyuJIT AVX2
// GC=Concurrent Server
// HardwareIntrinsics=AVX2,AES,BMI1,BMI2,FMA,LZCNT,PCLMUL,POPCNT,AvxVnni,SERIALIZE VectorSize=256
// Job: DefaultJob

OverheadJitting  1: 1 op, 366600.00 ns, 366.6000 us/op
WorkloadJitting  1: 1 op, 1854700.00 ns, 1.8547 ms/op

OverheadJitting  2: 16 op, 207900.00 ns, 12.9938 us/op
WorkloadJitting  2: 16 op, 186300.00 ns, 11.6438 us/op

WorkloadPilot    1: 16 op, 12800.00 ns, 800.0000 ns/op
WorkloadPilot    2: 32 op, 7300.00 ns, 228.1250 ns/op
WorkloadPilot    3: 64 op, 10600.00 ns, 165.6250 ns/op
WorkloadPilot    4: 128 op, 12600.00 ns, 98.4375 ns/op
WorkloadPilot    5: 256 op, 21600.00 ns, 84.3750 ns/op
WorkloadPilot    6: 512 op, 40500.00 ns, 79.1016 ns/op
WorkloadPilot    7: 1024 op, 75500.00 ns, 73.7305 ns/op
WorkloadPilot    8: 2048 op, 146000.00 ns, 71.2891 ns/op
WorkloadPilot    9: 4096 op, 283000.00 ns, 69.0918 ns/op
WorkloadPilot   10: 8192 op, 649700.00 ns, 79.3091 ns/op
WorkloadPilot   11: 16384 op, 1215900.00 ns, 74.2126 ns/op
WorkloadPilot   12: 32768 op, 2360500.00 ns, 72.0367 ns/op
WorkloadPilot   13: 65536 op, 4660400.00 ns, 71.1121 ns/op
WorkloadPilot   14: 131072 op, 9528500.00 ns, 72.6967 ns/op
WorkloadPilot   15: 262144 op, 21308700.00 ns, 81.2862 ns/op
WorkloadPilot   16: 524288 op, 36696900.00 ns, 69.9938 ns/op
WorkloadPilot   17: 1048576 op, 74437200.00 ns, 70.9888 ns/op
WorkloadPilot   18: 2097152 op, 79652400.00 ns, 37.9812 ns/op
WorkloadPilot   19: 4194304 op, 111786100.00 ns, 26.6519 ns/op
WorkloadPilot   20: 8388608 op, 227231200.00 ns, 27.0881 ns/op
WorkloadPilot   21: 16777216 op, 453819400.00 ns, 27.0497 ns/op
WorkloadPilot   22: 33554432 op, 894937100.00 ns, 26.6712 ns/op

OverheadWarmup   1: 33554432 op, 71790100.00 ns, 2.1395 ns/op
OverheadWarmup   2: 33554432 op, 70951100.00 ns, 2.1145 ns/op
OverheadWarmup   3: 33554432 op, 69982500.00 ns, 2.0856 ns/op
OverheadWarmup   4: 33554432 op, 50276600.00 ns, 1.4984 ns/op
OverheadWarmup   5: 33554432 op, 50244200.00 ns, 1.4974 ns/op
OverheadWarmup   6: 33554432 op, 50203800.00 ns, 1.4962 ns/op
OverheadWarmup   7: 33554432 op, 50211200.00 ns, 1.4964 ns/op
OverheadWarmup   8: 33554432 op, 50276700.00 ns, 1.4984 ns/op
OverheadWarmup   9: 33554432 op, 50339700.00 ns, 1.5002 ns/op
OverheadWarmup  10: 33554432 op, 50262500.00 ns, 1.4979 ns/op

OverheadActual   1: 33554432 op, 50353100.00 ns, 1.5006 ns/op
OverheadActual   2: 33554432 op, 50220500.00 ns, 1.4967 ns/op
OverheadActual   3: 33554432 op, 50304300.00 ns, 1.4992 ns/op
OverheadActual   4: 33554432 op, 50227800.00 ns, 1.4969 ns/op
OverheadActual   5: 33554432 op, 50299600.00 ns, 1.4990 ns/op
OverheadActual   6: 33554432 op, 50523000.00 ns, 1.5057 ns/op
OverheadActual   7: 33554432 op, 50994500.00 ns, 1.5198 ns/op
OverheadActual   8: 33554432 op, 50396900.00 ns, 1.5019 ns/op
OverheadActual   9: 33554432 op, 51780800.00 ns, 1.5432 ns/op
OverheadActual  10: 33554432 op, 50639400.00 ns, 1.5092 ns/op
OverheadActual  11: 33554432 op, 50960300.00 ns, 1.5187 ns/op
OverheadActual  12: 33554432 op, 50504800.00 ns, 1.5052 ns/op
OverheadActual  13: 33554432 op, 50962800.00 ns, 1.5188 ns/op
OverheadActual  14: 33554432 op, 50325900.00 ns, 1.4998 ns/op
OverheadActual  15: 33554432 op, 50870500.00 ns, 1.5161 ns/op

WorkloadWarmup   1: 33554432 op, 896778200.00 ns, 26.7261 ns/op
WorkloadWarmup   2: 33554432 op, 892688300.00 ns, 26.6042 ns/op
WorkloadWarmup   3: 33554432 op, 892920700.00 ns, 26.6111 ns/op
WorkloadWarmup   4: 33554432 op, 897279700.00 ns, 26.7410 ns/op
WorkloadWarmup   5: 33554432 op, 897129200.00 ns, 26.7365 ns/op
WorkloadWarmup   6: 33554432 op, 897011600.00 ns, 26.7330 ns/op
WorkloadWarmup   7: 33554432 op, 895432600.00 ns, 26.6860 ns/op
WorkloadWarmup   8: 33554432 op, 904542900.00 ns, 26.9575 ns/op
WorkloadWarmup   9: 33554432 op, 915063900.00 ns, 27.2710 ns/op
WorkloadWarmup  10: 33554432 op, 905493400.00 ns, 26.9858 ns/op

// BeforeActualRun
WorkloadActual   1: 33554432 op, 912079600.00 ns, 27.1821 ns/op
WorkloadActual   2: 33554432 op, 893396500.00 ns, 26.6253 ns/op
WorkloadActual   3: 33554432 op, 892436300.00 ns, 26.5967 ns/op
WorkloadActual   4: 33554432 op, 892525900.00 ns, 26.5993 ns/op
WorkloadActual   5: 33554432 op, 898718800.00 ns, 26.7839 ns/op
WorkloadActual   6: 33554432 op, 892267700.00 ns, 26.5916 ns/op
WorkloadActual   7: 33554432 op, 891798000.00 ns, 26.5777 ns/op
WorkloadActual   8: 33554432 op, 893273400.00 ns, 26.6216 ns/op
WorkloadActual   9: 33554432 op, 900131700.00 ns, 26.8260 ns/op
WorkloadActual  10: 33554432 op, 908254300.00 ns, 27.0681 ns/op
WorkloadActual  11: 33554432 op, 902281300.00 ns, 26.8901 ns/op
WorkloadActual  12: 33554432 op, 889720400.00 ns, 26.5157 ns/op
WorkloadActual  13: 33554432 op, 890925600.00 ns, 26.5517 ns/op
WorkloadActual  14: 33554432 op, 890017100.00 ns, 26.5246 ns/op
WorkloadActual  15: 33554432 op, 888894600.00 ns, 26.4911 ns/op

// AfterActualRun
WorkloadResult   1: 33554432 op, 842891700.00 ns, 25.1201 ns/op
WorkloadResult   2: 33554432 op, 841931500.00 ns, 25.0915 ns/op
WorkloadResult   3: 33554432 op, 842021100.00 ns, 25.0942 ns/op
WorkloadResult   4: 33554432 op, 848214000.00 ns, 25.2787 ns/op
WorkloadResult   5: 33554432 op, 841762900.00 ns, 25.0865 ns/op
WorkloadResult   6: 33554432 op, 841293200.00 ns, 25.0725 ns/op
WorkloadResult   7: 33554432 op, 842768600.00 ns, 25.1165 ns/op
WorkloadResult   8: 33554432 op, 849626900.00 ns, 25.3209 ns/op
WorkloadResult   9: 33554432 op, 857749500.00 ns, 25.5629 ns/op
WorkloadResult  10: 33554432 op, 851776500.00 ns, 25.3849 ns/op
WorkloadResult  11: 33554432 op, 839215600.00 ns, 25.0106 ns/op
WorkloadResult  12: 33554432 op, 840420800.00 ns, 25.0465 ns/op
WorkloadResult  13: 33554432 op, 839512300.00 ns, 25.0194 ns/op
WorkloadResult  14: 33554432 op, 838389800.00 ns, 24.9860 ns/op
// GC:  0 0 0 1440 33554432
// Threading:  0 0 33554432

// AfterAll
// Benchmark Process 80012 has exited with code 0.

Mean = 25.157 ns, StdErr = 0.045 ns (0.18%), N = 14, StdDev = 0.167 ns
Min = 24.986 ns, Q1 = 25.053 ns, Median = 25.093 ns, Q3 = 25.239 ns, Max = 25.563 ns
IQR = 0.186 ns, LowerFence = 24.774 ns, UpperFence = 25.518 ns
ConfidenceInterval = [24.968 ns; 25.345 ns] (CI 99.9%), Margin = 0.189 ns (0.75% of Mean)
Skewness = 1.1, Kurtosis = 3, MValue = 2

// ** Remained 0 (0.0%) benchmark(s) to run. Estimated finish 2026-05-14 13:59 (0h 0m from now) **
Successfully reverted power plan (GUID: 8c5e7fda-e8bf-4a96-9a85-a6e23a8c635c FriendlyName: High performance)
// ***** BenchmarkRunner: Finish  *****

// * Export *
  benchmarking\comparisons\net10\herald\results\results\MMP.Herald.OSS.Benchmarks.Comparisons.HeraldRow.RejectedCallBenchmarks-report.csv
  benchmarking\comparisons\net10\herald\results\results\MMP.Herald.OSS.Benchmarks.Comparisons.HeraldRow.RejectedCallBenchmarks-report-github.md
  benchmarking\comparisons\net10\herald\results\results\MMP.Herald.OSS.Benchmarks.Comparisons.HeraldRow.RejectedCallBenchmarks-report.html

// * Detailed results *
RejectedCallBenchmarks.Herald_Rejected_Trace_ZeroProps: DefaultJob
Runtime = .NET 10.0.7 (10.0.726.21808), X64 RyuJIT AVX2; GC = Concurrent Server
Mean = 0.003 ns, StdErr = 0.001 ns (36.20%), N = 14, StdDev = 0.004 ns
Min = 0.000 ns, Q1 = 0.000 ns, Median = 0.001 ns, Q3 = 0.005 ns, Max = 0.013 ns
IQR = 0.005 ns, LowerFence = -0.007 ns, UpperFence = 0.012 ns
ConfidenceInterval = [-0.001 ns; 0.007 ns] (CI 99.9%), Margin = 0.004 ns (152.80% of Mean)
Skewness = 1.36, Kurtosis = 4.18, MValue = 2.75
-------------------- Histogram --------------------
[-0.001 ns ; 0.004 ns) | @@@@@@@@@
[ 0.004 ns ; 0.007 ns) | @@@@
[ 0.007 ns ; 0.011 ns) | 
[ 0.011 ns ; 0.015 ns) | @
---------------------------------------------------

RejectedCallBenchmarks.Herald_Rejected_Debug_ZeroProps: DefaultJob
Runtime = .NET 10.0.7 (10.0.726.21808), X64 RyuJIT AVX2; GC = Concurrent Server
Mean = 0.002 ns, StdErr = 0.001 ns (48.92%), N = 14, StdDev = 0.003 ns
Min = 0.000 ns, Q1 = 0.000 ns, Median = 0.000 ns, Q3 = 0.003 ns, Max = 0.011 ns
IQR = 0.003 ns, LowerFence = -0.005 ns, UpperFence = 0.008 ns
ConfidenceInterval = [-0.002 ns; 0.005 ns] (CI 99.9%), Margin = 0.004 ns (206.50% of Mean)
Skewness = 1.57, Kurtosis = 4.43, MValue = 2.6
-------------------- Histogram --------------------
[-0.002 ns ; 0.002 ns) | @@@@@@@@@@
[ 0.002 ns ; 0.006 ns) | @@@
[ 0.006 ns ; 0.009 ns) | 
[ 0.009 ns ; 0.013 ns) | @
---------------------------------------------------

RejectedCallBenchmarks.Herald_Rejected_Info_ZeroProps: DefaultJob
Runtime = .NET 10.0.7 (10.0.726.21808), X64 RyuJIT AVX2; GC = Concurrent Server
Mean = 0.007 ns, StdErr = 0.002 ns (23.99%), N = 13, StdDev = 0.006 ns
Min = 0.000 ns, Q1 = 0.003 ns, Median = 0.008 ns, Q3 = 0.010 ns, Max = 0.023 ns
IQR = 0.007 ns, LowerFence = -0.008 ns, UpperFence = 0.020 ns
ConfidenceInterval = [-0.000 ns; 0.015 ns] (CI 99.9%), Margin = 0.008 ns (103.56% of Mean)
Skewness = 0.96, Kurtosis = 3.46, MValue = 4
-------------------- Histogram --------------------
[-0.004 ns ; 0.003 ns) | @@@
[ 0.003 ns ; 0.010 ns) | @@@@@@@
[ 0.010 ns ; 0.015 ns) | @@
[ 0.015 ns ; 0.019 ns) | 
[ 0.019 ns ; 0.027 ns) | @
---------------------------------------------------

RejectedCallBenchmarks.Herald_Rejected_Debug_OneProp: DefaultJob
Runtime = .NET 10.0.7 (10.0.726.21808), X64 RyuJIT AVX2; GC = Concurrent Server
Mean = 0.222 ns, StdErr = 0.003 ns (1.35%), N = 15, StdDev = 0.012 ns
Min = 0.203 ns, Q1 = 0.214 ns, Median = 0.223 ns, Q3 = 0.232 ns, Max = 0.238 ns
IQR = 0.018 ns, LowerFence = 0.187 ns, UpperFence = 0.260 ns
ConfidenceInterval = [0.210 ns; 0.234 ns] (CI 99.9%), Margin = 0.012 ns (5.58% of Mean)
Skewness = -0.19, Kurtosis = 1.6, MValue = 2.67
-------------------- Histogram --------------------
[0.201 ns ; 0.213 ns) | @@@@
[0.213 ns ; 0.221 ns) | @@
[0.221 ns ; 0.233 ns) | @@@@@@
[0.233 ns ; 0.244 ns) | @@@
---------------------------------------------------

RejectedCallBenchmarks.Herald_Rejected_Debug_FourProps: DefaultJob
Runtime = .NET 10.0.7 (10.0.726.21808), X64 RyuJIT AVX2; GC = Concurrent Server
Mean = 0.214 ns, StdErr = 0.003 ns (1.32%), N = 13, StdDev = 0.010 ns
Min = 0.202 ns, Q1 = 0.206 ns, Median = 0.216 ns, Q3 = 0.218 ns, Max = 0.239 ns
IQR = 0.012 ns, LowerFence = 0.187 ns, UpperFence = 0.237 ns
ConfidenceInterval = [0.202 ns; 0.226 ns] (CI 99.9%), Margin = 0.012 ns (5.68% of Mean)
Skewness = 0.81, Kurtosis = 3.22, MValue = 3.43
-------------------- Histogram --------------------
[0.199 ns ; 0.212 ns) | @@@@@
[0.212 ns ; 0.223 ns) | @@@@@@@
[0.223 ns ; 0.233 ns) | 
[0.233 ns ; 0.245 ns) | @
---------------------------------------------------

RejectedCallBenchmarks.Herald_Accepted_Warn_ZeroProps: DefaultJob
Runtime = .NET 10.0.7 (10.0.726.21808), X64 RyuJIT AVX2; GC = Concurrent Server
Mean = 25.157 ns, StdErr = 0.045 ns (0.18%), N = 14, StdDev = 0.167 ns
Min = 24.986 ns, Q1 = 25.053 ns, Median = 25.093 ns, Q3 = 25.239 ns, Max = 25.563 ns
IQR = 0.186 ns, LowerFence = 24.774 ns, UpperFence = 25.518 ns
ConfidenceInterval = [24.968 ns; 25.345 ns] (CI 99.9%), Margin = 0.189 ns (0.75% of Mean)
Skewness = 1.1, Kurtosis = 3, MValue = 2
-------------------- Histogram --------------------
[24.895 ns ; 25.654 ns) | @@@@@@@@@@@@@@
---------------------------------------------------

// * Summary *

BenchmarkDotNet v0.14.0, Windows 11 (10.0.26200.8246)
12th Gen Intel Core i9-12900K, 1 CPU, 24 logical and 16 physical cores
.NET SDK 10.0.203
  [Host]     : .NET 10.0.7 (10.0.726.21808), X64 RyuJIT AVX2
  DefaultJob : .NET 10.0.7 (10.0.726.21808), X64 RyuJIT AVX2


| Method                          | Mean       | Error     | StdDev    | Median     | Ratio | Allocated | Alloc Ratio |
|-------------------------------- |-----------:|----------:|----------:|-----------:|------:|----------:|------------:|
| Herald_Rejected_Trace_ZeroProps |  0.0028 ns | 0.0043 ns | 0.0038 ns |  0.0009 ns | 0.000 |         - |          NA |
| Herald_Rejected_Debug_ZeroProps |  0.0018 ns | 0.0036 ns | 0.0032 ns |  0.0000 ns | 0.000 |         - |          NA |
| Herald_Rejected_Info_ZeroProps  |  0.0073 ns | 0.0075 ns | 0.0063 ns |  0.0084 ns | 0.000 |         - |          NA |
| Herald_Rejected_Debug_OneProp   |  0.2220 ns | 0.0124 ns | 0.0116 ns |  0.2230 ns | 0.009 |         - |          NA |
| Herald_Rejected_Debug_FourProps |  0.2141 ns | 0.0122 ns | 0.0102 ns |  0.2163 ns | 0.009 |         - |          NA |
| Herald_Accepted_Warn_ZeroProps  | 25.1565 ns | 0.1887 ns | 0.1672 ns | 25.0928 ns | 1.000 |         - |          NA |

// * Warnings *
ZeroMeasurement
  RejectedCallBenchmarks.Herald_Rejected_Trace_ZeroProps: Default -> The method duration is indistinguishable from the empty method duration
  RejectedCallBenchmarks.Herald_Rejected_Debug_ZeroProps: Default -> The method duration is indistinguishable from the empty method duration
  RejectedCallBenchmarks.Herald_Rejected_Info_ZeroProps: Default  -> The method duration is indistinguishable from the empty method duration

// * Hints *
Outliers
  RejectedCallBenchmarks.Herald_Rejected_Trace_ZeroProps: Default -> 1 outlier  was  removed (1.51 ns)
  RejectedCallBenchmarks.Herald_Rejected_Info_ZeroProps: Default  -> 2 outliers were removed (1.51 ns, 1.55 ns)
  RejectedCallBenchmarks.Herald_Rejected_Debug_FourProps: Default -> 2 outliers were removed (1.74 ns, 1.77 ns)
  RejectedCallBenchmarks.Herald_Accepted_Warn_ZeroProps: Default  -> 1 outlier  was  removed (27.18 ns)

// * Legends *
  Mean        : Arithmetic mean of all measurements
  Error       : Half of 99.9% confidence interval
  StdDev      : Standard deviation of all measurements
  Median      : Value separating the higher half of all measurements (50th percentile)
  Ratio       : Mean of the ratio distribution ([Current]/[Baseline])
  Allocated   : Allocated memory per single operation (managed only, inclusive, 1KB = 1024B)
  Alloc Ratio : Allocated memory ratio distribution ([Current]/[Baseline])
  1 ns        : 1 Nanosecond (0.000000001 sec)

// * Diagnostic Output - MemoryDiagnoser *


// ***** BenchmarkRunner: End *****
Run time: 00:04:01 (241.76 sec), executed benchmarks: 6

Global total time: 00:06:54 (414.39 sec), executed benchmarks: 14
// * Artifacts cleanup *
Artifacts cleanup is finished
